<?xml version="1.0" encoding="utf-8"?>
<eml:eml xmlns:eml="https://eml.ecoinformatics.org/eml-2.2.0" xmlns:xsi="http://www.w3.org/2001/XMLSchema-instance"
         xsi:schemaLocation="https://eml.ecoinformatics.org/eml-2.2.0 https://rs.gbif.org/schema/eml-gbif-profile/1.3/eml.xsd"
packageId="10.15468/dl.4p8rt5"  system="http://gbif.org" scope="system"
xml:lang="en">
    <dataset>
        <alternateIdentifier>0021001-241024112534372</alternateIdentifier>
        <title>GBIF Occurrence Download 10.15468/dl.4p8rt5</title>
        <creator>
            <individualName>
                <surName>GBIF Download Service</surName>
            </individualName>
            <electronicMailAddress>support@gbif.org</electronicMailAddress>
        </creator>
        <metadataProvider>
            <individualName>
                <surName>GBIF Download Service</surName>
            </individualName>
            <electronicMailAddress>support@gbif.org</electronicMailAddress>
        </metadataProvider>
        <pubDate>
                2024-11-04
        </pubDate>
        <language>ENGLISH</language>
        <abstract>
            A dataset containing all occurrences available in GBIF matching the query:
{
  "and" : [
    "TaxonKey is Vaccinium myrsinites Lam.",
    "BasisOfRecord is one of (Specimen, Human Observation, Occurrence evidence, Material sample, Living Specimen)",
    "HasCoordinate is true",
    "Country is one of (Canada, United States of America, Mexico)"
  ]
}
The dataset includes records from the following constituent datasets. The full metadata for each constituent is also included in this archive:
1 records from Eastern Michigan University Herbarium
2 records from Plant Resources Center
1 records from University of Vermont, Pringle Herbarium
8 records from University of Louisiana at Monroe Herbarium, R. Dale Thomas Collection
1 records from Vanderbilt University Herbarium
30 records from Botanical Research Institute of Texas, Philecology Herbarium
6 records from Mississippi State University
12 records from Academy of Natural Sciences of Drexel University
1 records from Putnam Museum and Science Center
1 records from University of Michigan Herbarium
1 records from Digitalización y Sistematización de las Colecciones Biológicas Nacionales del Instituto de Biología, UNAM (Plantas vasculares)
10 records from Tall Timbers Research Station and Land Conservancy
1 records from Central Michigan University Herbarium
12 records from Tropicos MO Specimen Data
40 records from North Carolina State University Vascular Plant Herbarium
2 records from SBBG - Clifton Smith Herbarium, Santa Barbara Botanic Garden
2 records from Louisiana State University, Shirley C. Tucker Herbarium - Vascular Plants
1 records from Kathryn Kalmbach Herbarium
3 records from United States National Plant Germplasm System Collection
2 records from Angelo State University Herbarium
6 records from University of Georgia Herbarium
1 records from University of Mississippi, Thomas M. Pullen Herbarium
1 records from University of Arkansas at Monticello
3 records from Geneva Herbarium – De Candolle's Prodromus (G-DC)
22 records from G. S. Torrey Herbarium at the University of Connecticut (CONN)
2 records from Saint Ambrose University Herbarium
2 records from Deaver Herbarium (Northern Arizona University)
1 records from University of South Carolina, A. C. Moore Herbarium Vascular Plant Collection
10 records from A global database for the distributions of crop wild relatives
1 records from NEON Biorepository Terrestrial Plant Collection (Canopy Foliage)
47 records from Robert K. Godfrey Herbarium  at Florida State University
8 records from University of North Carolina at Chapel Hill Herbarium: Vascular Plants
4 records from NEON Biorepository Terrestrial Plant Collection (Herbarium Vouchers)
34 records from Fairchild Tropical Botanic Garden (FTG)
1 records from University of South Carolina Salkehatchie Herbarium
17 records from Carnegie Museum of Natural History Herbarium
4 records from UCR - University of California, Riverside Herbarium - Vascular Plants
2 records from RSA - California Botanic Garden Herbarium
3 records from Clemson University Herbarium
4 records from Pl@ntNet observations
21 records from University of Florida Herbarium (FLAS)
146 records from University of South Florida Herbarium (USF)
24 records from Pl@ntNet automatically identified occurrences
5 records from Mississippi Museum of Natural Science Herbarium
35 records from The New York Botanical Garden Herbarium (NY)
10 records from Auburn University, John D. Freeman Herbarium
8 records from University of Alabama Herbarium
1 records from Desert Botanical Garden Herbarium
2 records from University of Tennessee Vascular Herbarium
2288 records from iNaturalist Research-grade Observations

        </abstract>
        <contact>
            <individualName>
                <surName>GBIF Download Service</surName>
            </individualName>
            <electronicMailAddress>support@gbif.org</electronicMailAddress>
        </contact>

    </dataset>

    <additionalMetadata>
        <metadata>
            <gbif>
                <dateStamp>2024-11-04T13:38:29Z</dateStamp>
                <citation identifier="10.15468/dl.4p8rt5">GBIF Occurrence Download 10.15468/dl.4p8rt5</citation>
                <physical>
                    <objectName>Darwin Core Archive</objectName>
                    <characterEncoding>UTF-8</characterEncoding>
                    <dataFormat>
                        <externallyDefinedFormat>
                            <formatName>Darwin Core Archive</formatName>
                        </externallyDefinedFormat>
                    </dataFormat>
                    <distribution>
                        <online>
                            <url function="download">https://api.gbif.org/v1/occurrence/download/request/0021001-241024112534372.zip</url>
                        </online>
                    </distribution>
                </physical>
            </gbif>
        </metadata>
    </additionalMetadata>
    </eml:eml>
