<?xml version="1.0" encoding="utf-8"?>
<eml:eml xmlns:eml="https://eml.ecoinformatics.org/eml-2.2.0" xmlns:xsi="http://www.w3.org/2001/XMLSchema-instance"
         xsi:schemaLocation="https://eml.ecoinformatics.org/eml-2.2.0 https://rs.gbif.org/schema/eml-gbif-profile/1.3/eml.xsd"
packageId="10.15468/dl.gnkx2n"  system="http://gbif.org" scope="system"
xml:lang="en">
    <dataset>
        <alternateIdentifier>0020981-241024112534372</alternateIdentifier>
        <title>GBIF Occurrence Download 10.15468/dl.gnkx2n</title>
        <creator>
            <individualName>
                <surName>GBIF Download Service</surName>
            </individualName>
            <electronicMailAddress>support@gbif.org</electronicMailAddress>
        </creator>
        <metadataProvider>
            <individualName>
                <surName>GBIF Download Service</surName>
            </individualName>
            <electronicMailAddress>support@gbif.org</electronicMailAddress>
        </metadataProvider>
        <pubDate>
                2024-11-04
        </pubDate>
        <language>ENGLISH</language>
        <abstract>
            A dataset containing all occurrences available in GBIF matching the query:
{
  "and" : [
    "TaxonKey is one of (Vaccinium corymbosum L., Vaccinium corymbodendron Ruiz &amp; Pav. ex Dunal, Vaccinium caesariense Mack.)",
    "BasisOfRecord is one of (Specimen, Human Observation, Occurrence evidence, Material sample, Living Specimen)",
    "HasCoordinate is true",
    "Country is one of (Canada, United States of America, Mexico)"
  ]
}
The dataset includes records from the following constituent datasets. The full metadata for each constituent is also included in this archive:
10 records from Eastern Michigan University Herbarium
19 records from University of British Columbia Herbarium (UBC) - Vascular Plant Collection
12 records from World Plant Specimen from the Herbaria in China
55 records from Mohonk Preserve Historical Observational Index Card Natural History Data
5 records from University of British Columbia Botanical Garden Collections (UBCBG)
51 records from Plant Resources Center
127 records from University of Vermont, Pringle Herbarium
13 records from University of Louisiana at Monroe Herbarium, R. Dale Thomas Collection
30 records from Western Carolina University Herbarium
7 records from Silver Bluff Audubon Center Herbarium
33 records from Vanderbilt University Herbarium
73 records from Mississippi State University
3 records from Putnam Museum and Science Center
4 records from Michigan State University Herbarium Vascular Plants
7 records from CHSC - Ahart Herbarium, CSU Chico - Vascular Plants
2 records from Morton Arboretum - Vascular Plants
42 records from Tall Timbers Research Station and Land Conservancy
64 records from Rutgers University, Chrysler Herbarium
24 records from University of Southern Mississippi Herbarium
7 records from Pittsburg State University, Theodore M. Sperry Herbarium
1 records from Herbarium Horti Botanici Pisani (PI), Sistema Museale di Ateneo, Università di Pisa
5 records from Central Michigan University Herbarium
62 records from Tropicos MO Specimen Data
3 records from Maryland Department of Natural Resources
4 records from SBBG - Clifton Smith Herbarium, Santa Barbara Botanic Garden
140 records from United States National Plant Germplasm System Collection
9 records from Angelo State University Herbarium
2 records from Royal Botanical Gardens Herbarium (HAM)
2 records from Western Illinois University, ​R. M. Myers Herbarium
14 records from University of Mississippi, Thomas M. Pullen Herbarium
1 records from Eastern Washington University Herbarium Vascular Plants.
1 records from Naturalis Biodiversity Center (NL) - Botany
1 records from Pacific Northwest Herbarium (Western Washington University, Washington, USA)
6 records from Geneva Herbarium – De Candolle's Prodromus (G-DC)
4 records from Lord Fairfax Community College Herbarium
1 records from The vascular plants collection (P) at the Herbarium of the Muséum national d'Histoire Naturelle (MNHN - Paris)
1 records from HSC - Humboldt State University Vascular Plant Herbarium
6 records from Duke University Vascular Plant Collection
8 records from Intermountain Herbarium (Vasc. &amp; Algae)
12 records from Deaver Herbarium (Northern Arizona University)
62 records from University of South Carolina, A. C. Moore Herbarium Vascular Plant Collection
3 records from Royal Botanic Gardens, Kew - Herbarium Specimens
172 records from Robert K. Godfrey Herbarium  at Florida State University
1 records from Oakland University Herbarium Collection
112 records from NMNH Extant Specimen Records (USNM, US)
5 records from NCSM Herbarium Collection
8 records from University of Central Arkansas Herbarium
16 records from Royal Ontario Museum Green Plant Herbarium (TRT)
3 records from Tasmanian Herbarium (HO) AVH data
84 records from Harriet Irving Botanical Gardens (HIBG)
8 records from University of South Carolina Salkehatchie Herbarium
344 records from Carnegie Museum of Natural History Herbarium
24 records from University of Arkansas Herbarium
15 records from University of Idaho, Stillinger Herbarium Vascular Plants
4 records from The University and Jepson Herbaria -- Vascular Plants
15 records from RSA - California Botanic Garden Herbarium
3 records from NMNH Material Samples (USNM)
6 records from INSDC Sequences
41 records from Clemson University Herbarium
1 records from ALCB - Herbário Alexandre Leal Costa
36 records from E. C. Smith Herbarium (ACAD)
106 records from Botany Division, Yale Peabody Museum
105 records from Pl@ntNet observations
19 records from Delaware State University, Claude E. Phillips Herbarium
10 records from Appalachian State University, I. W. Carpenter, Jr. Herbarium
2 records from New Brunswick Museum - Vascular Plants
17 records from Mohonk Preserve Herbarium
137 records from Mississippi Museum of Natural Science Herbarium
2 records from Oregon State University Vascular Plant Collection
31 records from Auburn University, John D. Freeman Herbarium
80 records from University of Alabama Herbarium
1 records from Herbarium of Taiwan Forestry Research Institute
1 records from Desert Botanical Garden Herbarium
4264 records from iNaturalist Research-grade Observations
6 records from George Mason University, Ted R. Bradley Herbarium
3 records from Herbarium SUNY Oswego
1 records from University of Montana Herbarium
2 records from Oskarshamn herbarium (OHN)
12 records from UTEP Plants (Arctos)
290 records from Mohonk Preserve Historical Observational Biodiversity Data
2 records from naturgucker
2 records from Natural History Collections of the Faculty of Biology AMU
500 records from Botanical Research Institute of Texas, Philecology Herbarium
1 records from Marshall University
1024 records from Academy of Natural Sciences of Drexel University
6 records from South Dakota State University, C. A. Taylor Herbarium
102 records from University of Michigan Herbarium
1 records from West Virginia Natural Heritage Program Herbarium
65 records from Baylor University Herbarium
7 records from MPM Milwaukee Public Museum Herbarium
4 records from Bell Museum plants
5 records from Tennessee Technological University, Hollister Herbarium
3 records from Texas Tech University, E. L. Reed Herbarium
5 records from Arkansas Tech University Herbarium
1 records from Fungus Collections at Staatliches Museum für Naturkunde Karlsruhe (Herbarium KR)
313 records from North Carolina State University Vascular Plant Herbarium
4 records from MBM herbarium - Museu Botânico Municipal \ Curitiba - Herbário Virtual REFLORA
1 records from Observation.org, Nature data from around the World
50 records from Louisiana State University, Shirley C. Tucker Herbarium - Vascular Plants
5 records from Kathryn Kalmbach Herbarium
2 records from TUR Vascular plant collections of the Turku University, Herbarium generale
1 records from Portland State Universtiy Herbarium Vascular Plants
11 records from East Tennessee State University, John C. Warden Herbarium
44 records from University of Georgia Herbarium
2 records from WELT Herbarium at Museum of New Zealand Te Papa Tongarewa
172 records from Muhlenberg College
26 records from MVSC; The James C. Parks Herbarium at Millersville University
32 records from Staten Island Museum
5 records from University of Arkansas at Monticello
4 records from CHAS Botany Collection (Arctos)
4 records from SFV - California State University, Northridge
352 records from G. S. Torrey Herbarium at the University of Connecticut (CONN)
1 records from West Virginia University Herbarium
1 records from Australian Tropical Herbarium (CNS) AVH data
6 records from Eastern Kentucky University, Ronald L. Jones Herbarium
1 records from IAC - Herbário do Instituto Agronômico de Campinas
5 records from Eastern Illinois University, Stover-Ebinger Herbarium
33 records from Herbier du Québec (QUE) - Collection de plantes vasculaires
2 records from Saint Ambrose University Herbarium
7 records from Royal BC Museum - Herbarium (V)
969 records from A global database for the distributions of crop wild relatives
24 records from Herbier Louis-Marie (QFA) - Collection de plantes vasculaires
100 records from University of North Carolina at Chapel Hill Herbarium: Vascular Plants
21 records from Arkansas Natural Heritage Commission Herbarium
1 records from Campbell University Herbarium
6 records from Vascular Plant Collection - University of Washington Herbarium (WTU)
3 records from NEON Biorepository Terrestrial Plant Collection (Herbarium Vouchers)
3 records from Washington State University Marion Ownbey Herbarium
15 records from R. L. McGregor Herbarium Vascular Plants Collection
39 records from Fairchild Tropical Botanic Garden (FTG)
17 records from UCR - University of California, Riverside Herbarium - Vascular Plants
38 records from Tropicos Specimens Non-MO
89 records from Morris Arboretum of University of Pennsylvania
1 records from The Erysiphales Collection at the Botanische Staatssammlung München
14 records from Canadian Museum of Nature Herbarium
3 records from LOB - California State University, Long Beach Herbarium
60 records from University of Florida Herbarium (FLAS)
2 records from BRFC Black Rock Forest Consortium Herbarium
135 records from University of South Florida Herbarium (USF)
6 records from Howard University Herbarium
87 records from Pl@ntNet automatically identified occurrences
549 records from The New York Botanical Garden Herbarium (NY)
49 records from Marie-Victorin Herbarium (MT) - Plantes vasculaires
1 records from Pacific Lutheran University Vascular Plants
7 records from University of Tennessee Vascular Herbarium
39 records from Old Dominion University Herbarium
1 records from Weber State University Herbarium

        </abstract>
        <contact>
            <individualName>
                <surName>GBIF Download Service</surName>
            </individualName>
            <electronicMailAddress>support@gbif.org</electronicMailAddress>
        </contact>

    </dataset>

    <additionalMetadata>
        <metadata>
            <gbif>
                <dateStamp>2024-11-04T13:27:01Z</dateStamp>
                <citation identifier="10.15468/dl.gnkx2n">GBIF Occurrence Download 10.15468/dl.gnkx2n</citation>
                <physical>
                    <objectName>Darwin Core Archive</objectName>
                    <characterEncoding>UTF-8</characterEncoding>
                    <dataFormat>
                        <externallyDefinedFormat>
                            <formatName>Darwin Core Archive</formatName>
                        </externallyDefinedFormat>
                    </dataFormat>
                    <distribution>
                        <online>
                            <url function="download">https://api.gbif.org/v1/occurrence/download/request/0020981-241024112534372.zip</url>
                        </online>
                    </distribution>
                </physical>
            </gbif>
        </metadata>
    </additionalMetadata>
    </eml:eml>
