<?xml version="1.0" encoding="utf-8"?>
<eml:eml xmlns:eml="https://eml.ecoinformatics.org/eml-2.2.0" xmlns:xsi="http://www.w3.org/2001/XMLSchema-instance"
         xsi:schemaLocation="https://eml.ecoinformatics.org/eml-2.2.0 https://rs.gbif.org/schema/eml-gbif-profile/1.3/eml.xsd"
packageId="0b8c492d-e69a-4d2a-81f2-dc4ea94f6b08"  system="http://gbif.org" scope="system"
xml:lang="en">
    <dataset>
        <alternateIdentifier>10.5886/cj3nbd</alternateIdentifier>
        <alternateIdentifier>https://data.canadensys.net/ipt/resource?r=seed-pollen-ram</alternateIdentifier>
        <title>Quaternary Environments Collections (Royal Alberta Museum)</title>
        <creator>
            <individualName>
                <givenName>Diana</givenName>
                <surName>Tirlea</surName>
            </individualName>
            <organizationName>Royal Alberta Museum</organizationName>
            <positionName>Assistant Curator</positionName>
            <address>
                <deliveryPoint>9810 103a Ave NW</deliveryPoint>
                <city>Edmonton</city>
                <administrativeArea>Alberta</administrativeArea>
                <postalCode>T5J 0G2</postalCode>
                <country>CANADA</country>
            </address>
            <phone>8254686000</phone>
            <electronicMailAddress>diana.tirlea@gov.ab.ca</electronicMailAddress>
            <onlineUrl>https://royalalbertamuseum.ca/</onlineUrl>
        </creator>
        <metadataProvider>
            <individualName>
                <givenName>Diana</givenName>
                <surName>Tirlea</surName>
            </individualName>
            <organizationName>Royal Alberta Museum</organizationName>
            <positionName>Assistant Curator</positionName>
            <address>
                <deliveryPoint>9810 103a Ave NW</deliveryPoint>
                <city>Edmonton</city>
                <administrativeArea>Alberta</administrativeArea>
                <postalCode>T5J 0G2</postalCode>
                <country>CANADA</country>
            </address>
            <phone>8254686000</phone>
            <electronicMailAddress>diana.tirlea@gov.ab.ca</electronicMailAddress>
            <onlineUrl>https://royalalbertamuseum.ca/</onlineUrl>
        </metadataProvider>
        <associatedParty>
            <individualName>
                <givenName>Anthony</givenName>
                <surName>Worman</surName>
            </individualName>
            <organizationName>Royal Alberta Museum</organizationName>
            <positionName>Manager, Collections Services</positionName>
            <address>
                <deliveryPoint>9810 103a Ave NW</deliveryPoint>
                <city>Edmonton</city>
                <administrativeArea>Alberta</administrativeArea>
                <postalCode>T5J 0G2</postalCode>
                <country>CANADA</country>
            </address>
            <phone>+1 8254686210</phone>
            <electronicMailAddress>anthony.worman@gov.ab.ca</electronicMailAddress>
            <onlineUrl>https://royalalbertamuseum.ca/</onlineUrl>
            <role>USER</role>
        </associatedParty>
        <associatedParty>
            <individualName>
                <givenName>Alwynne</givenName>
                <surName>Beaudoin</surName>
            </individualName>
            <organizationName>Royal Alberta Museum</organizationName>
            <positionName>Director, Curatorial and Research</positionName>
            <address>
                <deliveryPoint>9810 103a Ave NW</deliveryPoint>
                <city>Edmonton</city>
                <administrativeArea>Alberta</administrativeArea>
                <postalCode>T5J 0G2</postalCode>
                <country>CANADA</country>
            </address>
            <phone>+1 8254686170</phone>
            <electronicMailAddress>alwynne.beaudoin@gov.ab.ca</electronicMailAddress>
            <role>CURATOR</role>
        </associatedParty>
        <pubDate>
                2023-09-13
        </pubDate>
        <language>ENGLISH</language>
        <abstract>
            The Quaternary Environments (QE) lab has three types of collections, the Reference, the Working, and the Archival.

The Working and Archival Collections are comprised of thousands of recovered plant microfossils, such as pollen, and plant and animal macrofossils such as seeds, leaves, and snail shells. These plant remains are associated with current (Working) and former (Archival) student and research-based projects from over 380 study sites throughout Alberta, Canada. The projects and associated material spans the postglacial interval, about 13,000 years ago to the present. The Reference Collections are comprised of 10 collections represented by modern and palaeoenvironmental samples of plant and animal remains, including the Pollen, Seed, and Mollusc Reference Collections. These small specimens, anywhere from microscopic to a few millimeters, can provide us with extensive information about past forests and habitats, peoples’ use of the landscape and plants (e.g., berry collecting), and changes in the environment over time. Research conducted and utilizing these collections at the museum currently focuses on the reconstruction of past landscapes in the Canadian Rockies during the past 12,000 years through the identification of subfossil pollen grains and plant macrofossils from lake sediments, organic deposits, 7,000 years old ice patches, and 10,000 years old busy-tailed woodrat middens. We can also use Reference Collections to conduct modern studies such as the type of pollen transported by pollinators in the prairies, and what type of pollen mites ingest for food. 

Working Collections: soil, sediment, and ice samples, including lake sediment cores and glacial ice cores. Study sites span the postglacial interval (about 13,000 years to present) and are mainly located in Alberta, Canada. 

Archival Collections: specimens (e.g., seeds, pollen, charcoal, tephra, and shells) extracted from samples, and identified and counted. Most specimens are microscopic to few millimeters and numerous (few to thousands of specimens per sample), with some larger specimens such as wood logs.

Seed Reference Collection: 2,858 samples comprising seeds and fruit from 1,339 unique species (57% of Alberta&amp;#39;s total recorded vascular plant species), average seed/fruit size is 3 mm.

Pollen Reference Collection: 1057 pollen slides from 636 unique species (27% of Alberta&amp;#39;s total recorded vascular plant species, both native and established introduced species), average pollen grain size is 35 microns (0.035 mm).

Mollusc Reference Collection: Over 32,125 shell specimens of mainly aquatic snails native to Alberta’s Parkland Natural Region.
        </abstract>
        <keywordSet>
            <keyword>Occurrence</keyword>
            <keywordThesaurus>GBIF Dataset Type Vocabulary: http://rs.gbif.org/vocabulary/gbif/dataset_type.xml</keywordThesaurus>
        </keywordSet>
        <keywordSet>
            <keyword>Leaves</keyword>
            <keyword>Macrofossils</keyword>
            <keyword>Fruit</keyword>
            <keyword>Seed</keyword>
            <keyword>Museum Collections</keyword>
            <keyword>Palaeobotany</keyword>
            <keyword>Pollen</keyword>
            <keyword>Vascular Plants</keyword>
            <keyword>Microfossils</keyword>
            <keyword>Palaeoenvironment</keyword>
            <keywordThesaurus>n/a</keywordThesaurus>
        </keywordSet>
        <keywordSet>
            <keyword>Specimen</keyword>
            <keywordThesaurus>GBIF Dataset Subtype Vocabulary: http://rs.gbif.org/vocabulary/gbif/dataset_subtype.xml</keywordThesaurus>
        </keywordSet>
        <intellectualRights>
            <para>This work is licensed under a <ulink url="http://creativecommons.org/licenses/by-nc/4.0/legalcode"><citetitle>Creative Commons Attribution Non Commercial (CC-BY-NC) 4.0 License</citetitle></ulink>.</para>
        </intellectualRights>
        <licensed>
            <licenseName>Creative Commons Attribution Non Commercial 4.0 International</licenseName>
            <url>https://spdx.org/licenses/CC-BY-NC-4.0.html</url>
            <identifier>CC-BY-NC-4.0</identifier>
        </licensed>
        <distribution scope="document">
            <online>
                <url function="download">https://data.canadensys.net/ipt/archive.do?r=seed-pollen-ram</url>
            </online>
        </distribution>
        <coverage>
            <geographicCoverage>
                <geographicDescription>The QE collections are primarily comprised of specimens collected from Western and Central Canada with primary focus on specimens from Alberta (90%), followed by Saskatchewan (6%), British Columbia (2%), and other parts of Canada (&lt;1%). Limited specimens are available from outside of Canada (1.5%; USA, Europe, Africa). Many of the species collected are distributed in other parts of Canada and North America and include native, cultivated, and introduced species. Collections are obtained from field work within Alberta and adjacent provinces, subsampling of registered herbarium material or other research-based institutes in Canada, and through donations (e.g., Botanical trades via Index Seminum (Seed Indexes) catalogues).</geographicDescription>
                <boundingCoordinates>
                    <westBoundingCoordinate>-146.25</westBoundingCoordinate>
                    <eastBoundingCoordinate>-50.801</eastBoundingCoordinate>
                    <northBoundingCoordinate>70.437</northBoundingCoordinate>
                    <southBoundingCoordinate>40.313</southBoundingCoordinate>
                </boundingCoordinates>
            </geographicCoverage>
            <temporalCoverage>
                <rangeOfDates>
                    <beginDate>
                        <calendarDate>                1943-07-01
</calendarDate>
                    </beginDate>
                    <endDate>
                        <calendarDate>                2023-09-01
</calendarDate>
                    </endDate>
                </rangeOfDates>
            </temporalCoverage>
        </coverage>
        <maintenance>
            <description>
                <para>Collections associated with this resource are continually being updated and new specimens being added. Annual updates to the resource will be made with added entities as well as updates to taxonomy, collection data, and descriptions.</para>
            </description>
            <maintenanceUpdateFrequency>annually</maintenanceUpdateFrequency>
        </maintenance>
        <contact>
            <individualName>
                <givenName>Diana</givenName>
                <surName>Tirlea</surName>
            </individualName>
            <organizationName>Royal Alberta Museum</organizationName>
            <positionName>Assistant Curator</positionName>
            <address>
                <deliveryPoint>9810 103a Ave NW</deliveryPoint>
                <city>Edmonton</city>
                <administrativeArea>Alberta</administrativeArea>
                <postalCode>T5J 0G2</postalCode>
                <country>CANADA</country>
            </address>
            <phone>+1 8254686000</phone>
            <electronicMailAddress>diana.tirlea@gov.ab.ca</electronicMailAddress>
            <onlineUrl>https://royalalbertamuseum.ca/</onlineUrl>
        </contact>
        <contact>
            <individualName>
                <givenName>Christina</givenName>
                <surName>Barron-Ortiz</surName>
            </individualName>
            <organizationName>Royal Alberta Museum</organizationName>
            <positionName>Acting Curator of Quaternary Sciences</positionName>
            <address>
                <deliveryPoint>9810 103a Ave NW</deliveryPoint>
                <city>Edmonton</city>
                <administrativeArea>Alberta</administrativeArea>
                <postalCode>T5J 0G2</postalCode>
                <country>CANADA</country>
            </address>
            <phone>+1 8254686000</phone>
            <electronicMailAddress>Christina.Barron-Ortiz@gov.ab.ca</electronicMailAddress>
            <onlineUrl>https://royalalbertamuseum.ca/</onlineUrl>
        </contact>
        <contact>
            <individualName>
                <givenName>Anthony</givenName>
                <surName>Worman</surName>
            </individualName>
            <organizationName>Royal Alberta Museum</organizationName>
            <positionName>Manager, Collections Services</positionName>
            <address>
                <deliveryPoint>9810 103a Ave NW</deliveryPoint>
                <city>Edmonton</city>
                <administrativeArea>Alberta</administrativeArea>
                <postalCode>T5J 0G2</postalCode>
                <country>CANADA</country>
            </address>
            <phone>+1 8254686210</phone>
            <electronicMailAddress>anthony.worman@gov.ab.ca</electronicMailAddress>
            <onlineUrl>https://royalalbertamuseum.ca/</onlineUrl>
        </contact>
        <contact>
            <individualName>
                <givenName>Alwynne</givenName>
                <surName>Beaudoin</surName>
            </individualName>
            <organizationName>Royal Alberta Museum</organizationName>
            <positionName>Director, Curatorial and Research</positionName>
            <address>
                <deliveryPoint>9810 103a Ave NW</deliveryPoint>
                <city>Edmonton</city>
                <administrativeArea>Alberta</administrativeArea>
                <postalCode>T5J 0G2</postalCode>
                <country>CANADA</country>
            </address>
            <phone>+1 8254686170</phone>
            <electronicMailAddress>alwynne.beaudoin@gov.ab.ca</electronicMailAddress>
        </contact>
        <methods>
            <methodStep>
                <description>
                    <para>See Sampling Description</para>
                </description>
            </methodStep>
            <sampling>
                <studyExtent>
                    <description>
                        <para>Various sites from primarily Alberta, Canada. The QE Reference Collections are used for species identification of recovered material from palaeoenvironmental projects. These projects are primarily focused on the reconstruction of landscapes, environments, and plant communities during the past 12,000 years in Alberta. Occurrences in this database are associated with plant seeds, fruit, pollen, and other plant fragments accessioned in the QE Reference Collections. The Occurrences here excludes palaeoenvironmental plant material sampled from lake sediment cores, wetland cores, sediment, and ice.</para>
                    </description>
                </studyExtent>
                <samplingDescription>
                    <para>Sampling for modern Reference material is based on targeting dominate species occurring at a study site to compare the modern landscapes to past landscapes (data from sediment and ice samples), and field work conducted by internal museum staff to sample plant material to fill in gaps in the current Reference Collections (e.g., aquatic vascular plants). 

Vegetation Materials Sampling Description (for seeds, fruit, pollen): 

1. Plants with mature seeds and/or reproductive structures bearing pollen (dehisced anthers) will be identified, as well as a standard plant survey will be completed.
2. An inventory of the area will identify if there is a stable population of the targeted species. If less than 100 individual plants are in the area (within 1 ha), we will attempt to collect the target species at a different location.
3. Plant components (flowers, anthers, fruit, and seeds) will be collected. Approximately 20-40 flowers or seed-bearing structures, to a maximum of 10% of available flower heads, will be collected from several individual plants in the immediate area. Approximately 1-3 individual whole plants representing each target species will be collected as a voucher specimen. Plants collected will be less than 3% of that species occurring in that site. A whole voucher plant refers to the entire plant including the roots, stems, leaves and flowers and/or fruit. For large trees or shrubs, a clipping of the plant will be taken including a branch/twig, leaves and reproductive structures. If applicable, a piece approximately 10 cm X 10 cm of the bark will also be taken from large trees and shrubs using a sterile and cleaned knife.
4. In the field and during transport, plant material will be placed into labelled paper bag, plastic sample bag, and/or plant press.
5. Collected flowers will be stored in a refrigerator at our accommodations and at the Royal Alberta Museum (RAM) until processing for pollen. During transport to the RAM we will store plant material in a cooler with ice-packs. Collected whole plants will be stored in the herbarium press in a dry, well-ventilated location. The paper layers between the specimens will be replaced with dry ones on a daily bases.
6. Collected seed-bearing structures and voucher plant material will be stored in a dry, well-ventilated area until transport to the RAM where they will be processed for seeds / accessioned as voucher material. 
7. At the RAM, seeds will be air-dried prior to being stored and accessioned. 
8. At the RAM, flowers or pollen-bearing structures (cones) will be chemically processed to concentrate pollen. The pollen will then be placed in Silicone oil in labelled glass vials for long-term storage. 
9. At the RAM, all plant material will be treated for pests, fungal, and other microbial activity by freezing the dried material in a freezer (-25˚C to -30˚C) for 2-3 weeks.
10. Prepared samples are stored long-term in appropriate housing (silicone oil for pollen, borosilicate vials for seeds/fruit/leaves) in environmentally-controlled collection rooms and cabinets.</para>
                </samplingDescription>
            </sampling>
            <qualityControl>
                <description>
                    <para>Voucher plant specimens associated with seeds, fruit, and pollen Reference Collections are collected and transferred to registered herbaria; quality assessment of selected specimens are assessed regularly for quality and  identification confirmed</para>
                </description>
            </qualityControl>
        </methods>

            <project id="Various Projects">
                <title>Museum Collections</title>
                <personnel>
                    <individualName>
                    <givenName>Diana</givenName>
                    <surName>Tirlea</surName>
                    </individualName>
                    <role>CURATOR</role>
                </personnel>
                <abstract>
                    <para>The QE collections are related to museum activities such as research, field collections, and development of museum exhibits. Many of the Archived and Working collections are derived from student-based research projects in collaboration with external institutions (e.g., universities).</para>
                </abstract>
                <funding>
                    <para>Funding for internal research projects and field collections is primarily supported by the Government of Alberta (the Royal Alberta Museum is part of the GoA). Other research projects, supported by the museum and associated collections, are funded externally through applied research grants, etc..</para>
                </funding>
                <studyAreaDescription>
                    <descriptor name="generic" citableClassificationSystem="false">
                        <descriptorValue>The primary study area for collections and projects is within Alberta, Canada.</descriptorValue>
                    </descriptor>
                </studyAreaDescription>
                <designDescription>
                    <description>
                        <para>n/a - various projects</para>
                    </description>
                </designDescription>
            </project>
    </dataset>

    <additionalMetadata>
        <metadata>
            <gbif>
                <dateStamp>2024-11-04T13:52:30Z</dateStamp>
                <citation identifier="https://doi.org/10.5886/cj3nbd">Tirlea D (2023). Quaternary Environments Collections (Royal Alberta Museum). Royal Alberta Museum. Occurrence dataset https://doi.org/10.5886/cj3nbd accessed via GBIF.org on 2024-11-04.</citation>
                <collection>
                    
                    
                    <collectionName>Seed Reference Collection</collectionName>
                </collection>
                <specimenPreservationMethod>DRIED</specimenPreservationMethod>
                <jgtiCuratorialUnit>
                    <jgtiUnitType>Vials</jgtiUnitType>
                    <jgtiUnitRange>
                        <beginRange>1</beginRange>
                        <endRange>2,858</endRange>
                    </jgtiUnitRange>
                </jgtiCuratorialUnit>
            </gbif>
        </metadata>
    </additionalMetadata>
    </eml:eml>
