<?xml version="1.0" encoding="utf-8"?>
<eml:eml xmlns:eml="https://eml.ecoinformatics.org/eml-2.2.0" xmlns:xsi="http://www.w3.org/2001/XMLSchema-instance"
         xsi:schemaLocation="https://eml.ecoinformatics.org/eml-2.2.0 https://rs.gbif.org/schema/eml-gbif-profile/1.3/eml.xsd"
packageId="10.15468/dl.p7ct9x"  system="http://gbif.org" scope="system"
xml:lang="en">
    <dataset>
        <alternateIdentifier>0021015-241024112534372</alternateIdentifier>
        <title>GBIF Occurrence Download 10.15468/dl.p7ct9x</title>
        <creator>
            <individualName>
                <surName>GBIF Download Service</surName>
            </individualName>
            <electronicMailAddress>support@gbif.org</electronicMailAddress>
        </creator>
        <metadataProvider>
            <individualName>
                <surName>GBIF Download Service</surName>
            </individualName>
            <electronicMailAddress>support@gbif.org</electronicMailAddress>
        </metadataProvider>
        <pubDate>
                2024-11-04
        </pubDate>
        <language>ENGLISH</language>
        <abstract>
            A dataset containing all occurrences available in GBIF matching the query:
{
  "and" : [
    "TaxonKey is Vaccinium myrtillus L.",
    "BasisOfRecord is one of (Specimen, Human Observation, Occurrence evidence, Material sample, Living Specimen)",
    "HasCoordinate is true",
    "Country is one of (Canada, United States of America, Mexico)"
  ]
}
The dataset includes records from the following constituent datasets. The full metadata for each constituent is also included in this archive:
88 records from University of Montana Herbarium
1 records from H.A. Stephens Herbarium
7 records from University of British Columbia Herbarium (UBC) - Vascular Plant Collection
1 records from University of British Columbia Botanical Garden Collections (UBCBG)
1 records from University of Vermont, Pringle Herbarium
2 records from Plant Resources Center
1 records from UTEP Plants (Arctos)
2 records from University of Louisiana at Monroe Herbarium, R. Dale Thomas Collection
7 records from naturgucker
2 records from Botanical Research Institute of Texas, Philecology Herbarium
6 records from University of Lethbridge Herbarium (LEA)
1 records from Mississippi State University
2 records from South Dakota State University, C. A. Taylor Herbarium
1 records from CHSC - Ahart Herbarium, CSU Chico - Vascular Plants
36 records from Montana State University Herbarium
1 records from Bell Museum plants
32 records from Colorado State University, Charles Maurer Herbarium
1 records from Pittsburg State University, Theodore M. Sperry Herbarium
6 records from University of Alberta Vascular Plant Herbarium (ALTA-VP)
4 records from Tropicos MO Specimen Data
1 records from Fungus Collections at Staatliches Museum für Naturkunde Karlsruhe (Herbarium KR)
19 records from Rocky Mountain Biological Laboratory
2 records from North Carolina State University Vascular Plant Herbarium
1 records from SBBG - Clifton Smith Herbarium, Santa Barbara Botanic Garden
1 records from Louisiana State University, Shirley C. Tucker Herbarium - Vascular Plants
24 records from Kathryn Kalmbach Herbarium
12 records from United States National Plant Germplasm System Collection
97 records from University of Colorado Museum of Natural History Herbarium Vascular Plant Collection
1 records from Angelo State University Herbarium
40 records from Washington State University Herbarium
4 records from Snake River Plain Herbarium (Boise State University, Idaho, USA)
2 records from Naturalis Biodiversity Center (NL) - Botany
3 records from Geneva Herbarium – De Candolle's Prodromus (G-DC)
3 records from G. S. Torrey Herbarium at the University of Connecticut (CONN)
2 records from HSC - Humboldt State University Vascular Plant Herbarium
8 records from Intermountain Herbarium (Vasc. &amp; Algae)
4 records from Brigham Young University, S. L. Welsh Herbarium
11 records from Deaver Herbarium (Northern Arizona University)
7 records from Royal BC Museum - Herbarium (V)
509 records from A global database for the distributions of crop wild relatives
30 records from University of New Mexico Herbarium
1 records from Herbier Louis-Marie (QFA) - Collection de plantes vasculaires
7 records from University of Nevada Herbarium
10 records from Idaho State University, Ray J. Davis Herbarium Vascular Plants
37 records from Vascular Plant Collection - University of Washington Herbarium (WTU)
1 records from Central Oregon Community College
40 records from Washington State University Marion Ownbey Herbarium
9 records from R. L. McGregor Herbarium Vascular Plants Collection
1 records from University of Puget Sound, Slater Museum Herbarium Vascular Plants
3 records from Carnegie Museum of Natural History Herbarium
1 records from Meise Botanic Garden Herbarium (BR)
43 records from University of Idaho, Stillinger Herbarium Vascular Plants
5 records from UCR - University of California, Riverside Herbarium - Vascular Plants
1 records from OBI - Robert F. Hoover Herbarium, Cal Poly State University
1 records from LA - University of California, Los Angeles Herbarium
15 records from RSA - California Botanic Garden Herbarium
1 records from The Erysiphales Collection at the Botanische Staatssammlung München
1 records from Gila National Forest Herbarium
1 records from Canadian Museum of Nature Herbarium
1 records from E. C. Smith Herbarium (ACAD)
9 records from Pl@ntNet observations
23 records from Pl@ntNet automatically identified occurrences
1 records from SD - SD Herbarium, San Diego Natural History Museum
15 records from University of Northern Colorado Herbarium
16 records from Oregon State University Vascular Plant Collection
38 records from The New York Botanical Garden Herbarium (NY)
4 records from Utah Valley University Herbarium
1 records from Moscow University Herbarium (MW)
5 records from Desert Botanical Garden Herbarium
5 records from Arizona State University Vascular Plant Herbarium
175 records from iNaturalist Research-grade Observations

        </abstract>
        <contact>
            <individualName>
                <surName>GBIF Download Service</surName>
            </individualName>
            <electronicMailAddress>support@gbif.org</electronicMailAddress>
        </contact>

    </dataset>

    <additionalMetadata>
        <metadata>
            <gbif>
                <dateStamp>2024-11-04T13:49:08Z</dateStamp>
                <citation identifier="10.15468/dl.p7ct9x">GBIF Occurrence Download 10.15468/dl.p7ct9x</citation>
                <physical>
                    <objectName>Darwin Core Archive</objectName>
                    <characterEncoding>UTF-8</characterEncoding>
                    <dataFormat>
                        <externallyDefinedFormat>
                            <formatName>Darwin Core Archive</formatName>
                        </externallyDefinedFormat>
                    </dataFormat>
                    <distribution>
                        <online>
                            <url function="download">https://api.gbif.org/v1/occurrence/download/request/0021015-241024112534372.zip</url>
                        </online>
                    </distribution>
                </physical>
            </gbif>
        </metadata>
    </additionalMetadata>
    </eml:eml>
