<?xml version="1.0" encoding="utf-8"?>
<eml:eml xmlns:eml="https://eml.ecoinformatics.org/eml-2.2.0" xmlns:xsi="http://www.w3.org/2001/XMLSchema-instance"
         xsi:schemaLocation="https://eml.ecoinformatics.org/eml-2.2.0 https://rs.gbif.org/schema/eml-gbif-profile/1.3/eml.xsd"
packageId="10.15468/dl.sxppzp"  system="http://gbif.org" scope="system"
xml:lang="en">
    <dataset>
        <alternateIdentifier>0021032-241024112534372</alternateIdentifier>
        <title>GBIF Occurrence Download 10.15468/dl.sxppzp</title>
        <creator>
            <individualName>
                <surName>GBIF Download Service</surName>
            </individualName>
            <electronicMailAddress>support@gbif.org</electronicMailAddress>
        </creator>
        <metadataProvider>
            <individualName>
                <surName>GBIF Download Service</surName>
            </individualName>
            <electronicMailAddress>support@gbif.org</electronicMailAddress>
        </metadataProvider>
        <pubDate>
                2024-11-04
        </pubDate>
        <language>ENGLISH</language>
        <abstract>
            A dataset containing all occurrences available in GBIF matching the query:
{
  "and" : [
    "TaxonKey is Vaccinium crassifolium Andrews",
    "BasisOfRecord is one of (Specimen, Human Observation, Occurrence evidence, Material sample, Living Specimen)",
    "HasCoordinate is true",
    "Country is one of (Canada, United States of America, Mexico)"
  ]
}
The dataset includes records from the following constituent datasets. The full metadata for each constituent is also included in this archive:
1 records from University of British Columbia Herbarium (UBC) - Vascular Plant Collection
3 records from Plant Resources Center
4 records from University of Vermont, Pringle Herbarium
2 records from Geneva Herbarium – De Candolle's Prodromus (G-DC)
2 records from G. S. Torrey Herbarium at the University of Connecticut (CONN)
3 records from Botanical Research Institute of Texas, Philecology Herbarium
5 records from University of South Carolina, A. C. Moore Herbarium Vascular Plant Collection
5 records from Academy of Natural Sciences of Drexel University
5 records from A global database for the distributions of crop wild relatives
1 records from Robert K. Godfrey Herbarium  at Florida State University
1 records from Baylor University Herbarium
67 records from University of North Carolina at Chapel Hill Herbarium: Vascular Plants
3 records from NMNH Extant Specimen Records (USNM, US)
2 records from NCSM Herbarium Collection
2 records from University of South Carolina Salkehatchie Herbarium
1 records from Fairchild Tropical Botanic Garden (FTG)
3 records from Carnegie Museum of Natural History Herbarium
1 records from University of Southern Mississippi Herbarium
1 records from Pittsburg State University, Theodore M. Sperry Herbarium
3 records from Tropicos Specimens Non-MO
3 records from Tropicos MO Specimen Data
4 records from NMNH Material Samples (USNM)
1 records from RSA - California Botanic Garden Herbarium
5 records from Clemson University Herbarium
1 records from LOB - California State University, Long Beach Herbarium
1 records from Pl@ntNet observations
39 records from North Carolina State University Vascular Plant Herbarium
2 records from Pl@ntNet automatically identified occurrences
1 records from United States National Plant Germplasm System Collection
4 records from The New York Botanical Garden Herbarium (NY)
182 records from iNaturalist Research-grade Observations
2 records from Old Dominion University Herbarium

        </abstract>
        <contact>
            <individualName>
                <surName>GBIF Download Service</surName>
            </individualName>
            <electronicMailAddress>support@gbif.org</electronicMailAddress>
        </contact>

    </dataset>

    <additionalMetadata>
        <metadata>
            <gbif>
                <dateStamp>2024-11-04T13:59:51Z</dateStamp>
                <citation identifier="10.15468/dl.sxppzp">GBIF Occurrence Download 10.15468/dl.sxppzp</citation>
                <physical>
                    <objectName>Darwin Core Archive</objectName>
                    <characterEncoding>UTF-8</characterEncoding>
                    <dataFormat>
                        <externallyDefinedFormat>
                            <formatName>Darwin Core Archive</formatName>
                        </externallyDefinedFormat>
                    </dataFormat>
                    <distribution>
                        <online>
                            <url function="download">https://api.gbif.org/v1/occurrence/download/request/0021032-241024112534372.zip</url>
                        </online>
                    </distribution>
                </physical>
            </gbif>
        </metadata>
    </additionalMetadata>
    </eml:eml>
