<?xml version="1.0" encoding="utf-8"?>
<eml:eml xmlns:eml="https://eml.ecoinformatics.org/eml-2.2.0" xmlns:xsi="http://www.w3.org/2001/XMLSchema-instance"
         xsi:schemaLocation="https://eml.ecoinformatics.org/eml-2.2.0 https://rs.gbif.org/schema/eml-gbif-profile/1.3/eml.xsd"
packageId="10.15468/dl.93hngt"  system="http://gbif.org" scope="system"
xml:lang="en">
    <dataset>
        <alternateIdentifier>0021003-241024112534372</alternateIdentifier>
        <title>GBIF Occurrence Download 10.15468/dl.93hngt</title>
        <creator>
            <individualName>
                <surName>GBIF Download Service</surName>
            </individualName>
            <electronicMailAddress>support@gbif.org</electronicMailAddress>
        </creator>
        <metadataProvider>
            <individualName>
                <surName>GBIF Download Service</surName>
            </individualName>
            <electronicMailAddress>support@gbif.org</electronicMailAddress>
        </metadataProvider>
        <pubDate>
                2024-11-04
        </pubDate>
        <language>ENGLISH</language>
        <abstract>
            A dataset containing all occurrences available in GBIF matching the query:
{
  "and" : [
    "TaxonKey is Vaccinium macrocarpon Aiton",
    "BasisOfRecord is one of (Specimen, Human Observation, Occurrence evidence, Material sample, Living Specimen)",
    "HasCoordinate is true",
    "Country is one of (Canada, United States of America, Mexico)"
  ]
}
The dataset includes records from the following constituent datasets. The full metadata for each constituent is also included in this archive:
10 records from Eastern Michigan University Herbarium
1 records from College of Idaho Herbarium
7 records from University of British Columbia Herbarium (UBC) - Vascular Plant Collection
1 records from World Plant Specimen from the Herbaria in China
6 records from Plant Resources Center
1 records from University of British Columbia Botanical Garden Collections (UBCBG)
62 records from University of Vermont, Pringle Herbarium
4 records from University of Louisiana at Monroe Herbarium, R. Dale Thomas Collection
1 records from Vanderbilt University Herbarium
1 records from National Herbarium of Victoria (MEL) AVH data
1 records from Mississippi State University
3 records from Putnam Museum and Science Center
3 records from Michigan State University Herbarium Vascular Plants
1 records from MACF - MacFadden Herbarium, California State University Fullerton
2 records from Digitalización y Sistematización de las Colecciones Biológicas Nacionales del Instituto de Biología, UNAM (Plantas vasculares)
17 records from Rutgers University, Chrysler Herbarium
16 records from University of Wisconsin - Green Bay
1 records from Pittsburg State University, Theodore M. Sperry Herbarium
1 records from Central Michigan University Herbarium
1 records from Bruce Bennett Herbarium (BABY)
5 records from University of Wisconsin - Whitewater Herbarium
13 records from Tropicos MO Specimen Data
3 records from Maryland Department of Natural Resources
1 records from SBBG - Clifton Smith Herbarium, Santa Barbara Botanic Garden
1 records from RB - Rio de Janeiro Botanical Garden Herbarium Collection
31 records from United States National Plant Germplasm System Collection
4 records from Angelo State University Herbarium
1 records from Western Illinois University, ​R. M. Myers Herbarium
1 records from Eastern Washington University Herbarium Vascular Plants.
2 records from Naturalis Biodiversity Center (NL) - Botany
7 records from Geneva Herbarium – De Candolle's Prodromus (G-DC)
9 records from The vascular plants collection (P) at the Herbarium of the Muséum national d'Histoire Naturelle (MNHN - Paris)
1 records from HSC - Humboldt State University Vascular Plant Herbarium
1 records from HUEFS - Herbario da Universidade Estadual de Feira de Santana
5 records from Intermountain Herbarium (Vasc. &amp; Algae)
1 records from Brigham Young University, S. L. Welsh Herbarium
2 records from University of South Carolina, A. C. Moore Herbarium Vascular Plant Collection
2 records from Deaver Herbarium (Northern Arizona University)
1 records from University of Nevada Herbarium
8 records from NMNH Extant Specimen Records (USNM, US)
5 records from University of Wisconsin - Eau Claire Herbarium
63 records from Royal Ontario Museum Green Plant Herbarium (TRT)
16 records from National Collection of Vascular Plants (DAO)
2 records from Tasmanian Herbarium (HO) AVH data
2 records from Harriet Irving Botanical Gardens (HIBG)
5 records from UAM Herbarium (ALA), Vascular Plant Collection (Arctos)
205 records from Carnegie Museum of Natural History Herbarium
3 records from University of Idaho, Stillinger Herbarium Vascular Plants
5 records from The University and Jepson Herbaria -- Vascular Plants
8 records from E. C. Smith Herbarium (ACAD) - Cape Breton University Collection
4 records from RSA - California Botanic Garden Herbarium
4 records from NMNH Material Samples (USNM)
4 records from INSDC Sequences
3 records from Clemson University Herbarium
97 records from E. C. Smith Herbarium (ACAD)
55 records from Botany Division, Yale Peabody Museum
15 records from Pl@ntNet observations
2 records from Delaware State University, Claude E. Phillips Herbarium
3 records from Appalachian State University, I. W. Carpenter, Jr. Herbarium
31 records from New Brunswick Museum - Vascular Plants
12 records from Mohonk Preserve Herbarium
11 records from Oregon State University Vascular Plant Collection
39 records from The Pointe-aux-Outardes Marsh - Characterization of Important Coastal Habitats on the North Shore of the St. Lawrence Estuary | Le marais de la Pointe-aux-Outardes - Caractérisation des habitats littoraux d’importance de la rive nord de l’estuaire maritime du Saint-Laurent
3808 records from iNaturalist Research-grade Observations
1 records from George Mason University, Ted R. Bradley Herbarium
2 records from Herbarium SUNY Oswego
1 records from H.A. Stephens Herbarium
28 records from Mohonk Preserve Historical Observational Biodiversity Data
3 records from naturgucker
3 records from Botanical Research Institute of Texas, Philecology Herbarium
266 records from Academy of Natural Sciences of Drexel University
5 records from South Dakota State University, C. A. Taylor Herbarium
91 records from University of Michigan Herbarium
2 records from West Virginia Natural Heritage Program Herbarium
3 records from Baylor University Herbarium
22 records from MPM Milwaukee Public Museum Herbarium
142 records from Bell Museum plants
1 records from Texas Tech University, E. L. Reed Herbarium
8 records from North Carolina State University Vascular Plant Herbarium
1 records from Kathryn Kalmbach Herbarium
1 records from Washington State University Herbarium
1 records from University of Manitoba Herbarium (WIN) - Vascular Plant Collection
45 records from Muhlenberg College
18 records from MVSC; The James C. Parks Herbarium at Millersville University
34 records from Staten Island Museum
3 records from CHAS Botany Collection (Arctos)
2 records from Loyola University Chicago Herbarium
147 records from G. S. Torrey Herbarium at the University of Connecticut (CONN)
1 records from IAC - Herbário do Instituto Agronômico de Campinas
5 records from Eastern Illinois University, Stover-Ebinger Herbarium
3 records from DAV - University of California, Davis Center for Plant Diversity - Vascular Plants
43 records from Herbier du Québec (QUE) - Collection de plantes vasculaires
1 records from Saint Ambrose University Herbarium
478 records from A global database for the distributions of crop wild relatives
1 records from CSIC-Real Jardín Botánico-Colección de Plantas Vasculares (MA)
53 records from Herbier Louis-Marie (QFA) - Collection de plantes vasculaires
5 records from University of North Carolina at Chapel Hill Herbarium: Vascular Plants
2 records from Campbell University Herbarium
5 records from Vascular Plant Collection - University of Washington Herbarium (WTU)
2 records from R. L. McGregor Herbarium Vascular Plants Collection
1 records from Washington State University Marion Ownbey Herbarium
1 records from Royal Botanic Garden Edinburgh Living Plant Collections (E)
1 records from UCR - University of California, Riverside Herbarium - Vascular Plants
1 records from Tropicos Specimens Non-MO
35 records from Morris Arboretum of University of Pennsylvania
114 records from Canadian Museum of Nature Herbarium
4 records from LOB - California State University, Long Beach Herbarium
2 records from University of Florida Herbarium (FLAS)
4 records from Howard University Herbarium
101 records from Pl@ntNet automatically identified occurrences
1 records from SD - SD Herbarium, San Diego Natural History Museum
110 records from The New York Botanical Garden Herbarium (NY)
34 records from Marie-Victorin Herbarium (MT) - Plantes vasculaires
1 records from HEPH - Herbário Ezechias Paulo Heringer
1 records from University of Tennessee Vascular Herbarium
4 records from Old Dominion University Herbarium

        </abstract>
        <contact>
            <individualName>
                <surName>GBIF Download Service</surName>
            </individualName>
            <electronicMailAddress>support@gbif.org</electronicMailAddress>
        </contact>

    </dataset>

    <additionalMetadata>
        <metadata>
            <gbif>
                <dateStamp>2024-11-04T13:41:23Z</dateStamp>
                <citation identifier="10.15468/dl.93hngt">GBIF Occurrence Download 10.15468/dl.93hngt</citation>
                <physical>
                    <objectName>Darwin Core Archive</objectName>
                    <characterEncoding>UTF-8</characterEncoding>
                    <dataFormat>
                        <externallyDefinedFormat>
                            <formatName>Darwin Core Archive</formatName>
                        </externallyDefinedFormat>
                    </dataFormat>
                    <distribution>
                        <online>
                            <url function="download">https://api.gbif.org/v1/occurrence/download/request/0021003-241024112534372.zip</url>
                        </online>
                    </distribution>
                </physical>
            </gbif>
        </metadata>
    </additionalMetadata>
    </eml:eml>
