<?xml version="1.0" encoding="utf-8"?>
<eml:eml xmlns:eml="https://eml.ecoinformatics.org/eml-2.2.0" xmlns:xsi="http://www.w3.org/2001/XMLSchema-instance"
         xsi:schemaLocation="https://eml.ecoinformatics.org/eml-2.2.0 https://rs.gbif.org/schema/eml-gbif-profile/1.3/eml.xsd"
packageId="5a8cd069-8096-4918-9d61-d63f8e71a17c"  system="http://gbif.org" scope="system"
xml:lang="en">
    <dataset>
        <alternateIdentifier>10.5886/kcwotj</alternateIdentifier>
        <alternateIdentifier>5a8cd069-8096-4918-9d61-d63f8e71a17c</alternateIdentifier>
        <alternateIdentifier>https://data.canadensys.net/ipt/resource?r=rbg-specimens</alternateIdentifier>
        <title>Royal Botanical Gardens Herbarium (HAM)</title>
        <creator>
            <individualName>
                <givenName>Joseph</givenName>
                <surName>Mentlik</surName>
            </individualName>
            <organizationName>Royal Botanical Gardens</organizationName>
            <positionName>Herbarium Intern</positionName>
            <address>
                <deliveryPoint>680 Plains Road West</deliveryPoint>
                <city>Burlington</city>
                <administrativeArea>Ontario</administrativeArea>
                <postalCode>L7T 4H4</postalCode>
                <country>CANADA</country>
            </address>
            <onlineUrl>https://www.rbg.ca/</onlineUrl>
        </creator>
        <metadataProvider>
            <individualName>
                <givenName>Joseph</givenName>
                <surName>Mentlik</surName>
            </individualName>
            <organizationName>Royal Botanical Gardens</organizationName>
            <positionName>Herbarium Intern</positionName>
            <address>
                <deliveryPoint>680 Plains Road West</deliveryPoint>
                <city>Burlington</city>
                <administrativeArea>Ontario</administrativeArea>
                <postalCode>L7T 4H4</postalCode>
                <country>CANADA</country>
            </address>
            <onlineUrl>https://www.rbg.ca/</onlineUrl>
        </metadataProvider>
        <metadataProvider>
            <individualName>
                <givenName>Nadia</givenName>
                <surName>Cavallin</surName>
            </individualName>
            <organizationName>Royal Botanical Gardens</organizationName>
            <positionName>Field Botanist and Herbarium Curator</positionName>
            <address>
                <deliveryPoint>680 Plains Road West</deliveryPoint>
                <city>Burlington</city>
                <administrativeArea>Ontario</administrativeArea>
                <postalCode>L7T 4H4</postalCode>
                <country>CANADA</country>
            </address>
            <phone>905-527-1158 ext. 238</phone>
            <electronicMailAddress>ncavallin@rbg.ca</electronicMailAddress>
            <onlineUrl>https://www.rbg.ca/</onlineUrl>
        </metadataProvider>
        <associatedParty>
            <individualName>
                <givenName>Nadia</givenName>
                <surName>Cavallin</surName>
            </individualName>
            <organizationName>Royal Botanical Gardens</organizationName>
            <positionName>Field Botanist and Herbarium Curator</positionName>
            <address>
                <deliveryPoint>680 Plains Road West</deliveryPoint>
                <city>Burlington</city>
                <administrativeArea>Ontario</administrativeArea>
                <postalCode>L7T 4H4</postalCode>
                <country>CANADA</country>
            </address>
            <phone>905-527-1158 ext. 238</phone>
            <electronicMailAddress>ncavallin@rbg.ca</electronicMailAddress>
            <onlineUrl>https://www.rbg.ca/</onlineUrl>
            <role>CURATOR</role>
        </associatedParty>
        <associatedParty>
            <individualName>
                <givenName>Joseph</givenName>
                <surName>Mentlik</surName>
            </individualName>
            <organizationName>Royal Botanical Gardens</organizationName>
            <positionName>Herbarium Intern</positionName>
            <address>
                <deliveryPoint>680 Plains Road West</deliveryPoint>
                <city>Burlington</city>
                <administrativeArea>Ontario</administrativeArea>
                <postalCode>L7T 4H4</postalCode>
                <country>CANADA</country>
            </address>
            <onlineUrl>https://www.rbg.ca/</onlineUrl>
            <role>CONTENT_PROVIDER</role>
        </associatedParty>
        <pubDate>
                2022-05-06
        </pubDate>
        <language>ENGLISH</language>
        <abstract>
            The Royal Botanical Gardens Herbarium (HAM) houses 62,000 accessioned vascular plant specimens
from 191 families. After its founding in 1950, approximately 9000 specimens were collected by Ecologist
Aleksander Tamsalu over the course of a few years. The collection has a focus on the local floras of
Burlington and Hamilton, Ontario, with approximately half of the collection from specifically within the
Royal Botanical Gardens&amp;#39; Nature Sanctuaries and to a smaller degree, its cultivated areas. Notable
specimens include nomenclatural standards of Syringa and type specimens of the Gentianaceae as
described by Dr. James Pringle. HAM is the only Canadian herbarium to accept nomenclatural standards.
HAM incorporated the herbarium of McMaster University, Hamilton College (MCM) in 1966. Other
notable, historical collections include those of Christian Ramsay Brown (Lady Dalhousie) and of the
Hamilton Association for the Advancement of Literature, Science and Art. HAM continues to accession
an average of 385 specimens yearly.
        </abstract>
        <keywordSet>
            <keyword>Gentianopsis</keyword>
            <keyword>type specimen</keyword>
            <keyword>nomenclatural standard</keyword>
            <keyword>Gentianella</keyword>
            <keyword>Gentian</keyword>
            <keyword>collection</keyword>
            <keyword>North America</keyword>
            <keyword>Pringle</keyword>
            <keyword>Specimen</keyword>
            <keyword>Canada</keyword>
            <keyword>Lilac</keyword>
            <keyword>vascular plants</keyword>
            <keyword>HAM</keyword>
            <keyword>RBG</keyword>
            <keyword>Burlington</keyword>
            <keyword>Hamilton</keyword>
            <keyword>Gentianaceae</keyword>
            <keyword>Royal Botanical Gardens Herbarium</keyword>
            <keyword>Syringa</keyword>
            <keyword>Occurrence</keyword>
            <keyword>Canadensys</keyword>
            <keyword>Ontario</keyword>
            <keyword>Gentiana</keyword>
            <keywordThesaurus>GBIF Dataset Type Vocabulary: http://rs.gbif.org/vocabulary/gbif/dataset_type.xml</keywordThesaurus>
        </keywordSet>
        <keywordSet>
            <keyword>Specimen</keyword>
            <keywordThesaurus>GBIF Dataset Subtype Vocabulary: http://rs.gbif.org/vocabulary/gbif/dataset_subtype.xml</keywordThesaurus>
        </keywordSet>
        <intellectualRights>
            <para>To the extent possible under law, the publisher has waived all rights to these data and has dedicated them to the <ulink url="http://creativecommons.org/publicdomain/zero/1.0/legalcode"><citetitle>Public Domain (CC0 1.0)</citetitle></ulink>. Users may copy, modify, distribute and use the work, including for commercial purposes, without restriction.</para>
        </intellectualRights>
        <licensed>
            <licenseName>Creative Commons Zero v1.0 Universal</licenseName>
            <url>https://spdx.org/licenses/CC0-1.0.html</url>
            <identifier>CC0-1.0</identifier>
        </licensed>
        <distribution scope="document">
            <online>
                <url function="information">https://www.rbg.ca/</url>
            </online>
        </distribution>
        <distribution scope="document">
            <online>
                <url function="download">https://data.canadensys.net/ipt/archive.do?r=rbg-specimens</url>
            </online>
        </distribution>
        <coverage>
            <geographicCoverage>
                <geographicDescription>51% of the digitized HAM collection is representative of Royal Botanical Gardens&apos; Nature Sanctuaries and to a small degree its horticultural collections. An additional 42% of the specimens were collected in Ontario, Canada. Two percent of the collection displays representation from other continents with no specimens from Antarctica. Royal Botanical Gardens coverage is overrepresented in the currently digitized collection based on the priority to digitize locally collected specimens first. In the physical collection, it is still the dominant representation, but likely less than 51%.</geographicDescription>
                <boundingCoordinates>
                    <westBoundingCoordinate>-180</westBoundingCoordinate>
                    <eastBoundingCoordinate>180</eastBoundingCoordinate>
                    <northBoundingCoordinate>90</northBoundingCoordinate>
                    <southBoundingCoordinate>-90</southBoundingCoordinate>
                </boundingCoordinates>
            </geographicCoverage>
            <taxonomicCoverage>
                <generalTaxonomicCoverage>By class, the digitized collection at HAM contains 89% Magnoliopsida, 8% Polypodiopsida, 2% Pinopsida, and 2% Lycopodiopsida 
The families most represented are Cyperaceae (9%), Asteraceae (8%), Rosaceae (7%), Poaceae (7%) and Oleaceae (4%).</generalTaxonomicCoverage>
                <taxonomicClassification>
                    <taxonRankName>Family</taxonRankName>
                    <taxonRankValue>Cyperarceae</taxonRankValue>
                </taxonomicClassification>
                <taxonomicClassification>
                    <taxonRankName>Family</taxonRankName>
                    <taxonRankValue>Asteraceae</taxonRankValue>
                </taxonomicClassification>
                <taxonomicClassification>
                    <taxonRankName>Family</taxonRankName>
                    <taxonRankValue>Rosaceae</taxonRankValue>
                </taxonomicClassification>
                <taxonomicClassification>
                    <taxonRankName>Family</taxonRankName>
                    <taxonRankValue>Poaceae</taxonRankValue>
                </taxonomicClassification>
                <taxonomicClassification>
                    <taxonRankName>Family</taxonRankName>
                    <taxonRankValue>Oleaceae</taxonRankValue>
                </taxonomicClassification>
            </taxonomicCoverage>
        </coverage>
        <maintenance>
            <description>
                <para></para>
            </description>
            <maintenanceUpdateFrequency>unkown</maintenanceUpdateFrequency>
        </maintenance>
        <contact>
            <individualName>
                <givenName>Nadia</givenName>
                <surName>Cavallin</surName>
            </individualName>
            <organizationName>Royal Botanical Gardens</organizationName>
            <positionName>Field Botanist and Herbarium Curator</positionName>
            <address>
                <deliveryPoint>680 Plains Road West</deliveryPoint>
                <city>Burlington</city>
                <administrativeArea>Ontario</administrativeArea>
                <postalCode>L7T 4H4</postalCode>
                <country>CANADA</country>
            </address>
            <phone>905-527-1158 ext. 238</phone>
            <electronicMailAddress>ncavallin@rbg.ca</electronicMailAddress>
            <onlineUrl>https://www.rbg.ca/</onlineUrl>
        </contact>
        <methods>
            <methodStep>
                <description>
                    <para>Newly collected specimens are digitized systematically.</para>
                </description>
            </methodStep>
            <methodStep>
                <description>
                    <para>Specimens are identified by trained field botanists.</para>
                </description>
            </methodStep>
            <methodStep>
                <description>
                    <para>Specimen field notes are then transcribed in BG-Base and a label is created.</para>
                </description>
            </methodStep>
            <methodStep>
                <description>
                    <para>The specimen is mounted with the label affixed and frozen at -30°C for seven days.</para>
                </description>
            </methodStep>
            <methodStep>
                <description>
                    <para>Specimens are then scanned and filed into the collection.</para>
                </description>
            </methodStep>
            <methodStep>
                <description>
                    <para>Legacy specimens are digitized opportunistically, but with an emphasis on locally collected specimens.</para>
                </description>
            </methodStep>
            <methodStep>
                <description>
                    <para>Determinations are made or updated if the user is qualified and time permits.</para>
                </description>
            </methodStep>
            <methodStep>
                <description>
                    <para>Specimen and annotation labels are transcribed in BG-Base using the HAM number present on the specimen.</para>
                </description>
            </methodStep>
            <methodStep>
                <description>
                    <para>Annotation labels are printed and affixed if applicable.</para>
                </description>
            </methodStep>
            <methodStep>
                <description>
                    <para>Specimens are then frozen at -30°C for seven days.</para>
                </description>
            </methodStep>
            <methodStep>
                <description>
                    <para>Specimens are re-filed into the collection.</para>
                </description>
            </methodStep>
            <sampling>
                <studyExtent>
                    <description>
                        <para>Label digitization and image capture of vascular plant specimens from the Royal Botanical Gardens Herbarium (HAM).</para>
                    </description>
                </studyExtent>
                <samplingDescription>
                    <para>The label digitization protocol follows two periods. First, two thirds of the specimens in this resource (21,961 specimens) were transcribed in full into a Microsoft Access database (2002 – 2009). In 2011, this data was batch imported into the current database, BG-Base. Since then, the full label text has been manually entered into BG-Base by botany interns (2011 – Present).
Specimen images were captured and saved as .jpg files using a book scanner (2010 – 2012) or a HerbScan flatbed scanner (2015 – Present).
Moving forward, the current focus for digitization is newly collected specimens. New digitization protocols to improve the rate of label transcription and to georeference the legacy specimens are to be determined.</para>
                </samplingDescription>
            </sampling>
            <qualityControl>
                <description>
                    <para>In the past decade, label transcription has been carried out by botany interns trained to use BG-Base. However, on review of the dataset, there were still issues of unfilled fields, misuse of free text fields, etc. Therefore, the data was cleaned prior to transformation to fit the Darwin Core terms. Some fields such as coordinates, countries or abundances were populated by scraping free text fields for keywords. Other measures of control include setting range constraints for valid dates or coordinates.
Future transcriptions will follow stricter controlled vocabularies and can be expected to contain fewer errors.</para>
                </description>
            </qualityControl>
        </methods>

    </dataset>

    <additionalMetadata>
        <metadata>
            <gbif>
                <dateStamp>2024-11-04T13:30:15Z</dateStamp>
                <citation identifier="https://doi.org/10.5886/kcwotj">Mentlik J, Cavallin N (2022). Royal Botanical Gardens Herbarium (HAM). Version 2.1. Royal Botanical Gardens Herbarium (HAM). Occurrence dataset https://doi.org/10.5886/kcwotj accessed via GBIF.org on 2024-11-04.</citation>
                <collection>
                    
                    
                    <collectionName>Royal Botanical Gardens Herbarium (HAM)</collectionName>
                </collection>
                <formationPeriod>1950 - Present</formationPeriod>
                <specimenPreservationMethod>MOUNTED</specimenPreservationMethod>
            </gbif>
        </metadata>
    </additionalMetadata>
    </eml:eml>
