<?xml version="1.0" encoding="utf-8"?>
<eml:eml xmlns:eml="https://eml.ecoinformatics.org/eml-2.2.0" xmlns:xsi="http://www.w3.org/2001/XMLSchema-instance"
         xsi:schemaLocation="https://eml.ecoinformatics.org/eml-2.2.0 https://rs.gbif.org/schema/eml-gbif-profile/1.3/eml.xsd"
packageId="7611cc2b-ea25-44ba-b951-b8f8e163e1b1"  system="http://gbif.org" scope="system"
xml:lang="en">
    <dataset>
        <alternateIdentifier>10.15468/vx3csq</alternateIdentifier>
        <alternateIdentifier>https://sernecportal.org/portal/collections/misc/collprofiles.php?collid=360</alternateIdentifier>
        <title>Campbell University Herbarium</title>
        <creator>
            <organizationName>SERNEC</organizationName>
            <electronicMailAddress>hbrown@mailbox.sc.edu</electronicMailAddress>
            <onlineUrl>https://sernecportal.org/portal/index.php</onlineUrl>
        </creator>
        <metadataProvider>
            <organizationName>SERNEC</organizationName>
            <electronicMailAddress>hbrown@mailbox.sc.edu</electronicMailAddress>
            <onlineUrl>https://sernecportal.org/portal/index.php</onlineUrl>
        </metadataProvider>
        <associatedParty>
            <individualName>
                <surName>Chris Havran</surName>
            </individualName>
            <electronicMailAddress>havran@campbell.edu</electronicMailAddress>
            <role>CONTENT_PROVIDER</role>
        </associatedParty>
        <pubDate>
                2024-11-02
        </pubDate>
        <language>ENGLISH</language>
        <abstract>
            <para>The Campbell University Herbarium was established in 2011 and is currently housed in the McLamb Environmental Science Center at Campbell University in Buies Creek, NC. The herbarium houses approximately 5,500 specimens of vascular plants.</para>
        </abstract>
        <intellectualRights>
            <para>To the extent possible under law, the publisher has waived all rights to these data and has dedicated them to the <ulink url="http://creativecommons.org/publicdomain/zero/1.0/legalcode"><citetitle>Public Domain (CC0 1.0)</citetitle></ulink>. Users may copy, modify, distribute and use the work, including for commercial purposes, without restriction.</para>
        </intellectualRights>
        <licensed>
            <licenseName>Creative Commons Zero v1.0 Universal</licenseName>
            <url>https://spdx.org/licenses/CC0-1.0.html</url>
            <identifier>CC0-1.0</identifier>
        </licensed>
        <distribution scope="document">
            <online>
                <url function="download">https://sernecportal.org/portal/content/dwca/CAU_DwC-A.zip</url>
            </online>
        </distribution>
        <contact>
            <organizationName>Campbell University Herbarium</organizationName>
            <electronicMailAddress>havran@campbell.edu</electronicMailAddress>
        </contact>

    </dataset>

    <additionalMetadata>
        <metadata>
            <gbif>
                <dateStamp>2024-11-04T13:30:24Z</dateStamp>
                <citation>Campbell University (2024). Campbell University Herbarium. Occurrence dataset https://doi.org/10.15468/vx3csq accessed via GBIF.org on 2024-11-04.</citation>
            </gbif>
        </metadata>
    </additionalMetadata>
    </eml:eml>
