<?xml version="1.0" encoding="utf-8"?>
<eml:eml xmlns:eml="https://eml.ecoinformatics.org/eml-2.2.0" xmlns:xsi="http://www.w3.org/2001/XMLSchema-instance"
         xsi:schemaLocation="https://eml.ecoinformatics.org/eml-2.2.0 https://rs.gbif.org/schema/eml-gbif-profile/1.3/eml.xsd"
packageId="95c938a8-f762-11e1-a439-00145eb45e9a"  system="http://gbif.org" scope="system"
xml:lang="en">
    <dataset>
        <alternateIdentifier>10.15468/htptzr</alternateIdentifier>
        <alternateIdentifier>http://ipt.nhm.ku.edu/resource?r=kubi_vascularplants</alternateIdentifier>
        <alternateIdentifier>http://ipt.nhm.ku.edu:8080/ipt/resource?r=kubi_vascularplants</alternateIdentifier>
        <alternateIdentifier>http://ipt.nhm.ku.edu/ipt/resource?r=kubi_vascularplants</alternateIdentifier>
        <alternateIdentifier>http://ipt.nhm.ku.edu/ipt/resource.do?r=kubi_vascularplants</alternateIdentifier>
        <alternateIdentifier>95c938a8-f762-11e1-a439-00145eb45e9a</alternateIdentifier>
        <alternateIdentifier>7915</alternateIdentifier>
        <title>R. L. McGregor Herbarium Vascular Plants Collection</title>
        <creator>
            <individualName>
                <givenName>Andrew</givenName>
                <surName>Bentley</surName>
            </individualName>
            <organizationName>University of Kansas, Biodiversity Institute</organizationName>
            <positionName>Bioinformatics Manager</positionName>
            <address>
                <deliveryPoint>1345 Jayhawk Boulevard</deliveryPoint>
                <city>Lawrence</city>
                <administrativeArea>KS</administrativeArea>
                <postalCode>66045</postalCode>
                <country>UNITED_STATES</country>
            </address>
            <phone>+1 (785) 864-3863</phone>
            <electronicMailAddress>abentley@ku.edu</electronicMailAddress>
            <onlineUrl>https://biodiversity.ku.edu</onlineUrl>
        </creator>
        <metadataProvider>
            <individualName>
                <givenName>Caleb</givenName>
                <surName>Morse</surName>
            </individualName>
            <organizationName>University of Kansas, Biodiversity Institute</organizationName>
            <positionName>Collection Manager</positionName>
            <address>
                <deliveryPoint>R.L. McGregor Herbarium, Bridwell Botanical Research Lab, 2045 Constant Ave.</deliveryPoint>
                <city>Lawrence</city>
                <administrativeArea>KS</administrativeArea>
                <postalCode>66045</postalCode>
                <country>UNITED_STATES</country>
            </address>
            <phone>+1 (785) 864-4493</phone>
            <electronicMailAddress>cmorse@ku.edu</electronicMailAddress>
            <onlineUrl>https://biodiversity.ku.edu/botany</onlineUrl>
        </metadataProvider>
        <associatedParty>
            <individualName>
                <givenName>Craig</givenName>
                <surName>Freeman</surName>
            </individualName>
            <organizationName>University of Kansas, Biodiversity Institute</organizationName>
            <positionName>Curator</positionName>
            <address>
                <deliveryPoint>R.L McGregor Herbarium, Bridwell Botanical Research Lab, 2045 Constant Ave.</deliveryPoint>
                <city>Lawrence</city>
                <administrativeArea>KS</administrativeArea>
                <postalCode>66045</postalCode>
                <country>UNITED_STATES</country>
            </address>
            <phone>+1 (785) 864-3453</phone>
            <electronicMailAddress>ccfree@ku.edu</electronicMailAddress>
            <onlineUrl>https://biodiversity.ku.edu/botany</onlineUrl>
            <role>CURATOR</role>
        </associatedParty>
        <pubDate>
                2024-10-02
        </pubDate>
        <language>ENGLISH</language>
        <abstract>
            The R. L. McGregor Herbarium houses approximately 400,000 vascular plant specimens. The majority of these comprise exsiccatae, but the collection also includes seed, boxed, and fluid-preserved specimens. The collection is focused on the Central Grassland region of North America, with specimens from the Great Plains comprising approximately two-thirds of the collection. Families with especially strong taxonomic and geographic representation include Asteraceae, Cyperaceae, Fabaceae, Juncaceae, Lemnaceae, Plantaginaceae, and Poaceae.
        </abstract>
        <keywordSet>
            <keyword>Specimen</keyword>
            <keywordThesaurus>GBIF Dataset Subtype Vocabulary: http://rs.gbif.org/vocabulary/gbif/dataset_subtype.xml</keywordThesaurus>
        </keywordSet>
        <keywordSet>
            <keyword>Occurrence</keyword>
            <keywordThesaurus>GBIF Dataset Type Vocabulary: http://rs.gbif.org/vocabulary/gbif/dataset_type.xml</keywordThesaurus>
        </keywordSet>
        <keywordSet>
            <keyword>Occurrence</keyword>
            <keywordThesaurus>GBIF Dataset Type Vocabulary: http://rs.gbif.org/vocabulary/gbif/dataset_type_2015-07-10.xml</keywordThesaurus>
        </keywordSet>
        <additionalInfo>
            <para>http://biodiversity.ku.edu/research/university-kansas-biodiversity-institute-data-publication-and-use-norms</para>
        </additionalInfo>
        <intellectualRights>
            <para>This work is licensed under a <ulink url="http://creativecommons.org/licenses/by/4.0/legalcode"><citetitle>Creative Commons Attribution (CC-BY) 4.0 License</citetitle></ulink>.</para>
        </intellectualRights>
        <licensed>
            <licenseName>Creative Commons Attribution 4.0 International</licenseName>
            <url>https://spdx.org/licenses/CC-BY-4.0.html</url>
            <identifier>CC-BY-4.0</identifier>
        </licensed>
        <distribution scope="document">
            <online>
                <url function="information">http://biodiversity.ku.edu/botany/collections</url>
            </online>
        </distribution>
        <distribution scope="document">
            <online>
                <url function="download">http://ipt.nhm.ku.edu/archive.do?r=kubi_vascularplants</url>
            </online>
        </distribution>
        <coverage>
            <geographicCoverage>
                <geographicDescription>Sixty-five percent of the collection represents the flora of the grassland biome of central North America.</geographicDescription>
                <boundingCoordinates>
                    <westBoundingCoordinate>-180</westBoundingCoordinate>
                    <eastBoundingCoordinate>180</eastBoundingCoordinate>
                    <northBoundingCoordinate>90</northBoundingCoordinate>
                    <southBoundingCoordinate>-90</southBoundingCoordinate>
                </boundingCoordinates>
            </geographicCoverage>
            <taxonomicCoverage>
                <taxonomicClassification>
                    <taxonRankValue></taxonRankValue>
                </taxonomicClassification>
            </taxonomicCoverage>
        </coverage>
        <maintenance>
            <description>
                <para></para>
            </description>
            <maintenanceUpdateFrequency>unkown</maintenanceUpdateFrequency>
        </maintenance>
        <contact>
            <individualName>
                <givenName>Caleb</givenName>
                <surName>Morse</surName>
            </individualName>
            <organizationName>University of Kansas, Biodiversity Institute</organizationName>
            <positionName>Collection Manager</positionName>
            <address>
                <deliveryPoint>R.L. McGregor Herbarium, Bridwell Botanical Research Lab, 2045 Constant Ave.</deliveryPoint>
                <city>Lawrence</city>
                <administrativeArea>KS</administrativeArea>
                <postalCode>66045</postalCode>
                <country>UNITED_STATES</country>
            </address>
            <phone>+1 (785) 864-4493</phone>
            <electronicMailAddress>cmorse@ku.edu</electronicMailAddress>
            <onlineUrl>https://biodiversity.ku.edu/botany</onlineUrl>
        </contact>
        <contact>
            <individualName>
                <givenName>Craig</givenName>
                <surName>Freeman</surName>
            </individualName>
            <organizationName>University of Kansas, Biodiversity Institute</organizationName>
            <positionName>Curator</positionName>
            <address>
                <deliveryPoint>R.L. McGregor Herbarium, Bridwell Botanical Research Lab, 2045 Constant Ave.</deliveryPoint>
                <city>Lawrence</city>
                <administrativeArea>KS</administrativeArea>
                <postalCode>66045</postalCode>
                <country>UNITED_STATES</country>
            </address>
            <phone>+01 (785) 864-3453</phone>
            <electronicMailAddress>ccfree@ku.edu</electronicMailAddress>
            <onlineUrl>https://biodiversity.ku.edu/botany</onlineUrl>
        </contact>

    </dataset>

    <additionalMetadata>
        <metadata>
            <gbif>
                <dateStamp>2024-11-04T13:30:24Z</dateStamp>
                <citation>Bentley A, Morse C (2024). R. L. McGregor Herbarium Vascular Plants Collection. University of Kansas Biodiversity Institute. Occurrence dataset https://doi.org/10.15468/htptzr accessed via GBIF.org on 2024-11-04.</citation>
            </gbif>
        </metadata>
    </additionalMetadata>
    </eml:eml>
