<?xml version="1.0" encoding="utf-8"?>
<eml:eml xmlns:eml="https://eml.ecoinformatics.org/eml-2.2.0" xmlns:xsi="http://www.w3.org/2001/XMLSchema-instance"
         xsi:schemaLocation="https://eml.ecoinformatics.org/eml-2.2.0 https://rs.gbif.org/schema/eml-gbif-profile/1.3/eml.xsd"
packageId="cca05dd0-9f88-4d0a-b90a-d3f8f3a3f367"  system="http://gbif.org" scope="system"
xml:lang="en">
    <dataset>
        <alternateIdentifier>10.15468/w6f6aa</alternateIdentifier>
        <alternateIdentifier>https://sernecportal.org/portal/collections/misc/collprofiles.php?collid=299</alternateIdentifier>
        <title>University of Arkansas at Monticello</title>
        <creator>
            <organizationName>SERNEC</organizationName>
            <electronicMailAddress>hbrown@mailbox.sc.edu</electronicMailAddress>
            <onlineUrl>https://sernecportal.org/portal/index.php</onlineUrl>
        </creator>
        <metadataProvider>
            <organizationName>SERNEC</organizationName>
            <electronicMailAddress>hbrown@mailbox.sc.edu</electronicMailAddress>
            <onlineUrl>https://sernecportal.org/portal/index.php</onlineUrl>
        </metadataProvider>
        <associatedParty>
            <individualName>
                <givenName>Richard</givenName>
                <surName>Abbott</surName>
            </individualName>
            <positionName>Curator</positionName>
            <electronicMailAddress>abbottjr@uamont.edu</electronicMailAddress>
            <role>CONTENT_PROVIDER</role>
        </associatedParty>
        <associatedParty>
            <individualName>
                <givenName>Diana</givenName>
                <surName>Soteropoulos</surName>
            </individualName>
            <positionName>Arkansas Herbarium Digitization Coordinator</positionName>
            <electronicMailAddress>diana_soteropoulos@natureserve.org</electronicMailAddress>
            <userId directory="https://orcid.org/">0000-0002-4247-1375</userId>
            <role>CONTENT_PROVIDER</role>
        </associatedParty>
        <pubDate>
                2024-11-02
        </pubDate>
        <language>ENGLISH</language>
        <abstract>
            <para>UAM is a small, regional herbarium in Southeast Arkansas, with over half of the specimens collected from Arkansas. The majority of the 28,000 specimens was collected by founding curator Dr. Eric Sundell. Research is currently focused primarily on teaching.</para>
        </abstract>
        <intellectualRights>
            <para>To the extent possible under law, the publisher has waived all rights to these data and has dedicated them to the <ulink url="http://creativecommons.org/publicdomain/zero/1.0/legalcode"><citetitle>Public Domain (CC0 1.0)</citetitle></ulink>. Users may copy, modify, distribute and use the work, including for commercial purposes, without restriction.</para>
        </intellectualRights>
        <licensed>
            <licenseName>Creative Commons Zero v1.0 Universal</licenseName>
            <url>https://spdx.org/licenses/CC0-1.0.html</url>
            <identifier>CC0-1.0</identifier>
        </licensed>
        <distribution scope="document">
            <online>
                <url function="download">https://sernecportal.org/portal/content/dwca/UAM_DwC-A.zip</url>
            </online>
        </distribution>
        <contact>
            <organizationName>University of Arkansas at Monticello</organizationName>
            <electronicMailAddress>abbottjr@uamont.edu</electronicMailAddress>
        </contact>

    </dataset>

    <additionalMetadata>
        <metadata>
            <gbif>
                <dateStamp>2024-11-04T13:30:22Z</dateStamp>
                <citation>University of Arkansas at Monticello (2024). University of Arkansas at Monticello. Occurrence dataset https://doi.org/10.15468/w6f6aa accessed via GBIF.org on 2024-11-04.</citation>
            </gbif>
        </metadata>
    </additionalMetadata>
    </eml:eml>
