<?xml version="1.0" encoding="utf-8"?>
<eml:eml xmlns:eml="https://eml.ecoinformatics.org/eml-2.2.0" xmlns:xsi="http://www.w3.org/2001/XMLSchema-instance"
         xsi:schemaLocation="https://eml.ecoinformatics.org/eml-2.2.0 https://rs.gbif.org/schema/eml-gbif-profile/1.3/eml.xsd"
packageId="cfbdc726-cd55-4d58-a6db-9aebe037a6d9"  system="http://gbif.org" scope="system"
xml:lang="en">
    <dataset>
        <alternateIdentifier>10.15468/c2gj2t</alternateIdentifier>
        <alternateIdentifier>https://sernecportal.org/portal/collections/misc/collprofiles.php?collid=441</alternateIdentifier>
        <alternateIdentifier>https://www.sernecportal.org/portal/collections/misc/collprofiles.php?collid=441</alternateIdentifier>
        <title>Lord Fairfax Community College Herbarium</title>
        <creator>
            <organizationName>SERNEC</organizationName>
            <electronicMailAddress>hbrown@mailbox.sc.edu</electronicMailAddress>
            <onlineUrl>https://www.sernecportal.org/portal/index.php</onlineUrl>
        </creator>
        <metadataProvider>
            <organizationName>SERNEC</organizationName>
            <electronicMailAddress>hbrown@mailbox.sc.edu</electronicMailAddress>
            <onlineUrl>https://www.sernecportal.org/portal/index.php</onlineUrl>
        </metadataProvider>
        <associatedParty>
            <individualName>
                <givenName>Andrea</givenName>
                <surName>Weeks</surName>
            </individualName>
            <positionName>Director &amp; Curator</positionName>
            <electronicMailAddress>aweeks3@gmu.edu</electronicMailAddress>
            <role>CONTENT_PROVIDER</role>
        </associatedParty>
        <pubDate>
                2024-06-28
        </pubDate>
        <language>ENGLISH</language>
        <abstract>
            The LFCC collection, founded by Lord Fairfax Community College Professor Robert Simpson in 1974 and originally located in Middletown, Virginia, was transferred to GMUF in 2019.
        </abstract>
        <intellectualRights>
            <para>This work is licensed under a <ulink url="http://creativecommons.org/licenses/by/4.0/legalcode"><citetitle>Creative Commons Attribution (CC-BY) 4.0 License</citetitle></ulink>.</para>
        </intellectualRights>
        <licensed>
            <licenseName>Creative Commons Attribution 4.0 International</licenseName>
            <url>https://spdx.org/licenses/CC-BY-4.0.html</url>
            <identifier>CC-BY-4.0</identifier>
        </licensed>
        <distribution scope="document">
            <online>
                <url function="download">https://www.sernecportal.org/portal/content/dwca/LFCC_DwC-A.zip</url>
            </online>
        </distribution>
        <contact>
            <organizationName>Lord Fairfax Community College Herbarium</organizationName>
            <electronicMailAddress>aweeks3@gmu.edu</electronicMailAddress>
        </contact>

    </dataset>

    <additionalMetadata>
        <metadata>
            <gbif>
                <dateStamp>2024-11-04T13:30:15Z</dateStamp>
                <citation>Lord Fairfax Community College Herbarium (LFCC) (2024). Lord Fairfax Community College Herbarium. Occurrence dataset https://doi.org/10.15468/c2gj2t accessed via GBIF.org on 2024-11-04.</citation>
            </gbif>
        </metadata>
    </additionalMetadata>
    </eml:eml>
