<?xml version="1.0" encoding="utf-8"?>
<eml:eml xmlns:eml="https://eml.ecoinformatics.org/eml-2.2.0" xmlns:xsi="http://www.w3.org/2001/XMLSchema-instance"
         xsi:schemaLocation="https://eml.ecoinformatics.org/eml-2.2.0 https://rs.gbif.org/schema/eml-gbif-profile/1.3/eml.xsd"
packageId="10.15468/dl.8s9srz"  system="http://gbif.org" scope="system"
xml:lang="en">
    <dataset>
        <alternateIdentifier>0020991-241024112534372</alternateIdentifier>
        <title>GBIF Occurrence Download 10.15468/dl.8s9srz</title>
        <creator>
            <individualName>
                <surName>GBIF Download Service</surName>
            </individualName>
            <electronicMailAddress>support@gbif.org</electronicMailAddress>
        </creator>
        <metadataProvider>
            <individualName>
                <surName>GBIF Download Service</surName>
            </individualName>
            <electronicMailAddress>support@gbif.org</electronicMailAddress>
        </metadataProvider>
        <pubDate>
                2024-11-04
        </pubDate>
        <language>ENGLISH</language>
        <abstract>
            A dataset containing all occurrences available in GBIF matching the query:
{
  "and" : [
    "TaxonKey is Vaccinium hirsutum Buckley",
    "BasisOfRecord is one of (Specimen, Human Observation, Occurrence evidence, Material sample, Living Specimen)",
    "HasCoordinate is true",
    "Country is one of (Canada, United States of America, Mexico)"
  ]
}
The dataset includes records from the following constituent datasets. The full metadata for each constituent is also included in this archive:
7 records from Plant Resources Center
3 records from University of Louisiana at Monroe Herbarium, R. Dale Thomas Collection
3 records from University of Southern Mississippi Herbarium
1 records from G. S. Torrey Herbarium at the University of Connecticut (CONN)
2 records from Western Carolina University Herbarium
1 records from Tropicos Specimens Non-MO
1 records from Duke University Vascular Plant Collection
3 records from Tropicos MO Specimen Data
1 records from Botanical Research Institute of Texas, Philecology Herbarium
7 records from North Carolina State University Vascular Plant Herbarium
1 records from Academy of Natural Sciences of Drexel University
3 records from A global database for the distributions of crop wild relatives
1 records from Louisiana State University, Shirley C. Tucker Herbarium - Vascular Plants
1 records from United States National Plant Germplasm System Collection
1 records from The New York Botanical Garden Herbarium (NY)
1 records from University of Alabama Herbarium
29 records from University of North Carolina at Chapel Hill Herbarium: Vascular Plants
1 records from Herbarium Berolinense, Berlin (B)
38 records from iNaturalist Research-grade Observations
2 records from Old Dominion University Herbarium

        </abstract>
        <contact>
            <individualName>
                <surName>GBIF Download Service</surName>
            </individualName>
            <electronicMailAddress>support@gbif.org</electronicMailAddress>
        </contact>

    </dataset>

    <additionalMetadata>
        <metadata>
            <gbif>
                <dateStamp>2024-11-04T13:32:04Z</dateStamp>
                <citation identifier="10.15468/dl.8s9srz">GBIF Occurrence Download 10.15468/dl.8s9srz</citation>
                <physical>
                    <objectName>Darwin Core Archive</objectName>
                    <characterEncoding>UTF-8</characterEncoding>
                    <dataFormat>
                        <externallyDefinedFormat>
                            <formatName>Darwin Core Archive</formatName>
                        </externallyDefinedFormat>
                    </dataFormat>
                    <distribution>
                        <online>
                            <url function="download">https://api.gbif.org/v1/occurrence/download/request/0020991-241024112534372.zip</url>
                        </online>
                    </distribution>
                </physical>
            </gbif>
        </metadata>
    </additionalMetadata>
    </eml:eml>
