<?xml version="1.0" encoding="utf-8"?>
<eml:eml xmlns:eml="https://eml.ecoinformatics.org/eml-2.2.0" xmlns:xsi="http://www.w3.org/2001/XMLSchema-instance"
         xsi:schemaLocation="https://eml.ecoinformatics.org/eml-2.2.0 https://rs.gbif.org/schema/eml-gbif-profile/1.3/eml.xsd"
packageId="baa75750-d5d1-4108-aa47-ef56ab41c8c8"  system="http://gbif.org" scope="system"
xml:lang="fr">
    <dataset>
        <alternateIdentifier>10.26071/ogsl-0925e105-860e</alternateIdentifier>
        <alternateIdentifier>baa75750-d5d1-4108-aa47-ef56ab41c8c8</alternateIdentifier>
        <alternateIdentifier>https://ipt.iobis.org/obiscanada/resource?r=zip-rne_marais-hickey</alternateIdentifier>
        <title>The Hickey Marsh - Characterization of Important Coastal Habitats on the North Shore of the St. Lawrence Maritime Estuary | Le marais à Hickey - Caractérisation des habitats littoraux d’importance de la rive nord de l’estuaire maritime du Saint-Laurent</title>
        <creator>
            <individualName>
                <surName>Comité Zip de la Rive Nord de l&apos;Estuaire</surName>
            </individualName>
            <organizationName>Comité Zip de la Rive Nord de l&apos;Estuaire</organizationName>
            <positionName>Data collector</positionName>
            <address>
                <country>CANADA</country>
            </address>
            <electronicMailAddress>zip.rne@zipnord.qc.ca</electronicMailAddress>
        </creator>
        <metadataProvider>
            <individualName>
                <givenName>Valérie</givenName>
                <surName>Desrochers</surName>
            </individualName>
            <organizationName>Comité ZIP de la Rive Nord de l&apos;Estuaire</organizationName>
            <positionName>Data Manager</positionName>
            <address>
                <country>CANADA</country>
            </address>
            <electronicMailAddress>valerie.desrochers@zipnord.qc.ca</electronicMailAddress>
        </metadataProvider>
        <associatedParty>
            <individualName>
                <surName>OGSL</surName>
            </individualName>
            <organizationName>Observatoire global du Saint-Laurent</organizationName>
            <positionName>Data Curation and Stewardship</positionName>
            <address>
                <country>CANADA</country>
            </address>
            <electronicMailAddress>data@ogsl.ca</electronicMailAddress>
            <onlineUrl>https://ogsl.ca/</onlineUrl>
            <role>PUBLISHER</role>
        </associatedParty>
        <pubDate>
                2024-05-09
        </pubDate>
        <language>FRENCH</language>
        <abstract>
            <para>A project to characterize important coastal habitats on the north shore of the St. Lawrence maritime Estuary has been funded for a period of 4 years (2018-2022). The aim of this project is to generate ecological reference data to draw a global portrait of the state of seven coastal marshes, namely the Portneuf-sur-Mer marshes, the Mille-Vaches bay, the Pointe des Fortin, Bays des Grandes et des Petites Bergeronnes, Pointe-aux-Outardes and the Hickey marsh.

This dataset covers the Hickey (Colombier) marsh area and associated wetlands. In order to improve knowledge of these ecosystems, a floristic and ichthyological inventory was carried out and the various abiotic factors characterized. Geomorphological data has also been collected, but it is not included in this dataset. However, they remain available by contacting directly the *Comité ZIP de la Rive Nord de l&amp;#39;Estuaire* (RNE) to have access to them. The ZIP RNE Committee holds orthomosaics from the site under study.

This project is part of Fisheries and Ocean Canada&amp;#39;s Coastal Environmental Baseline Program.</para>
<para>Un projet de caractérisation des habitats littoraux d’importance de la rive nord de l’estuaire maritime du Saint-Laurent a été subventionné pour une période de 4 ans (2018-2022). Ce projet a pour but de générer des données écologiques de référence pour tracer un portrait global de l’état de sept marais littoraux, soit les marais de Portneuf-sur-Mer, de la baie de Mille-Vaches, de la pointe des Fortin, des baies des Grandes et des Petites Bergeronnes, la Pointe-aux-Outardes et le marais à Hickey.

Ce jeu de données couvre le secteur du marais à Hickey (Colombier) et les milieux humides connexes. Afin d’améliorer les connaissances de ces écosystèmes, un inventaire floristique et un ichtyologique ont été réalisés et les différents facteurs abiotiques caractérisés. Des données géomorphologiques ont aussi été collectées, mais elles ne sont pas incluses dans ce jeu de données. Elles restent toutefois disponibles en prenant contact directement avec le Comité ZIP de la Rive Nord de l’Estuaire (RNE) pour y avoir accès. Le Comité ZIP RNE détient des orthomosaïques du site à l’étude.

Ce projet fait partie du Programme sur les données environnementales côtières de référence de Pêches et Océan Canada.</para>
        </abstract>
        <keywordSet>
            <keyword>coastal flora</keyword>
            <keyword>important habitat</keyword>
            <keyword>coastal characterization</keyword>
            <keyword>fish</keyword>
            <keyword>habitat characterization</keyword>
            <keyword>marsh</keyword>
            <keywordThesaurus>n/a</keywordThesaurus>
        </keywordSet>
        <keywordSet>
            <keyword>Samplingevent</keyword>
            <keywordThesaurus>GBIF Dataset Type Vocabulary: http://rs.gbif.org/vocabulary/gbif/dataset_type_2015-07-10.xml</keywordThesaurus>
        </keywordSet>
        <intellectualRights>
            <para>This work is licensed under a <ulink url="http://creativecommons.org/licenses/by/4.0/legalcode"><citetitle>Creative Commons Attribution (CC-BY) 4.0 License</citetitle></ulink>.</para>
        </intellectualRights>
        <licensed>
            <licenseName>Creative Commons Attribution 4.0 International</licenseName>
            <url>https://spdx.org/licenses/CC-BY-4.0.html</url>
            <identifier>CC-BY-4.0</identifier>
        </licensed>
        <distribution scope="document">
            <online>
                <url function="information">https://catalogue.ogsl.ca/dataset/ca-cioos_0925e105-860e-4fe7-83ac-afc5e4c2699e</url>
            </online>
        </distribution>
        <distribution scope="document">
            <online>
                <url function="download">https://ipt.iobis.org/obiscanada/archive.do?r=zip-rne_marais-hickey</url>
            </online>
        </distribution>
        <coverage>
            <geographicCoverage>
                <geographicDescription>Le marais à Hickey (Colombier) sur la rive nord de l’estuaire maritime du Saint-Laurent.</geographicDescription>
                <boundingCoordinates>
                    <westBoundingCoordinate>-68.785</westBoundingCoordinate>
                    <eastBoundingCoordinate>-68.757</eastBoundingCoordinate>
                    <northBoundingCoordinate>48.902</northBoundingCoordinate>
                    <southBoundingCoordinate>48.889</southBoundingCoordinate>
                </boundingCoordinates>
            </geographicCoverage>
            <temporalCoverage>
                <rangeOfDates>
                    <beginDate>
                        <calendarDate>                2022-07-04
</calendarDate>
                    </beginDate>
                    <endDate>
                        <calendarDate>                2022-07-04
</calendarDate>
                    </endDate>
                </rangeOfDates>
            </temporalCoverage>
        </coverage>
        <maintenance>
            <description>
                <para></para>
            </description>
            <maintenanceUpdateFrequency>asNeeded</maintenanceUpdateFrequency>
        </maintenance>
        <contact>
            <individualName>
                <givenName>Valérie</givenName>
                <surName>Desrochers</surName>
            </individualName>
            <organizationName>Comité ZIP de la Rive Nord de l&apos;Estuaire</organizationName>
            <positionName>Data Manager</positionName>
            <address>
                <country>CANADA</country>
            </address>
            <electronicMailAddress>valerie.desrochers@zipnord.qc.ca</electronicMailAddress>
            <onlineUrl>https://zipnord.qc.ca/fr/</onlineUrl>
        </contact>
        <methods>
            <methodStep>
                <description>
                    <para>- Utilisation de bourolle et de verveux pour l&apos;échantillonnage ichtyologique.
- Observation visuelle pour la flore.</para>
                </description>
            </methodStep>
            <sampling>
                <studyExtent>
                    <description>
                        <para>Le marais à Hickey dans le secteur de Colombier sur la rive nord de l’estuaire maritime du Saint-Laurent</para>
                    </description>
                </studyExtent>
                <samplingDescription>
                    <para>Utilisation de bourolle et de verveux pour l&apos;échantillonnage ichtyologique.
Observation visuelle pour la flore.</para>
                </samplingDescription>
            </sampling>
            <qualityControl>
                <description>
                    <para>Utilisation d&apos;un outil développé avec le package pyobis pour faire des validations sur les données.</para>
                </description>
            </qualityControl>
        </methods>

            <project >
                <title>Coastal Environmental Baseline Program | Programme sur les données environnementales côtières de référence</title>
                <abstract>
                    <para></para>
                </abstract>
                <funding>
                    <para></para>
                </funding>
            </project>
    </dataset>

    <additionalMetadata>
        <metadata>
            <gbif>
                <dateStamp>2024-11-04T13:39:52Z</dateStamp>
                <citation identifier="https://doi.org/10.26071/ogsl-0925e105-860e">Comité Zip de la Rive Nord de l&apos;Estuaire, Desrochers V (2024). The Hickey Marsh - Characterization of Important Coastal Habitats on the North Shore of the St. Lawrence Maritime Estuary | Le marais à Hickey - Caractérisation des habitats littoraux d’importance de la rive nord de l’estuaire maritime du Saint-Laurent. Version 1.28. Observatoire Global du Saint-Laurent. Sampling event dataset https://doi.org/10.26071/ogsl-0925e105-860e accessed via GBIF.org on 2024-11-04.</citation>
                <resourceLogoUrl>https://ogsl.ca/commons/projet/ckan/logo/zip-nord-estuaire.png</resourceLogoUrl>
            </gbif>
        </metadata>
    </additionalMetadata>
    </eml:eml>
