<?xml version="1.0" encoding="utf-8"?>
<eml:eml xmlns:eml="https://eml.ecoinformatics.org/eml-2.2.0" xmlns:xsi="http://www.w3.org/2001/XMLSchema-instance"
         xsi:schemaLocation="https://eml.ecoinformatics.org/eml-2.2.0 https://rs.gbif.org/schema/eml-gbif-profile/1.3/eml.xsd"
packageId="0e1a8d83-1f7a-4b9d-ade7-a665f836eb10"  system="http://gbif.org" scope="system"
xml:lang="fr">
    <dataset>
        <alternateIdentifier>10.26071/ogsl-5374b582-43aa</alternateIdentifier>
        <alternateIdentifier>https://ipt.iobis.org/obiscanada/resource?r=zip-rne_marais-portneuf-sur-mer</alternateIdentifier>
        <title>The Portneuf-sur-Mer Salt Marsh - Characterization of Important Coastal Habitats on the North Shore of the St. Lawrence Estuary | Le marais salé de Portneuf-sur-Mer - Caractérisation des habitats littoraux d’importance de la rive nord de l’estuaire maritime du Saint-Laurent</title>
        <creator>
            <individualName>
                <surName>Comité Zip de la Rive Nord de l&apos;Estuaire</surName>
            </individualName>
            <organizationName>Comité Zip de la Rive Nord de l&apos;Estuaire</organizationName>
            <positionName>Data owner</positionName>
            <address>
                <country>CANADA</country>
            </address>
            <electronicMailAddress>zip.rne@zipnord.qc.ca</electronicMailAddress>
            <onlineUrl>https://zipnord.qc.ca/fr/</onlineUrl>
        </creator>
        <metadataProvider>
            <individualName>
                <surName>Comité Zip de la Rive Nord de l&apos;Estuaire</surName>
            </individualName>
            <organizationName>Comité Zip de la Rive Nord de l&apos;Estuaire</organizationName>
            <positionName>Data owner</positionName>
            <address>
                <country>CANADA</country>
            </address>
            <electronicMailAddress>zip.rne@zipnord.qc.ca</electronicMailAddress>
            <onlineUrl>https://zipnord.qc.ca/fr/</onlineUrl>
        </metadataProvider>
        <associatedParty>
            <individualName>
                <surName>OGSL</surName>
            </individualName>
            <organizationName>Observatoire global du Saint-Laurent</organizationName>
            <positionName>Data Curation and Stewardship</positionName>
            <address>
                <country>CANADA</country>
            </address>
            <electronicMailAddress>data@ogsl.ca</electronicMailAddress>
            <onlineUrl>https://ogsl.ca/</onlineUrl>
            <role>PUBLISHER</role>
        </associatedParty>
        <pubDate>
                2024-02-12
        </pubDate>
        <language>FRENCH</language>
        <abstract>
            <para>A project to characterize important coastal habitats on the north shore of the St. Lawrence Estuary was funded for a period of 4 years (2018-2022). The purpose of this project is to generate reference ecological data to draw a global portrait of the state of coastal marshes in the upper north shore sector of Quebec.

This dataset covers the Portneuf-sur-Mer swamp sector. In order to improve knowledge of this ecosystem, floristic and faunal inventories (ichthyological and benthic) have been carried out and the various abiotic factors characterized. A project carried out in parallel by the Comité ZIP de la Rive Nord de l&amp;#39;Estuaire broadened the characterization of the Portneuf-sur-Mer marsh by adding a geomorphological component. A characterization report including an intervention plan was thus produced and is available in this dataset.

This project is part of the Coastal Environmental Baseline Program under the Oceans Protection Plan of Fisheries and Oceans Canada.</para>
<para>Un projet de caractérisation des habitats littoraux d’importance de la rive nord de l’estuaire maritime du Saint-Laurent a été subventionné pour une période de 4 ans (2018-2022). Ce projet a pour but de générer des données écologiques de référence pour tracer un portrait global de l’état des marais littoraux dans le secteur de la haute côte-nord du Québec.

Ce jeu de données couvre le secteur du marais de Portneuf-sur-Mer. Afin d’améliorer les connaissances de cet écosystème, des inventaires floristiques et fauniques (ichtyologiques et benthiques) ont été réalisés et les différents facteurs abiotiques caractérisés. Un projet mené en parallèle par le Comité ZIP de la Rive Nord de l&amp;#39;Estuaire a permis d&amp;#39;élargir la caractérisation du marais de Portneuf-sur-Mer par l&amp;#39;ajout du volet géomorphologique. Un rapport de caractérisation incluant un plan d&amp;#39;intervention a ainsi été réalisé et est disponible dans le présent jeu de données.

Ce projet fait partie du Programme sur les données environnementales côtières de référence de Pêches et Océan Canada.</para>
        </abstract>
        <keywordSet>
            <keyword>Samplingevent</keyword>
            <keywordThesaurus>GBIF Dataset Type Vocabulary: http://rs.gbif.org/vocabulary/gbif/dataset_type_2015-07-10.xml</keywordThesaurus>
        </keywordSet>
        <keywordSet>
            <keyword>Abondance et distribution d&apos;invertébrés</keyword>
            <keyword>Composition et couverture des herbiers marins</keyword>
            <keyword>Fish abundance and distribution</keyword>
            <keyword>Invertebrate abundance and distribution | Abondance et distribution de poissons</keyword>
            <keyword>Seagrass cover and composition</keyword>
            <keywordThesaurus>GOOS EOV Vocabulary</keywordThesaurus>
        </keywordSet>
        <keywordSet>
            <keyword>important habitat | marais salée</keyword>
            <keyword>habitat important</keyword>
            <keyword>habitat caracterization</keyword>
            <keyword>salt marsh</keyword>
            <keyword>caractérisation d&apos;habitat</keyword>
            <keywordThesaurus>n/a</keywordThesaurus>
        </keywordSet>
        <intellectualRights>
            <para>This work is licensed under a <ulink url="http://creativecommons.org/licenses/by/4.0/legalcode"><citetitle>Creative Commons Attribution (CC-BY) 4.0 License</citetitle></ulink>.</para>
        </intellectualRights>
        <licensed>
            <licenseName>Creative Commons Attribution 4.0 International</licenseName>
            <url>https://spdx.org/licenses/CC-BY-4.0.html</url>
            <identifier>CC-BY-4.0</identifier>
        </licensed>
        <distribution scope="document">
            <online>
                <url function="information">https://doi.org/10.26071/ogsl-5374b582-43aa</url>
            </online>
        </distribution>
        <distribution scope="document">
            <online>
                <url function="download">https://ipt.iobis.org/obiscanada/archive.do?r=zip-rne_marais-portneuf-sur-mer</url>
            </online>
        </distribution>
        <coverage>
            <geographicCoverage>
                <geographicDescription>Portneuf-sur-Mer salt marsh on the north shore of the St. Lawrence estuary | Le marais salé de Portneuf-sur-Mer sur la rive nord de l’estuaire maritime du Saint-Laurent</geographicDescription>
                <boundingCoordinates>
                    <westBoundingCoordinate>-69.139</westBoundingCoordinate>
                    <eastBoundingCoordinate>-69.045</eastBoundingCoordinate>
                    <northBoundingCoordinate>48.626</northBoundingCoordinate>
                    <southBoundingCoordinate>48.577</southBoundingCoordinate>
                </boundingCoordinates>
            </geographicCoverage>
            <temporalCoverage>
                <rangeOfDates>
                    <beginDate>
                        <calendarDate>                2018-01-01
</calendarDate>
                    </beginDate>
                    <endDate>
                        <calendarDate>                2018-01-01
</calendarDate>
                    </endDate>
                </rangeOfDates>
            </temporalCoverage>
        </coverage>
        <maintenance>
            <description>
                <para></para>
            </description>
            <maintenanceUpdateFrequency>asNeeded</maintenanceUpdateFrequency>
        </maintenance>
        <contact>
            <individualName>
                <givenName>Valérie</givenName>
                <surName>Desrochers</surName>
            </individualName>
            <organizationName>Comité Zip de la Rive Nord de l&apos;Estuaire</organizationName>
            <positionName>Data Manager</positionName>
            <address>
                <country>CANADA</country>
            </address>
            <electronicMailAddress>valerie.desrochers@zipnord.qc.ca</electronicMailAddress>
            <onlineUrl>https://zipnord.qc.ca/fr/</onlineUrl>
        </contact>
        <methods>
            <methodStep>
                <description>
                    <para>Bourolle, senne, verveux pour l&apos;échantillonnage ichtyologique. Observation Humaine pour la flore. Carotteuse et prise opportuniste pour le benthos. Physico-chimie sur les sites d&apos;échantillonnages. Observation des sites d&apos;études.</para>
                </description>
            </methodStep>
            <sampling>
                <studyExtent>
                    <description>
                        <para>The Portneuf-sur-Mer marsh on the north shore of the St. Lawrence estuary | Le marais de Portneuf-sur-Mer sur la rive nord de l’estuaire maritime du Saint-Laurent</para>
                    </description>
                </studyExtent>
                <samplingDescription>
                    <para>Bourolle, senne, verveux pour l&apos;échantillonnage ichtyologique. Observation Humaine pour la flore. Carotteuse et prise opportuniste pour le benthos. Physico-chimie sur les sites d&apos;échantillonnages.</para>
                </samplingDescription>
            </sampling>
            <qualityControl>
                <description>
                    <para>Data recorded processed using pyobistools package (python language) | Utilisation d&apos;un outil développé avec le package pyobistools pour faire des validations sur les données.</para>
                </description>
            </qualityControl>
        </methods>

            <project >
                <title>Coastal Environmental Baseline Program | Programme sur les données environnementales côtières de référence</title>
                <abstract>
                    <para></para>
                </abstract>
                <funding>
                    <para>Fisheries and Oceans Canada | Pêches et Océans Canada</para>
                </funding>
            </project>
    </dataset>

    <additionalMetadata>
        <metadata>
            <gbif>
                <dateStamp>2024-11-04T14:03:15Z</dateStamp>
                <citation identifier="https://doi.org/10.26071/ogsl-5374b582-43aa">Comité Zip de la Rive Nord de l&apos;Estuaire (2024). The Portneuf-sur-Mer Salt Marsh - Characterization of Important Coastal Habitats on the North Shore of the St. Lawrence Estuary | Le marais salé de Portneuf-sur-Mer - Caractérisation des habitats littoraux d’importance de la rive nord de l’estuaire maritime du Saint-Laurent. Observatoire Global du Saint-Laurent. Sampling event dataset https://doi.org/10.26071/ogsl-5374b582-43aa accessed via GBIF.org on 2024-11-04.</citation>
                <resourceLogoUrl>https://ogsl.ca/commons/projet/ckan/logo/zip-nord-estuaire.png</resourceLogoUrl>
            </gbif>
        </metadata>
    </additionalMetadata>
    </eml:eml>
