<?xml version="1.0" encoding="utf-8"?>
<eml:eml xmlns:eml="https://eml.ecoinformatics.org/eml-2.2.0" xmlns:xsi="http://www.w3.org/2001/XMLSchema-instance"
         xsi:schemaLocation="https://eml.ecoinformatics.org/eml-2.2.0 https://rs.gbif.org/schema/eml-gbif-profile/1.3/eml.xsd"
packageId="32a242ff-db39-4513-971b-a042b6380828"  system="http://gbif.org" scope="system"
xml:lang="fr">
    <dataset>
        <alternateIdentifier>10.26071/ogsl-f10f496a-acf4</alternateIdentifier>
        <alternateIdentifier>https://ipt.iobis.org/obiscanada/resource?r=zip-rne_marais-baie-mille-vaches</alternateIdentifier>
        <title>Baie de Mille-Vaches marsh - Characterization of important coastal habitats on the north shore of the St.Lawrence maritime Estuary | Le marais de la baie de Mille-Vaches - Caractérisation des habitats littoraux d’importance de la rive nord de l’estuaire maritime du Saint-Laurent</title>
        <creator>
            <individualName>
                <surName>Comité Zip de la Rive Nord de l&apos;Estuaire</surName>
            </individualName>
            <organizationName>Comité Zip de la Rive Nord de l&apos;Estuaire</organizationName>
            <positionName>Data collector</positionName>
            <electronicMailAddress>zip.rne@zipnord.qc.ca</electronicMailAddress>
            <onlineUrl>https://zipnord.qc.ca/fr/</onlineUrl>
        </creator>
        <associatedParty>
            <individualName>
                <surName>OGSL</surName>
            </individualName>
            <organizationName>Observatoire global du Saint-Laurent</organizationName>
            <address>
                <country>CANADA</country>
            </address>
            <electronicMailAddress>data@ogsl.ca</electronicMailAddress>
            <onlineUrl>https://ogsl.ca/</onlineUrl>
            <role>PUBLISHER</role>
        </associatedParty>
        <pubDate>
                2023-04-25
        </pubDate>
        <language>FRENCH</language>
        <abstract>
            <para>A project to characterize important coastal habitats on the north shore of the St. Lawrence Estuary was funded for a period of 4 years (2018-2022). The purpose of this project is to generate reference ecological data to draw a global portrait of the state of coastal marshes in the upper north shore sector of Quebec.

This dataset covers the area of the Baie de Mille-Vaches marsh, also known as Pointe à Boisvert (Municipality of Longue-Rive). In order to improve knowledge of this ecosystem, flora and fauna (ichthyological and benthic) inventories have been carried out and the various abiotic factors characterized. Geomorphological data was also collected, but is not included in this dataset. However, they remain available, contact the ZIP Committee of the North Shore of the Estuary (RNE) directly to access them. The ZIP RNE Committee also holds orthomosaics of the marsh. This project is part of the Coastal Environmental Baseline Program Initiative under the Oceans Protection Plan of Fisheries and Oceans Canada.</para>
<para>Un projet de caractérisation des habitats littoraux d’importance de la rive nord de l’estuaire maritime du Saint-Laurent a été subventionné pour une période de 4 ans (2018-2022). Ce projet a pour but de générer des données écologiques de référence pour tracer un portrait global de l’état des marais littoraux dans le secteur de la haute côte-nord du Québec.

Ce jeu de données couvre le secteur du marais de la baie de Mille-Vaches, également connu sous le nom de la pointe à Boisvert (Municipalité Longue-Rive). Afin d’améliorer les connaissances de cet écosystème, des inventaires floristiques et fauniques (ichtyologiques et benthiques) ont été réalisés et les différents facteurs abiotiques caractérisés. Des données géomorphologiques ont aussi été collectés, mais elles ne sont pas incluses dans ce jeu de données. Elles restent toutefois disponibles, contactez directement le Comité ZIP de la Rive Nord de l’Estuaire (RNE) pour y avoir accès. Le Comité ZIP RNE détient aussi des orthomosaïques du marais. Ce projet fait partie du Programme sur les données environnementales côtières de référence de Pêches et Océan Canada.</para>
        </abstract>
        <keywordSet>
            <keyword>Samplingevent</keyword>
            <keywordThesaurus>GBIF Dataset Type Vocabulary: http://rs.gbif.org/vocabulary/gbif/dataset_type_2015-07-10.xml</keywordThesaurus>
        </keywordSet>
        <keywordSet>
            <keyword>Abondance et distribution d&apos;invertébrés</keyword>
            <keyword>Composition et couverture des herbiers marins</keyword>
            <keyword>Abondance et distribution de tortues marines</keyword>
            <keyword>Fish abundance and distribution</keyword>
            <keyword>Abondance et distribution de poissons</keyword>
            <keyword>mammals abundance and distribution</keyword>
            <keyword>Invertebrate abundance and distribution</keyword>
            <keyword>Marine turtles</keyword>
            <keyword>Seagrass cover and composition</keyword>
            <keyword>birds</keyword>
            <keyword>oiseaux et mammifères</keyword>
            <keywordThesaurus>GOOS EOVs</keywordThesaurus>
        </keywordSet>
        <keywordSet>
            <keyword>important habitat</keyword>
            <keyword>marais salée</keyword>
            <keyword>habitat important</keyword>
            <keyword>habitat caracterization</keyword>
            <keyword>caractérisation d&apos;habitat</keyword>
            <keyword>salt marsh</keyword>
            <keywordThesaurus>n/a</keywordThesaurus>
        </keywordSet>
        <intellectualRights>
            <para>This work is licensed under a <ulink url="http://creativecommons.org/licenses/by/4.0/legalcode"><citetitle>Creative Commons Attribution (CC-BY) 4.0 License</citetitle></ulink>.</para>
        </intellectualRights>
        <licensed>
            <licenseName>Creative Commons Attribution 4.0 International</licenseName>
            <url>https://spdx.org/licenses/CC-BY-4.0.html</url>
            <identifier>CC-BY-4.0</identifier>
        </licensed>
        <distribution scope="document">
            <online>
                <url function="information">https://catalogue.ogsl.ca/fr/dataset/ca-cioos_f10f496a-acf4-4274-9c7b-7a005bcf54ed</url>
            </online>
        </distribution>
        <distribution scope="document">
            <online>
                <url function="download">https://ipt.iobis.org/obiscanada/archive.do?r=zip-rne_marais-baie-mille-vaches</url>
            </online>
        </distribution>
        <coverage>
            <geographicCoverage>
                <geographicDescription>Le marais de la baie de Mille-Vaches sur la rive nord de l’estuaire maritime du Saint-Laurent</geographicDescription>
                <boundingCoordinates>
                    <westBoundingCoordinate>-69.257</westBoundingCoordinate>
                    <eastBoundingCoordinate>-69.148</eastBoundingCoordinate>
                    <northBoundingCoordinate>48.586</northBoundingCoordinate>
                    <southBoundingCoordinate>48.519</southBoundingCoordinate>
                </boundingCoordinates>
            </geographicCoverage>
            <temporalCoverage>
                <singleDateTime>
                    <calendarDate>                2019-01-01
</calendarDate>
                </singleDateTime>
            </temporalCoverage>
        </coverage>
        <maintenance>
            <description>
                <para></para>
            </description>
            <maintenanceUpdateFrequency>asNeeded</maintenanceUpdateFrequency>
        </maintenance>
        <contact>
            <individualName>
                <givenName>Valérie</givenName>
                <surName>Desrochers</surName>
            </individualName>
            <organizationName>Comité Zip de la Rive Nord de l&apos;Estuaire</organizationName>
            <positionName>Data Manager</positionName>
            <address>
                <country>CANADA</country>
            </address>
            <electronicMailAddress>valerie.desrochers@zipnord.qc.ca</electronicMailAddress>
            <onlineUrl>https://zipnord.qc.ca/fr/</onlineUrl>
        </contact>
        <methods>
            <methodStep>
                <description>
                    <para>Bourolle, senne, verveux pour l&apos;échantillonnage ichtyologique. Observation Humaine pour la flore. Carotteuse et prise opportuniste pour le benthos. Physico-chimie sur les sites d&apos;échantillonnages. Observation des sites d&apos;études.</para>
                </description>
            </methodStep>
            <sampling>
                <studyExtent>
                    <description>
                        <para>Le marais de la baie de Mille-Vaches sur la rive nord de l’estuaire maritime du Saint-Laurent</para>
                    </description>
                </studyExtent>
                <samplingDescription>
                    <para>Bourolle, senne, verveux pour l&apos;échantillonnage ichtyologique. Observation Humaine pour la flore. Carotteuse et prise opportuniste pour le benthos. Physico-chimie sur les sites d&apos;échantillonnages.</para>
                </samplingDescription>
            </sampling>
            <qualityControl>
                <description>
                    <para>Utilisation d&apos;un outil développé avec le package pyobistools pour faire des validations sur les données.</para>
                </description>
            </qualityControl>
        </methods>

            <project >
                <title>Coastal Environmental Baseline Program | Programme sur les données environnementales côtières de référence</title>
                <abstract>
                    <para></para>
                </abstract>
                <funding>
                    <para></para>
                </funding>
            </project>
    </dataset>

    <additionalMetadata>
        <metadata>
            <gbif>
                <dateStamp>2024-11-04T14:03:04Z</dateStamp>
                <citation identifier="https://doi.org/10.26071/ogsl-f10f496a-acf4">Comité Zip de la Rive Nord de l&apos;Estuaire (2023). Baie de Mille-Vaches marsh - Characterization of important coastal habitats on the north shore of the St.Lawrence maritime Estuary | Le marais de la baie de Mille-Vaches - Caractérisation des habitats littoraux d’importance de la rive nord de l’estuaire maritime du Saint-Laurent. Observatoire Global du Saint-Laurent. Sampling event dataset https://doi.org/10.26071/ogsl-f10f496a-acf4 accessed via GBIF.org on 2024-11-04.</citation>
                <resourceLogoUrl>https://ogsl.ca/commons/projet/ckan/logo/zip-nord-estuaire.png</resourceLogoUrl>
            </gbif>
        </metadata>
    </additionalMetadata>
    </eml:eml>
