<?xml version="1.0" encoding="utf-8"?>
<eml:eml xmlns:eml="https://eml.ecoinformatics.org/eml-2.2.0" xmlns:xsi="http://www.w3.org/2001/XMLSchema-instance"
         xsi:schemaLocation="https://eml.ecoinformatics.org/eml-2.2.0 https://rs.gbif.org/schema/eml-gbif-profile/1.3/eml.xsd"
packageId="7a7244fc-13b9-43ee-93c9-0d5c4457a86a"  system="http://gbif.org" scope="system"
xml:lang="en">
    <dataset>
        <alternateIdentifier>10.5886/uxx7hzy3</alternateIdentifier>
        <alternateIdentifier>http://data.canadensys.net/ipt/resource?r=jbm-specimens</alternateIdentifier>
        <alternateIdentifier>10.15468/hvudna</alternateIdentifier>
        <alternateIdentifier>http://data.canadensys.net/ipt/resource.do?r=jbm-specimens</alternateIdentifier>
        <alternateIdentifier>7a7244fc-13b9-43ee-93c9-0d5c4457a86a</alternateIdentifier>
        <alternateIdentifier>14163</alternateIdentifier>
        <title>Jardin botanique de Montréal (JBM)</title>
        <creator>
            <individualName>
                <givenName>Stéphane</givenName>
                <surName>Bailleul</surName>
            </individualName>
            <organizationName>Jardin botanique de Montréal</organizationName>
            <positionName>Botanist</positionName>
            <address>
                <deliveryPoint>4101 Sherbrooke est</deliveryPoint>
                <city>Montréal</city>
                <administrativeArea>Québec</administrativeArea>
                <postalCode>H1X 2B2</postalCode>
                <country>CANADA</country>
            </address>
            <phone>514 872-1438</phone>
            <electronicMailAddress>stephanemarc.bailleul@ville.montreal.qc.ca</electronicMailAddress>
            <onlineUrl>http://www2.ville.montreal.qc.ca/jardin/jardin.htm</onlineUrl>
        </creator>
        <metadataProvider>
            <individualName>
                <givenName>Stéphane</givenName>
                <surName>Bailleul</surName>
            </individualName>
            <organizationName>Jardin botanique de Montréal</organizationName>
            <positionName>Botanist</positionName>
            <address>
                <deliveryPoint>4101 Sherbrooke est</deliveryPoint>
                <city>Montréal</city>
                <administrativeArea>Québec</administrativeArea>
                <postalCode>H1X 2B2</postalCode>
                <country>CANADA</country>
            </address>
            <phone>514 872-1438</phone>
            <electronicMailAddress>stephanemarc.bailleul@ville.montreal.qc.ca</electronicMailAddress>
            <onlineUrl>http://www2.ville.montreal.qc.ca/jardin/jardin.htm</onlineUrl>
        </metadataProvider>
        <associatedParty>
            <individualName>
                <givenName>Michel</givenName>
                <surName>Labrecque</surName>
            </individualName>
            <organizationName>Jardin botanique de Montréal</organizationName>
            <positionName>Curator</positionName>
            <address>
                <deliveryPoint>4101 Sherbrooke est</deliveryPoint>
                <city>Montréal</city>
                <administrativeArea>Québec</administrativeArea>
                <postalCode>H1X 2B2</postalCode>
                <country>CANADA</country>
            </address>
            <phone>514 872-1862</phone>
            <electronicMailAddress>michel_labrecque@ville.montreal.qc.ca</electronicMailAddress>
            <onlineUrl>http://www2.ville.montreal.qc.ca/jardin/jardin.htm</onlineUrl>
            <role>CUSTODIAN_STEWARD</role>
        </associatedParty>
        <associatedParty>
            <organizationName>Jardin botanique de Montréal</organizationName>
            <address>
                <deliveryPoint>4101 Sherbrooke est</deliveryPoint>
                <city>Montréal</city>
                <administrativeArea>Québec</administrativeArea>
                <postalCode>H1X 2B2</postalCode>
                <country>CANADA</country>
            </address>
            <role>PUBLISHER</role>
        </associatedParty>
        <pubDate>
                2016-02-15
        </pubDate>
        <language>FRENCH</language>
        <abstract>
            The Jardin botanique de Montréal or Montreal Botanical Garden, is one of four municipal scientific museums committed to biodiversity and sustainable development. The botanical garden has approximately 22,000 taxa (species and cultivars) in culture in its 30 or so exterior thematic gardens and 10 exhibition greenhouses. The major exterior gardens include an arboretum, an alpine garden, a perennial and shade garden as well as Chinese, Japanese and First Nations Gardens. Greenhouses contain extensive orchid, aroid, begonia, gesneriad, bromeliad, succulent and fern collections. This dataset contains only the living and location non-sensitive specimens of the collection.
        </abstract>
        <keywordSet>
            <keyword>Espace pour la vie</keyword>
            <keyword>Canada</keyword>
            <keyword>Jardin botanique de Montréal</keyword>
            <keyword>JBM</keyword>
            <keyword>Montréal</keyword>
            <keyword>Montreal Botanical Garden</keyword>
            <keyword>garden</keyword>
            <keyword>specimens</keyword>
            <keyword>collection</keyword>
            <keyword>Canadensys</keyword>
            <keyword>Québec</keyword>
            <keywordThesaurus>n/a</keywordThesaurus>
        </keywordSet>
        <keywordSet>
            <keyword>Occurrence</keyword>
            <keywordThesaurus>GBIF Dataset Type Vocabulary: http://rs.gbif.org/vocabulary/gbif/dataset_type.xml</keywordThesaurus>
        </keywordSet>
        <intellectualRights>
            <para>To the extent possible under law, the publisher has waived all rights to these data and has dedicated them to the <ulink url="http://creativecommons.org/publicdomain/zero/1.0/legalcode"><citetitle>Public Domain (CC0 1.0)</citetitle></ulink>. Users may copy, modify, distribute and use the work, including for commercial purposes, without restriction.</para>
        </intellectualRights>
        <licensed>
            <licenseName>Creative Commons Zero v1.0 Universal</licenseName>
            <url>https://spdx.org/licenses/CC0-1.0.html</url>
            <identifier>CC0-1.0</identifier>
        </licensed>
        <distribution scope="document">
            <online>
                <url function="information">http://www.ville.montreal.qc.ca/jardin</url>
            </online>
        </distribution>
        <distribution scope="document">
            <online>
                <url function="download">http://data.canadensys.net/ipt/archive.do?r=jbm-specimens</url>
            </online>
        </distribution>
        <coverage>
            <geographicCoverage>
                <geographicDescription>The collection is worldwide in scope. Taxa of temperate climates are cultivated in the exterior gardens. Greenhouses support mostly humid tropical and succulent taxa. Specialty collections include wild collected Araceae from French Guyana, a recognized North American Plant Collection Consortium (NAPCC) botanical rose collection and a substantial orchid collection. American Begonia species are also well represented in the collections.</geographicDescription>
                <boundingCoordinates>
                    <westBoundingCoordinate>-180</westBoundingCoordinate>
                    <eastBoundingCoordinate>180</eastBoundingCoordinate>
                    <northBoundingCoordinate>90</northBoundingCoordinate>
                    <southBoundingCoordinate>-90</southBoundingCoordinate>
                </boundingCoordinates>
            </geographicCoverage>
            <taxonomicCoverage>
                <generalTaxonomicCoverage>Specialty collections include wild collected Araceae from French Guyana, a recognized North American Plant Collection Consortium (NAPCC) botanical rose collection and a substantial orchid collection. American Begonia species are also well represented in the collections.</generalTaxonomicCoverage>
                <taxonomicClassification>
                    <taxonRankName>Family</taxonRankName>
                    <taxonRankValue>Bromeliaceae</taxonRankValue>
                    <commonName>Bromeliads</commonName>
                </taxonomicClassification>
                <taxonomicClassification>
                    <taxonRankName>Family</taxonRankName>
                    <taxonRankValue>Orchidaceae</taxonRankValue>
                    <commonName>Orchids</commonName>
                </taxonomicClassification>
                <taxonomicClassification>
                    <taxonRankName>Family</taxonRankName>
                    <taxonRankValue>Begoniaceae</taxonRankValue>
                    <commonName>Begonias</commonName>
                </taxonomicClassification>
                <taxonomicClassification>
                    <taxonRankName>Family</taxonRankName>
                    <taxonRankValue>Gesneriaceae</taxonRankValue>
                    <commonName>Gesneriads</commonName>
                </taxonomicClassification>
                <taxonomicClassification>
                    <taxonRankName>Family</taxonRankName>
                    <taxonRankValue>Araceae</taxonRankValue>
                    <commonName>Aroids</commonName>
                </taxonomicClassification>
                <taxonomicClassification>
                    <taxonRankName>Genus</taxonRankName>
                    <taxonRankValue>Rosa</taxonRankValue>
                    <commonName>Rose</commonName>
                </taxonomicClassification>
                <taxonomicClassification>
                    <taxonRankName>Kingdom</taxonRankName>
                    <taxonRankValue>Plantae</taxonRankValue>
                    <commonName>Plants</commonName>
                </taxonomicClassification>
                <taxonomicClassification>
                    <taxonRankName>Class</taxonRankName>
                    <taxonRankValue>Equisetopsida</taxonRankValue>
                    <commonName>Vascular plants</commonName>
                </taxonomicClassification>
            </taxonomicCoverage>
        </coverage>
        <contact>
            <individualName>
                <givenName>Stéphane</givenName>
                <surName>Bailleul</surName>
            </individualName>
            <organizationName>Jardin botanique de Montréal</organizationName>
            <positionName>Botanist</positionName>
            <address>
                <deliveryPoint>4101 Sherbrooke est</deliveryPoint>
                <city>Montréal</city>
                <administrativeArea>Québec</administrativeArea>
                <postalCode>H1X 2B2</postalCode>
                <country>CANADA</country>
            </address>
            <phone>514 872-1438</phone>
            <electronicMailAddress>stephanemarc.bailleul@ville.montreal.qc.ca</electronicMailAddress>
            <onlineUrl>http://www2.ville.montreal.qc.ca/jardin/jardin.htm</onlineUrl>
        </contact>
        <methods>
            <methodStep>
                <description>
                    <para>The relevant data are extracted from BG-Base as text.</para>
                </description>
            </methodStep>
            <sampling>
                <studyExtent>
                    <description>
                        <para>The data represents the living collections in culture at the Montreal Botanical Garden. The collection is therefore dynamic and is subject to constant change as accessions are removed (due to mortality for example) and new ones are added on a continual basis. The data will be updated once a year in January.</para>
                    </description>
                </studyExtent>
                <samplingDescription>
                    <para>BG-Base is the database used by the Montreal Botanical Garden. Accessions qualified as alive as of January of the current year are extracted from the database. Excluded from this dataset are annuals as well as nursery cultivated material (for example seedlings).</para>
                </samplingDescription>
            </sampling>
            <qualityControl>
                <description>
                    <para>Inventories are performed for most collections on an annual basis. Material is accessioned under the name it is originally received. Nomenclatural revisions are regularly undertaken to assure that the nomenclature of the material in culture reflects current knowledge. However, formal identification of the material in culture is not systematically done.</para>
                </description>
            </qualityControl>
        </methods>

    </dataset>

    <additionalMetadata>
        <metadata>
            <gbif>
                <dateStamp>2024-11-04T14:03:09Z</dateStamp>
                <citation identifier="doi:10.5886/uxx7hzy3">Bailleul S (2016). Jardin botanique de Montréal (JBM). Version 7.1. Jardin Botanique de Montréal. Occurrence dataset https://doi.org/10.5886/uxx7hzy3 accessed via GBIF.org on 2024-11-04.</citation>
                <physical>
                    <objectName>Canadensys explorer</objectName>
                    <characterEncoding>UTF-8</characterEncoding>
                    <dataFormat>
                        <externallyDefinedFormat>
                            <formatName>HTML</formatName>
                        </externallyDefinedFormat>
                    </dataFormat>
                    <distribution>
                        <online>
                            <url function="download">http://data.canadensys.net/explorer/d/jbm-specimens</url>
                        </online>
                    </distribution>
                </physical>
                <physical>
                    <objectName>GBIF data portal</objectName>
                    <characterEncoding>UTF-8</characterEncoding>
                    <dataFormat>
                        <externallyDefinedFormat>
                            <formatName>HTML</formatName>
                        </externallyDefinedFormat>
                    </dataFormat>
                    <distribution>
                        <online>
                            <url function="download">http://www.gbif.org/dataset/7a7244fc-13b9-43ee-93c9-0d5c4457a86a</url>
                        </online>
                    </distribution>
                </physical>
                <resourceLogoUrl>http://data.canadensys.net/ipt/logo.do?r=jbm-specimens</resourceLogoUrl>
                <collection>
                    <parentCollectionIdentifier>JBM</parentCollectionIdentifier>
                    <collectionIdentifier>JBM</collectionIdentifier>
                    <collectionName>Jardin botanique de Montréal</collectionName>
                </collection>
                <formationPeriod>1931-present</formationPeriod>
                <specimenPreservationMethod>NO_TREATMENT</specimenPreservationMethod>
            </gbif>
        </metadata>
    </additionalMetadata>
    </eml:eml>
