<?xml version="1.0" encoding="utf-8"?>
<eml:eml xmlns:eml="https://eml.ecoinformatics.org/eml-2.2.0" xmlns:xsi="http://www.w3.org/2001/XMLSchema-instance"
         xsi:schemaLocation="https://eml.ecoinformatics.org/eml-2.2.0 https://rs.gbif.org/schema/eml-gbif-profile/1.3/eml.xsd"
packageId="a36438d0-bec7-4b7b-9bfa-2c31e7610c39"  system="http://gbif.org" scope="system"
xml:lang="en">
    <dataset>
        <alternateIdentifier>10.15468/bihrxd</alternateIdentifier>
        <alternateIdentifier>https://bellatlas.umn.edu:443/collections/misc/collprofiles.php?collid=1</alternateIdentifier>
        <title>Bell Museum plants</title>
        <creator>
            <organizationName>Bell Atlas</organizationName>
            <electronicMailAddress>_</electronicMailAddress>
            <onlineUrl>https://bellatlas.umn.edu:443/index.php</onlineUrl>
        </creator>
        <metadataProvider>
            <organizationName>Bell Atlas</organizationName>
            <electronicMailAddress>_</electronicMailAddress>
            <onlineUrl>https://bellatlas.umn.edu:443/index.php</onlineUrl>
        </metadataProvider>
        <pubDate>
                2024-10-07
        </pubDate>
        <language>ENGLISH</language>
        <abstract>
            <para>Records of specimens at the University of Minnesota herbarium (MIN)</para>
        </abstract>
        <intellectualRights>
            <para>To the extent possible under law, the publisher has waived all rights to these data and has dedicated them to the <ulink url="http://creativecommons.org/publicdomain/zero/1.0/legalcode"><citetitle>Public Domain (CC0 1.0)</citetitle></ulink>. Users may copy, modify, distribute and use the work, including for commercial purposes, without restriction.</para>
        </intellectualRights>
        <licensed>
            <licenseName>Creative Commons Zero v1.0 Universal</licenseName>
            <url>https://spdx.org/licenses/CC0-1.0.html</url>
            <identifier>CC0-1.0</identifier>
        </licensed>
        <distribution scope="document">
            <online>
                <url function="download">https://bellatlas.umn.edu:443/content/dwca/MIN-Plants_DwC-A.zip</url>
            </online>
        </distribution>
        <contact>
            <organizationName>Bell Museum plants</organizationName>
            <phone>(612) 625-0215</phone>
            <onlineUrl>https://www.bellmuseum.umn.edu/plants/</onlineUrl>
        </contact>

    </dataset>

    <additionalMetadata>
        <metadata>
            <gbif>
                <dateStamp>2024-11-04T14:03:11Z</dateStamp>
                <citation>University of Minnesota Bell Museum (2024). Bell Museum plants. Occurrence dataset https://doi.org/10.15468/bihrxd accessed via GBIF.org on 2024-11-04.</citation>
            </gbif>
        </metadata>
    </additionalMetadata>
    </eml:eml>
