<?xml version="1.0" encoding="utf-8"?>
<eml:eml xmlns:eml="https://eml.ecoinformatics.org/eml-2.2.0" xmlns:xsi="http://www.w3.org/2001/XMLSchema-instance"
         xsi:schemaLocation="https://eml.ecoinformatics.org/eml-2.2.0 https://rs.gbif.org/schema/eml-gbif-profile/1.3/eml.xsd"
packageId="e3282b0b-a881-472b-ab98-6881960b2c3f"  system="http://gbif.org" scope="system"
xml:lang="en">
    <dataset>
        <alternateIdentifier>10.15468/v6w6h6</alternateIdentifier>
        <alternateIdentifier>https://sernecportal.org/portal/collections/misc/collprofiles.php?collid=361</alternateIdentifier>
        <title>Tennessee Technological University, Hollister Herbarium</title>
        <creator>
            <organizationName>SERNEC</organizationName>
            <electronicMailAddress>hbrown@mailbox.sc.edu</electronicMailAddress>
            <onlineUrl>https://sernecportal.org/portal/index.php</onlineUrl>
        </creator>
        <metadataProvider>
            <organizationName>SERNEC</organizationName>
            <electronicMailAddress>hbrown@mailbox.sc.edu</electronicMailAddress>
            <onlineUrl>https://sernecportal.org/portal/index.php</onlineUrl>
        </metadataProvider>
        <associatedParty>
            <individualName>
                <givenName>Shawn</givenName>
                <surName>Krosnick</surName>
            </individualName>
            <positionName>Director</positionName>
            <electronicMailAddress>skrosnick@tntech.edu</electronicMailAddress>
            <userId directory="https://orcid.org/">0000-0002-8027-5295</userId>
            <role>CONTENT_PROVIDER</role>
        </associatedParty>
        <pubDate>
                2024-11-02
        </pubDate>
        <language>ENGLISH</language>
        <abstract>
            <para>The Hollister Herbarium (HTTU) at Tennessee Technological University (TN Tech) was formally established in 1969 in honor of long time TN Tech professor Paul L. Hollister. The collection currently houses ca. 40,000 museum-quality plant specimens documenting more than 3,600 species of flowering plants, ferns, and conifers in Tennessee, with additional strengths in the flora of the southeastern United States. Extensive collections documenting unique habitats found at the intersection of the Eastern Highland Rim and Cumberland Plateau geological provinces help set the Hollister Herbarium apart from other collections in the state. The herbarium has actively worked to develop research, education, and outreach activities over the last ten years. These include providing research opportunities for undergraduate students, offering tours to local K-12 students and community groups, developing collaborations with local schools, providing loans to and exchanging specimens with other institutions, and providing informational resources to state agencies. HTTU is part of the Tennessee Herbarium Consortium and actively makes digital specimen data available online through the Southeastern Regional Network of Expertise and Collections (SERNEC).</para>
        </abstract>
        <intellectualRights>
            <para>To the extent possible under law, the publisher has waived all rights to these data and has dedicated them to the <ulink url="http://creativecommons.org/publicdomain/zero/1.0/legalcode"><citetitle>Public Domain (CC0 1.0)</citetitle></ulink>. Users may copy, modify, distribute and use the work, including for commercial purposes, without restriction.</para>
        </intellectualRights>
        <licensed>
            <licenseName>Creative Commons Zero v1.0 Universal</licenseName>
            <url>https://spdx.org/licenses/CC0-1.0.html</url>
            <identifier>CC0-1.0</identifier>
        </licensed>
        <distribution scope="document">
            <online>
                <url function="download">https://sernecportal.org/portal/content/dwca/HTTU_DwC-A.zip</url>
            </online>
        </distribution>
        <contact>
            <organizationName>Tennessee Technological University, Hollister Herbarium</organizationName>
            <phone>931-372-6194</phone>
            <electronicMailAddress>skrosnick@tntech.edu</electronicMailAddress>
            <onlineUrl>https://www.tntech.edu/cas/biology/herbarium/index.php</onlineUrl>
            <userId directory="https://orcid.org/">0000-0002-8027-5295</userId>
        </contact>

    </dataset>

    <additionalMetadata>
        <metadata>
            <gbif>
                <dateStamp>2024-11-04T14:03:12Z</dateStamp>
                <citation>Hollister Herbarium at Tennessee Tech University (2024). Tennessee Technological University, Hollister Herbarium. Occurrence dataset https://doi.org/10.15468/v6w6h6 accessed via GBIF.org on 2024-11-04.</citation>
            </gbif>
        </metadata>
    </additionalMetadata>
    </eml:eml>
