<?xml version="1.0" encoding="utf-8"?>
<eml:eml xmlns:eml="https://eml.ecoinformatics.org/eml-2.2.0" xmlns:xsi="http://www.w3.org/2001/XMLSchema-instance"
         xsi:schemaLocation="https://eml.ecoinformatics.org/eml-2.2.0 https://rs.gbif.org/schema/eml-gbif-profile/1.3/eml.xsd"
packageId="f4ce02e4-4b4e-461b-97d5-1ac93b09310b"  system="http://gbif.org" scope="system"
xml:lang="en">
    <dataset>
        <alternateIdentifier>10.15468/q45atb</alternateIdentifier>
        <alternateIdentifier>https://collections.nmnh.si.edu/ipt/resource?r=william_brewster_fieldnotes</alternateIdentifier>
        <title>Species Occurrence Data from the Journals of William Brewster, 1886-1894</title>
        <creator>
            <individualName>
                <givenName>William</givenName>
                <surName>Brewster</surName>
            </individualName>
            <organizationName>Harvard University, Museum of Comparative Zoology</organizationName>
            <positionName>Curator of Mammals and Birds</positionName>
            <address>
                <deliveryPoint>26 Oxford Street</deliveryPoint>
                <city>Cambridge</city>
                <administrativeArea>Massachusetts</administrativeArea>
                <country>UNITED_STATES</country>
            </address>
        </creator>
        <metadataProvider>
            <individualName>
                <givenName>JJ</givenName>
                <surName>Dearborn</surName>
            </individualName>
            <organizationName>Smithsonian Institution</organizationName>
            <positionName>Data Manager, Biodiversity Heritage Library</positionName>
            <address>
                <city>Washington</city>
                <administrativeArea>District of Columbia</administrativeArea>
                <country>UNITED_STATES</country>
            </address>
            <electronicMailAddress>dearbornjj@si.edu</electronicMailAddress>
            <onlineUrl>https://www.biodiversitylibrary.org/</onlineUrl>
            <userId directory="https://orcid.org/">0000-0003-4783-382X</userId>
        </metadataProvider>
        <metadataProvider>
            <individualName>
                <givenName>Joseph</givenName>
                <surName>deVeer</surName>
            </individualName>
            <organizationName>Harvard University, Ernst Mayr Library</organizationName>
            <positionName>Project Manager and Museum Liason</positionName>
            <address>
                <deliveryPoint>26 Oxford Street</deliveryPoint>
                <city>Cambridge</city>
                <administrativeArea>Massachusetts</administrativeArea>
                <postalCode>02138</postalCode>
                <country>UNITED_STATES</country>
            </address>
            <electronicMailAddress>jdeveer@oeb.harvard.edu</electronicMailAddress>
            <onlineUrl>https://library.mcz.harvard.edu/</onlineUrl>
            <userId directory="https://orcid.org/">0000-0003-0872-0718</userId>
        </metadataProvider>
        <metadataProvider>
            <individualName>
                <givenName>Mike</givenName>
                <surName>Lichtenberg</surName>
            </individualName>
            <organizationName>Biodiversity Heritage Library</organizationName>
            <positionName>Lead Developer and Solutions Architect</positionName>
            <address>
                <city>Washington</city>
                <administrativeArea>District of Columbia</administrativeArea>
                <country>UNITED_STATES</country>
            </address>
            <electronicMailAddress>lichtenbergM@si.edu</electronicMailAddress>
            <onlineUrl>https://www.biodiversitylibrary.org/</onlineUrl>
            <userId directory="https://orcid.org/">0009-0001-0220-5275</userId>
        </metadataProvider>
        <metadataProvider>
            <individualName>
                <givenName>Joel</givenName>
                <surName>Richard</surName>
            </individualName>
            <organizationName>Smithsonian Libraries and Archives</organizationName>
            <positionName>Head of Web Services and IT</positionName>
            <address>
                <city>Washington</city>
                <administrativeArea>DC</administrativeArea>
                <country>UNITED_STATES</country>
            </address>
            <electronicMailAddress>richardj@si.edu</electronicMailAddress>
            <onlineUrl>https://www.biodiversitylibrary.org/</onlineUrl>
            <userId directory="https://orcid.org/">0000-0002-4589-2351</userId>
        </metadataProvider>
        <pubDate>
                2023-09-27
        </pubDate>
        <language>ENGLISH</language>
        <abstract>
            <para>Collection Summary: Journals in which Brewster recorded observations of birds, their habitats and seasonal behavior, while traveling through New England and other areas of the United States.</para>
<para>Collector History Note: William Brewster (1851-1919) was a renowned American amateur ornithologist, and the first president of the Massachusetts Audubon Society. He amassed a collection of over forty thousand specimens of birds, nests, and eggs, one of the finest private collections of North American birds ever assembled. Brewster curated the bird collection at Harvard’s Museum of Comparative Zoology (MCZ) from 1885 until his death in 1919 at which time his personal collection was gifted to the Museum.

Brewster conducted ornithological expeditions to the Gulf of St. Lawrence, Colorado, West Virginia and North Carolina mountains, South Carolina and Georgia lowlands, Florida and to Trinidad. He served as Curator of mammals and birds, Boston Society of Natural History, from 1880 to 1887; Curator of mammals and birds, Museum of Comparative Zoology, Harvard, from 1885 to 1900. For additional biographical information see: Bird-Lore (1919) 21, pp. 277-286.</para>
<para>Collector ID: https://bionomia.net/Q2119625</para>
<para>Citations:</para>
<para>deVeer, J. (n.d.). William Brewster - Collection overview. Harvard CURIOSity Digital Collections. https://curiosity.lib.harvard.edu/william-brewster-an-ornithologists-legacy</para>
<para>William Brewster Papers. (n.d.). Biodiversity Heritage Library. https://www.biodiversitylibrary.org/collection/WilliamBrewsterPapers</para>
        </abstract>
        <keywordSet>
            <keyword>Occurrence</keyword>
            <keywordThesaurus>GBIF Dataset Type Vocabulary: http://rs.gbif.org/vocabulary/gbif/dataset_type_2015-07-10.xml</keywordThesaurus>
        </keywordSet>
        <keywordSet>
            <keyword>Observation</keyword>
            <keywordThesaurus>GBIF Dataset Subtype Vocabulary: http://rs.gbif.org/vocabulary/gbif/dataset_subtype.xml</keywordThesaurus>
        </keywordSet>
        <additionalInfo>
            <para>BHL Data Disclaimer: https://about.biodiversitylibrary.org/tools-and-services/data-disclaimer/</para>
        </additionalInfo>
        <intellectualRights>
            <para>To the extent possible under law, the publisher has waived all rights to these data and has dedicated them to the <ulink url="http://creativecommons.org/publicdomain/zero/1.0/legalcode"><citetitle>Public Domain (CC0 1.0)</citetitle></ulink>. Users may copy, modify, distribute and use the work, including for commercial purposes, without restriction.</para>
        </intellectualRights>
        <licensed>
            <licenseName>Creative Commons Zero v1.0 Universal</licenseName>
            <url>https://spdx.org/licenses/CC0-1.0.html</url>
            <identifier>CC0-1.0</identifier>
        </licensed>
        <distribution scope="document">
            <online>
                <url function="information">https://www.biodiversitylibrary.org/</url>
            </online>
        </distribution>
        <distribution scope="document">
            <online>
                <url function="download">https://collections.nmnh.si.edu/ipt/archive.do?r=william_brewster_fieldnotes</url>
            </online>
        </distribution>
        <coverage>
            <geographicCoverage>
                <geographicDescription>Brewster recorded a lifetime of observations on wildlife and plants, changing landscapes, and daily weather, making his notes a valuable resource for modern scientists studying ecological change. His observations are primarily based in New England, USA, where he split his time between two homes in Cambridge and Concord, Massachusetts. Brewster would stay in a cabin by the Concord River to study nature and escape city life in Cambridge. He also took notes when travelling: his notebooks document trips to the southern USA, the Caribbean, and Europe.</geographicDescription>
                <boundingCoordinates>
                    <westBoundingCoordinate>-180</westBoundingCoordinate>
                    <eastBoundingCoordinate>180</eastBoundingCoordinate>
                    <northBoundingCoordinate>90</northBoundingCoordinate>
                    <southBoundingCoordinate>-90</southBoundingCoordinate>
                </boundingCoordinates>
            </geographicCoverage>
            <temporalCoverage>
                <rangeOfDates>
                    <beginDate>
                        <calendarDate>                1886-01-01
</calendarDate>
                    </beginDate>
                    <endDate>
                        <calendarDate>                1894-12-31
</calendarDate>
                    </endDate>
                </rangeOfDates>
            </temporalCoverage>
            <taxonomicCoverage>
                <generalTaxonomicCoverage>Occurrence data documenting the birds of New England, USA.</generalTaxonomicCoverage>
                <taxonomicClassification>
                    <taxonRankName>Kingdom</taxonRankName>
                    <taxonRankValue>Animalia</taxonRankValue>
                </taxonomicClassification>
                <taxonomicClassification>
                    <taxonRankName>Kingdom</taxonRankName>
                    <taxonRankValue>Plantae</taxonRankValue>
                </taxonomicClassification>
                <taxonomicClassification>
                    <taxonRankName>Class</taxonRankName>
                    <taxonRankValue>Aves</taxonRankValue>
                </taxonomicClassification>
            </taxonomicCoverage>
        </coverage>
        <purpose><para>As the urgency to address the climate crisis intensifies, the availability of accurate and comprehensive biodiversity data has become crucial for informing climate change studies, tracking key environmental indicators, and building global biodiversity monitoring platforms. The Biodiversity Heritage Library (BHL) plays a vital role in the core biodiversity infrastructure, housing over 60 million pages of digitized literature about life on Earth.  Recognizing the value of over 500 years of data in BHL, a global network of BHL staff is working to establish a scalable data pipeline to provide actionable occurrence data from BHL’s vast and diverse collections of primary source materials such as diaries, journals, correspondence, and photographs. See: https://doi.org/10.3897/biss.7.112436 for more information.</para></purpose>
        <maintenance>
            <description>
                <para>Update frequency: Irregular; a dataset update of cataloged page images is planned in the future.</para>
            </description>
            <maintenanceUpdateFrequency>irregular</maintenanceUpdateFrequency>
        </maintenance>
        <contact>
            <individualName>
                <givenName>JJ</givenName>
                <surName>Dearborn</surName>
            </individualName>
            <organizationName>Smithsonian Institution</organizationName>
            <positionName>Data Manager, Biodiversity Heritage Library</positionName>
            <address>
                <city>Washington</city>
                <administrativeArea>District of Columbia</administrativeArea>
                <country>UNITED_STATES</country>
            </address>
            <electronicMailAddress>dearbornjj@si.edu</electronicMailAddress>
            <onlineUrl>https://www.biodiversitylibrary.org/</onlineUrl>
            <userId directory="https://orcid.org/">0000-0003-4783-382X</userId>
        </contact>
        <contact>
            <individualName>
                <givenName>Joseph</givenName>
                <surName>deVeer</surName>
            </individualName>
            <organizationName>Harvard University, Ernst Mayr Library</organizationName>
            <positionName>Project Manager and Museum Liason</positionName>
            <address>
                <deliveryPoint>26 Oxford Street</deliveryPoint>
                <city>Cambridge</city>
                <administrativeArea>Massachusetts</administrativeArea>
                <postalCode>02138</postalCode>
                <country>UNITED_STATES</country>
            </address>
            <electronicMailAddress>jdeveer@oeb.harvard.edu</electronicMailAddress>
            <onlineUrl>https://library.mcz.harvard.edu/</onlineUrl>
            <userId directory="https://orcid.org/">0000-0003-0872-0718</userId>
        </contact>
        <contact>
            <individualName>
                <givenName>JJ</givenName>
                <surName>Dearborn</surName>
            </individualName>
            <organizationName>Smithsonian Institution</organizationName>
            <positionName>Data Manager, Biodiversity Heritage Library</positionName>
            <address>
                <city>Washington</city>
                <administrativeArea>District of Columbia</administrativeArea>
                <country>UNITED_STATES</country>
            </address>
            <electronicMailAddress>dearbornjj@si.edu</electronicMailAddress>
            <onlineUrl>https://www.biodiversitylibrary.org/</onlineUrl>
            <userId directory="https://orcid.org/">0000-0003-4783-382X</userId>
        </contact>
        <contact>
            <individualName>
                <givenName>Joseph</givenName>
                <surName>deVeer</surName>
            </individualName>
            <organizationName>Harvard University, Ernst Mayr Library</organizationName>
            <positionName>Project Manager and Museum Liason</positionName>
            <address>
                <deliveryPoint>26 Oxford Street</deliveryPoint>
                <city>Cambridge</city>
                <administrativeArea>Massachusetts</administrativeArea>
                <postalCode>02138</postalCode>
                <country>UNITED_STATES</country>
            </address>
            <electronicMailAddress>jdeveer@oeb.harvard.edu</electronicMailAddress>
            <onlineUrl>https://library.mcz.harvard.edu/</onlineUrl>
            <userId directory="https://orcid.org/">0000-0003-0872-0718</userId>
        </contact>
        <contact>
            <individualName>
                <givenName>Mike</givenName>
                <surName>Lichtenberg</surName>
            </individualName>
            <organizationName>Biodiversity Heritage Library</organizationName>
            <positionName>Lead Developer and Solutions Architect</positionName>
            <address>
                <city>Washington</city>
                <administrativeArea>District of Columbia</administrativeArea>
                <country>UNITED_STATES</country>
            </address>
            <electronicMailAddress>lichtenbergM@si.edu</electronicMailAddress>
            <onlineUrl>https://www.biodiversitylibrary.org/</onlineUrl>
            <userId directory="https://orcid.org/">0009-0001-0220-5275</userId>
        </contact>
        <contact>
            <individualName>
                <givenName>Joel</givenName>
                <surName>Richard</surName>
            </individualName>
            <organizationName>Smithsonian Libraries and Archives</organizationName>
            <positionName>Head of Web Services and IT</positionName>
            <address>
                <city>Washington</city>
                <administrativeArea>DC</administrativeArea>
                <country>UNITED_STATES</country>
            </address>
            <electronicMailAddress>richardj@si.edu</electronicMailAddress>
            <onlineUrl>https://www.biodiversitylibrary.org/</onlineUrl>
            <userId directory="https://orcid.org/">0000-0002-4589-2351</userId>
        </contact>

            <project id="https://volunteer.ala.org.au/institution/index/11740375">
                <title>William Brewster Papers</title>
                <personnel>
                    <individualName>
                    <givenName>Joseph</givenName>
                    <surName>deVeer</surName>
                    </individualName>
            <userId directory="https://orcid.org/">0000-0003-0872-0718</userId>
                    <role>ADMINISTRATIVE_POINT_OF_CONTACT</role>
                </personnel>
                <abstract>
                    <para>The Ernst Mayr Library has digitized more than 56,000 pages of the journals and diaries of William Brewster, a prolific ornithologist of the late 19th and early 20th centuries.  Brewsters journals are mostly handwritten volumes that are not suitable for Optical Character Recognition software.  To extract occurence data from these journals, they need to be transcribed. Volumes are available for transcription on the DigiVol platform.</para>
                </abstract>
                <funding>
                    <para>The BHL Field Notes Project, funded by the Council on Library and Information Resources (CLIR), has provided open access to field notes held by multiple institutions. Project funding provided the means to digitize primary natural history field research material field notes, including diaries, journals, correspondence, and photographs. The collection contains 2,851 volumes from 1,653 titles, containing 221,394 pages.</para>
                </funding>
            </project>
    </dataset>

    <additionalMetadata>
        <metadata>
            <gbif>
                <dateStamp>2024-11-04T14:03:07Z</dateStamp>
                <citation>Brewster W, Dearborn J, deVeer J, Lichtenberg M, Richard J (2023). Species Occurrence Data from the Journals of William Brewster, 1886-1894. Biodiversity Heritage Library. Occurrence dataset https://doi.org/10.15468/q45atb accessed via GBIF.org on 2024-11-04.</citation>
                <bibliography>
                <citation identifier="https://www.biodiversitylibrary.org/collection/WilliamBrewsterPapers">William Brewster Papers. (n.d.). Biodiversity Heritage Library. https://www.biodiversitylibrary.org/collection/WilliamBrewsterPapers</citation>
                <citation identifier="https://curiosity.lib.harvard.edu/william-brewster-an-ornithologists-legacy">deVeer, J. (n.d.). William Brewster - Collection overview. Harvard CURIOSity Digital Collections. https://curiosity.lib.harvard.edu/william-brewster-an-ornithologists-legacy</citation>
                <citation identifier="https://doi.org/10.3897/biss.7.112436">Dearborn, J., Lichtenberg, M., Richard, J. M., deVeer, J., Trizna, M., &amp; Mika, K. (2023). Unearthing the Past for a Sustainable Future: Extracting and transforming data in the Biodiversity Heritage Library for climate action. Biodiversity Information Science and Standards, 7.</citation>
                </bibliography>
                <resourceLogoUrl>https://collections.nmnh.si.edu/ipt/logo.do?r=william_brewster_fieldnotes</resourceLogoUrl>
                <collection>
                    
                    <collectionIdentifier>https://www.biodiversitylibrary.org/collection/WilliamBrewsterPapers</collectionIdentifier>
                    <collectionName>William Brewster Papers</collectionName>
                </collection>
                <collection>
                    
                    <collectionIdentifier>https://curiosity.lib.harvard.edu/william-brewster-an-ornithologists-legacy</collectionIdentifier>
                    <collectionName>William Brewster: An Ornithologist&apos;s Legacy</collectionName>
                </collection>
            </gbif>
        </metadata>
    </additionalMetadata>
    </eml:eml>
