<?xml version="1.0" encoding="utf-8"?>
<eml:eml xmlns:eml="https://eml.ecoinformatics.org/eml-2.2.0" xmlns:xsi="http://www.w3.org/2001/XMLSchema-instance"
         xsi:schemaLocation="https://eml.ecoinformatics.org/eml-2.2.0 https://rs.gbif.org/schema/eml-gbif-profile/1.3/eml.xsd"
packageId="f5bae1eb-92c3-4cd1-8b0d-4c6d42963cb7"  system="http://gbif.org" scope="system"
xml:lang="en">
    <dataset>
        <alternateIdentifier>10.15468/ac5wd8</alternateIdentifier>
        <alternateIdentifier>https://midwestherbaria.org/portal/collections/misc/collprofiles.php?collid=243</alternateIdentifier>
        <title>Eastern Michigan University Herbarium</title>
        <creator>
            <organizationName>Consortium of Midwest Herbaria</organizationName>
            <electronicMailAddress>seinetAdmin@asu.edu</electronicMailAddress>
            <onlineUrl>https://midwestherbaria.org/portal/index.php</onlineUrl>
        </creator>
        <metadataProvider>
            <organizationName>Consortium of Midwest Herbaria</organizationName>
            <electronicMailAddress>seinetAdmin@asu.edu</electronicMailAddress>
            <onlineUrl>https://midwestherbaria.org/portal/index.php</onlineUrl>
        </metadataProvider>
        <associatedParty>
            <individualName>
                <surName>Margaret Hanes, Director</surName>
            </individualName>
            <electronicMailAddress>mkoopma2@emich.edu</electronicMailAddress>
            <role>CONTENT_PROVIDER</role>
        </associatedParty>
        <pubDate>
                2024-11-01
        </pubDate>
        <language>ENGLISH</language>
        <abstract>
            <para>The Eastern Michigan University Herbarium (EMC) provides botanical resources, research facilities, and educational opportunities to the University and broader scientific community. The herbarium seeks to continue and develop the scientific acquisition, documentation and monitoring of the plants of Michigan and the Great Lakes Region including those that are threatened, endangered and rare. The herbarium contains over 30,000 vascular plant specimens, mosses, fungi, and algae. Most specimens are from Michigan and Ontario, Canada.</para>
        </abstract>
        <intellectualRights>
            <para>This work is licensed under a <ulink url="http://creativecommons.org/licenses/by-nc/4.0/legalcode"><citetitle>Creative Commons Attribution Non Commercial (CC-BY-NC) 4.0 License</citetitle></ulink>.</para>
        </intellectualRights>
        <licensed>
            <licenseName>Creative Commons Attribution Non Commercial 4.0 International</licenseName>
            <url>https://spdx.org/licenses/CC-BY-NC-4.0.html</url>
            <identifier>CC-BY-NC-4.0</identifier>
        </licensed>
        <distribution scope="document">
            <online>
                <url function="download">https://midwestherbaria.org/portal/content/dwca/EMC_DwC-A.zip</url>
            </online>
        </distribution>
        <contact>
            <organizationName>Eastern Michigan University Herbarium</organizationName>
            <electronicMailAddress>mkoopma2@emich.edu</electronicMailAddress>
            <onlineUrl>http://www.emich.edu/biology/facilities/herbarium.php</onlineUrl>
        </contact>

    </dataset>

    <additionalMetadata>
        <metadata>
            <gbif>
                <dateStamp>2024-11-04T14:03:01Z</dateStamp>
                <citation>EMC Herbarium, Eastern Michigan University (2024). Eastern Michigan University Herbarium. Occurrence dataset https://doi.org/10.15468/ac5wd8 accessed via GBIF.org on 2024-11-04.</citation>
            </gbif>
        </metadata>
    </additionalMetadata>
    </eml:eml>
