<?xml version="1.0" encoding="utf-8"?>
<eml:eml xmlns:eml="https://eml.ecoinformatics.org/eml-2.2.0" xmlns:xsi="http://www.w3.org/2001/XMLSchema-instance"
         xsi:schemaLocation="https://eml.ecoinformatics.org/eml-2.2.0 https://rs.gbif.org/schema/eml-gbif-profile/1.3/eml.xsd"
packageId="10.15468/dl.q85vm3"  system="http://gbif.org" scope="system"
xml:lang="en">
    <dataset>
        <alternateIdentifier>0021000-241024112534372</alternateIdentifier>
        <title>GBIF Occurrence Download 10.15468/dl.q85vm3</title>
        <creator>
            <individualName>
                <surName>GBIF Download Service</surName>
            </individualName>
            <electronicMailAddress>support@gbif.org</electronicMailAddress>
        </creator>
        <metadataProvider>
            <individualName>
                <surName>GBIF Download Service</surName>
            </individualName>
            <electronicMailAddress>support@gbif.org</electronicMailAddress>
        </metadataProvider>
        <pubDate>
                2024-11-04
        </pubDate>
        <language>ENGLISH</language>
        <abstract>
            A dataset containing all occurrences available in GBIF matching the query:
{
  "and" : [
    "TaxonKey is Vaccinium tenellum Aiton",
    "BasisOfRecord is one of (Specimen, Human Observation, Occurrence evidence, Material sample, Living Specimen)",
    "HasCoordinate is true",
    "Country is one of (Canada, United States of America, Mexico)"
  ]
}
The dataset includes records from the following constituent datasets. The full metadata for each constituent is also included in this archive:
1 records from Oskarshamn herbarium (OHN)
4 records from Plant Resources Center
3 records from University of Vermont, Pringle Herbarium
2 records from Geneva Herbarium – De Candolle's Prodromus (G-DC)
2 records from Western Carolina University Herbarium
4 records from G. S. Torrey Herbarium at the University of Connecticut (CONN)
1 records from Intermountain Herbarium (Vasc. &amp; Algae)
2 records from Silver Bluff Audubon Center Herbarium
16 records from Botanical Research Institute of Texas, Philecology Herbarium
12 records from University of South Carolina, A. C. Moore Herbarium Vascular Plant Collection
1 records from Mississippi State University
15 records from A global database for the distributions of crop wild relatives
8 records from Academy of Natural Sciences of Drexel University
4 records from Robert K. Godfrey Herbarium  at Florida State University
1 records from Baylor University Herbarium
1 records from CHSC - Ahart Herbarium, CSU Chico - Vascular Plants
18 records from University of North Carolina at Chapel Hill Herbarium: Vascular Plants
1 records from NMNH Extant Specimen Records (USNM, US)
1 records from Campbell University Herbarium
1 records from R. L. McGregor Herbarium Vascular Plants Collection
3 records from Fairchild Tropical Botanic Garden (FTG)
2 records from University of South Carolina Salkehatchie Herbarium
9 records from Carnegie Museum of Natural History Herbarium
1 records from Texas Tech University, E. L. Reed Herbarium
2 records from Tropicos MO Specimen Data
2 records from NMNH Material Samples (USNM)
12 records from Clemson University Herbarium
2 records from LOB - California State University, Long Beach Herbarium
1 records from Botany Division, Yale Peabody Museum
1 records from University of Florida Herbarium (FLAS)
63 records from North Carolina State University Vascular Plant Herbarium
1 records from University of South Florida Herbarium (USF)
3 records from Mississippi Museum of Natural Science Herbarium
6 records from The New York Botanical Garden Herbarium (NY)
1 records from Auburn University, John D. Freeman Herbarium
9 records from United States National Plant Germplasm System Collection
4 records from University of Alabama Herbarium
1 records from Angelo State University Herbarium
1 records from Arizona State University Vascular Plant Herbarium
1 records from University of Tennessee Vascular Herbarium
7 records from Old Dominion University Herbarium
3 records from University of Georgia Herbarium
207 records from iNaturalist Research-grade Observations

        </abstract>
        <contact>
            <individualName>
                <surName>GBIF Download Service</surName>
            </individualName>
            <electronicMailAddress>support@gbif.org</electronicMailAddress>
        </contact>

    </dataset>

    <additionalMetadata>
        <metadata>
            <gbif>
                <dateStamp>2024-11-04T13:37:15Z</dateStamp>
                <citation identifier="10.15468/dl.q85vm3">GBIF Occurrence Download 10.15468/dl.q85vm3</citation>
                <physical>
                    <objectName>Darwin Core Archive</objectName>
                    <characterEncoding>UTF-8</characterEncoding>
                    <dataFormat>
                        <externallyDefinedFormat>
                            <formatName>Darwin Core Archive</formatName>
                        </externallyDefinedFormat>
                    </dataFormat>
                    <distribution>
                        <online>
                            <url function="download">https://api.gbif.org/v1/occurrence/download/request/0021000-241024112534372.zip</url>
                        </online>
                    </distribution>
                </physical>
            </gbif>
        </metadata>
    </additionalMetadata>
    </eml:eml>
