<?xml version="1.0" encoding="utf-8"?>
<eml:eml xmlns:eml="https://eml.ecoinformatics.org/eml-2.2.0" xmlns:xsi="http://www.w3.org/2001/XMLSchema-instance"
         xsi:schemaLocation="https://eml.ecoinformatics.org/eml-2.2.0 https://rs.gbif.org/schema/eml-gbif-profile/1.3/eml.xsd"
packageId="7d9be62e-5c69-4537-8559-a851e16118f0"  system="http://gbif.org" scope="system"
xml:lang="en">
    <dataset>
        <alternateIdentifier>10.15468/ivsxey</alternateIdentifier>
        <alternateIdentifier>https://sernecportal.org/portal/collections/misc/collprofiles.php?collid=196</alternateIdentifier>
        <alternateIdentifier>http://sernecportal.org/portal/collections/misc/collprofiles.php?collid=196</alternateIdentifier>
        <title>Appalachian State University, I. W. Carpenter, Jr. Herbarium</title>
        <creator>
            <organizationName>SERNEC</organizationName>
            <electronicMailAddress>hbrown@mailbox.sc.edu</electronicMailAddress>
            <onlineUrl>https://sernecportal.org/portal/index.php</onlineUrl>
        </creator>
        <metadataProvider>
            <organizationName>SERNEC</organizationName>
            <electronicMailAddress>hbrown@mailbox.sc.edu</electronicMailAddress>
            <onlineUrl>https://sernecportal.org/portal/index.php</onlineUrl>
        </metadataProvider>
        <associatedParty>
            <individualName>
                <givenName>Andrew</givenName>
                <surName>Jenkins</surName>
            </individualName>
            <positionName>Curator</positionName>
            <electronicMailAddress>jenkinsap@appstate.edu</electronicMailAddress>
            <role>CONTENT_PROVIDER</role>
        </associatedParty>
        <associatedParty>
            <individualName>
                <givenName>Zack E.</givenName>
                <surName>Murrell</surName>
            </individualName>
            <positionName>Department Chair</positionName>
            <electronicMailAddress>murrellze@appstate.edu</electronicMailAddress>
            <role>CONTENT_PROVIDER</role>
        </associatedParty>
        <pubDate>
                2024-11-02
        </pubDate>
        <language>ENGLISH</language>
        <abstract>
            <para>The I.W. Carpenter, Jr. Herbarium contains 30,220 as of 6/7/18. The three main functions of the ASU Herbarium are for teaching, maintenance of vouchers, and development of a research herbarium with a focus on the flora of the Southern Appalachians.</para>
        </abstract>
        <intellectualRights>
            <para>To the extent possible under law, the publisher has waived all rights to these data and has dedicated them to the <ulink url="http://creativecommons.org/publicdomain/zero/1.0/legalcode"><citetitle>Public Domain (CC0 1.0)</citetitle></ulink>. Users may copy, modify, distribute and use the work, including for commercial purposes, without restriction.</para>
        </intellectualRights>
        <licensed>
            <licenseName>Creative Commons Zero v1.0 Universal</licenseName>
            <url>https://spdx.org/licenses/CC0-1.0.html</url>
            <identifier>CC0-1.0</identifier>
        </licensed>
        <distribution scope="document">
            <online>
                <url function="download">https://sernecportal.org/portal/content/dwca/BOON_DwC-A.zip</url>
            </online>
        </distribution>
        <contact>
            <organizationName>Appalachian State University, I. W. Carpenter, Jr. Herbarium</organizationName>
            <phone>828-262-2674</phone>
            <electronicMailAddress>jenkinsap@appstate.edu</electronicMailAddress>
            <onlineUrl>http://herbarium.appstate.edu/</onlineUrl>
        </contact>

    </dataset>

    <additionalMetadata>
        <metadata>
            <gbif>
                <dateStamp>2024-11-04T13:28:36Z</dateStamp>
                <citation>Appalachian State University (2024). Appalachian State University, I. W. Carpenter, Jr. Herbarium. Occurrence dataset https://doi.org/10.15468/ivsxey accessed via GBIF.org on 2024-11-04.</citation>
            </gbif>
        </metadata>
    </additionalMetadata>
    </eml:eml>
