<?xml version="1.0" encoding="utf-8"?>
<eml:eml xmlns:eml="https://eml.ecoinformatics.org/eml-2.2.0" xmlns:xsi="http://www.w3.org/2001/XMLSchema-instance"
         xsi:schemaLocation="https://eml.ecoinformatics.org/eml-2.2.0 https://rs.gbif.org/schema/eml-gbif-profile/1.3/eml.xsd"
packageId="9ad11605-3adc-4a15-9d83-2ae4f39678dc"  system="http://gbif.org" scope="system"
xml:lang="en">
    <dataset>
        <alternateIdentifier>10.15468/epes67</alternateIdentifier>
        <alternateIdentifier>https://midatlanticherbaria.org/portal/collections/misc/collprofiles.php?collid=333</alternateIdentifier>
        <title>Maryland Department of Natural Resources</title>
        <creator>
            <organizationName>Mid-Atlantic Herbaria</organizationName>
            <electronicMailAddress>seinetAdmin@asu.edu</electronicMailAddress>
            <onlineUrl>https://midatlanticherbaria.org/portal/index.php</onlineUrl>
        </creator>
        <metadataProvider>
            <organizationName>Mid-Atlantic Herbaria</organizationName>
            <electronicMailAddress>seinetAdmin@asu.edu</electronicMailAddress>
            <onlineUrl>https://midatlanticherbaria.org/portal/index.php</onlineUrl>
        </metadataProvider>
        <associatedParty>
            <individualName>
                <surName>Christopher Frye</surName>
            </individualName>
            <electronicMailAddress>chris.frye@maryland.gov</electronicMailAddress>
            <role>CONTENT_PROVIDER</role>
        </associatedParty>
        <pubDate>
                2024-11-01
        </pubDate>
        <language>ENGLISH</language>
        <abstract>
            <para>Collection founded to document the rare species of Maryland; however, the collection houses a reference collection, particularly for difficult groups, e.g., Carex (Cyperaceae) is well-represented (~ 1000 sheets).</para>
        </abstract>
        <intellectualRights>
            <para>To the extent possible under law, the publisher has waived all rights to these data and has dedicated them to the <ulink url="http://creativecommons.org/publicdomain/zero/1.0/legalcode"><citetitle>Public Domain (CC0 1.0)</citetitle></ulink>. Users may copy, modify, distribute and use the work, including for commercial purposes, without restriction.</para>
        </intellectualRights>
        <licensed>
            <licenseName>Creative Commons Zero v1.0 Universal</licenseName>
            <url>https://spdx.org/licenses/CC0-1.0.html</url>
            <identifier>CC0-1.0</identifier>
        </licensed>
        <distribution scope="document">
            <online>
                <url function="download">https://midatlanticherbaria.org/portal/content/dwca/TAWES_DwC-A.zip</url>
            </online>
        </distribution>
        <contact>
            <organizationName>Maryland Department of Natural Resources</organizationName>
            <electronicMailAddress>chris.frye@maryland.gov</electronicMailAddress>
        </contact>

    </dataset>

    <additionalMetadata>
        <metadata>
            <gbif>
                <dateStamp>2024-11-04T13:28:30Z</dateStamp>
                <citation>Maryland Department of Natural Resources (2024). Maryland Department of Natural Resources. Occurrence dataset https://doi.org/10.15468/epes67 accessed via GBIF.org on 2024-11-04.</citation>
            </gbif>
        </metadata>
    </additionalMetadata>
    </eml:eml>
