<?xml version="1.0" encoding="utf-8"?>
<eml:eml xmlns:eml="https://eml.ecoinformatics.org/eml-2.2.0" xmlns:xsi="http://www.w3.org/2001/XMLSchema-instance"
         xsi:schemaLocation="https://eml.ecoinformatics.org/eml-2.2.0 https://rs.gbif.org/schema/eml-gbif-profile/1.3/eml.xsd"
packageId="ed6ee121-1b4c-4382-bd4d-2128aa47c202"  system="http://gbif.org" scope="system"
xml:lang="fr">
    <dataset>
        <alternateIdentifier>10.15468/ylidmz</alternateIdentifier>
        <alternateIdentifier>http://ipt.gbif.fr/resource?r=herbier_boreal_confluence_boum</alternateIdentifier>
        <alternateIdentifier>http://www.gbif.fr/ipt/resource?r=herbier_boreal_confluence_boum</alternateIdentifier>
        <alternateIdentifier>http://www.gbif.fr/ipt/resource.do?r=herbier_boreal_confluence_boum</alternateIdentifier>
        <alternateIdentifier>ed6ee121-1b4c-4382-bd4d-2128aa47c202</alternateIdentifier>
        <title>Herbier Boreal Confluence (BOUM)</title>
        <creator>
            <individualName>
                <givenName>Ludovic</givenName>
                <surName>Besson</surName>
            </individualName>
            <organizationName>BOUM</organizationName>
            <positionName>Curator</positionName>
            <address>
                <deliveryPoint>Les Rives d&apos;Auron</deliveryPoint>
                <city>Bourges</city>
                <administrativeArea>Centre</administrativeArea>
                <postalCode>18000</postalCode>
                <country>FRANCE</country>
            </address>
            <phone>+33(0)2 48 65 37 34</phone>
            <electronicMailAddress>Ludovic.BESSON@ville-Bourges.fr</electronicMailAddress>
            <onlineUrl>http://www.museum-bourges.net/</onlineUrl>
        </creator>
        <metadataProvider>
            <individualName>
                <givenName>Ludovic</givenName>
                <surName>Besson</surName>
            </individualName>
            <organizationName>BOUM</organizationName>
            <positionName>Curator</positionName>
            <address>
                <deliveryPoint>Les Rives d&apos;Auron</deliveryPoint>
                <city>Bourges</city>
                <administrativeArea>Centre</administrativeArea>
                <postalCode>18000</postalCode>
                <country>FRANCE</country>
            </address>
            <phone>+33(0)2 48 65 37 34</phone>
            <electronicMailAddress>Ludovic.BESSON@ville-Bourges.fr</electronicMailAddress>
            <onlineUrl>http://www.museum-bourges.net/</onlineUrl>
        </metadataProvider>
        <associatedParty>
            <individualName>
                <givenName>Ludovic</givenName>
                <surName>Besson</surName>
            </individualName>
            <organizationName>BOUM</organizationName>
            <positionName>Curator</positionName>
            <address>
                <deliveryPoint>Les Rives d&apos;Auron</deliveryPoint>
                <city>Bourges</city>
                <administrativeArea>Centre</administrativeArea>
                <postalCode>18000</postalCode>
                <country>FRANCE</country>
            </address>
            <phone>+33(0)2 48 65 37 34</phone>
            <electronicMailAddress>Ludovic.BESSON@ville-Bourges.fr</electronicMailAddress>
            <onlineUrl>http://www.museum-bourges.net/</onlineUrl>
            <role>USER</role>
        </associatedParty>
        <pubDate>
                2022-07-05
        </pubDate>
        <language>FRENCH</language>
        <abstract>
            Dans le cadre d’un partenariat avec les botanistes de l’association « Mémoire du Grand Nord », le Muséum de Bourges a obtenu un des trois exemplaires de l’herbier Boreal Confluence, en échange d’une contrepartie financière au départ de l’expédition. Cette expédition, qui s’est déroulée entre le 25 Mars et le 10 Septembre 2003, reprenait l’itinéraire canadien effectué par le botaniste David Douglas (1799-1834) il y a deux siècles. Ce dernier était un botaniste écossais passionné de sylviculture. Il a effectué de nombreuses missions en Amérique du Nord, notamment pour le compte de l’Horticultural Society de Londres en tant que collectionneur de plantes. De ces voyages, il a rapporté des essences et a permis l’implantation de centaines d’espèces en Europe. Ce projet participe à la transmission d’un savoir-faire ancestral (avec notamment l’utilisation d’un « canoë du nord » en écorce de bouleau pour les déplacements) et à la reconstitution historique des peuplements végétaux canadiens. Les 430 plantes récoltées à cette occasion ont été identifiées, référencées et localisées avec précision. L&amp;#39;herbier est labellisé &amp;#34;Musées de France&amp;#34;.
&lt;br /&gt;
Inventaire subventionné par le MESRI.
        </abstract>
        <keywordSet>
            <keyword>Specimen</keyword>
            <keyword>Occurrence</keyword>
            <keywordThesaurus>GBIF Dataset Type Vocabulary: http://rs.gbif.org/vocabulary/gbif/dataset_type.xml</keywordThesaurus>
        </keywordSet>
        <keywordSet>
            <keyword>Vegetation</keyword>
            <keyword>Phytosociology</keyword>
            <keywordThesaurus>Agrovoc</keywordThesaurus>
        </keywordSet>
        <keywordSet>
            <keyword>Specimen</keyword>
            <keywordThesaurus>GBIF Dataset Subtype Vocabulary: http://rs.gbif.org/vocabulary/gbif/dataset_subtype.xml</keywordThesaurus>
        </keywordSet>
        <keywordSet>
            <keyword>Occurrence</keyword>
            <keywordThesaurus>GBIF Dataset Type Vocabulary: http://rs.gbif.org/vocabulary/gbif/dataset_type_2015-07-10.xml</keywordThesaurus>
        </keywordSet>
        <intellectualRights>
            <para>This work is licensed under a <ulink url="http://creativecommons.org/licenses/by-nc/4.0/legalcode"><citetitle>Creative Commons Attribution Non Commercial (CC-BY-NC) 4.0 License</citetitle></ulink>.</para>
        </intellectualRights>
        <licensed>
            <licenseName>Creative Commons Attribution Non Commercial 4.0 International</licenseName>
            <url>https://spdx.org/licenses/CC-BY-NC-4.0.html</url>
            <identifier>CC-BY-NC-4.0</identifier>
        </licensed>
        <distribution scope="document">
            <online>
                <url function="information">http://www.museum-bourges.net/</url>
            </online>
        </distribution>
        <distribution scope="document">
            <online>
                <url function="download">http://ipt.gbif.fr/archive.do?r=herbier_boreal_confluence_boum</url>
            </online>
        </distribution>
        <coverage>
            <geographicCoverage>
                <geographicDescription>Flore du Canada</geographicDescription>
                <boundingCoordinates>
                    <westBoundingCoordinate>-141.13</westBoundingCoordinate>
                    <eastBoundingCoordinate>-53.28</eastBoundingCoordinate>
                    <northBoundingCoordinate>83.3</northBoundingCoordinate>
                    <southBoundingCoordinate>41.09</southBoundingCoordinate>
                </boundingCoordinates>
            </geographicCoverage>
            <temporalCoverage>
                <rangeOfDates>
                    <beginDate>
                        <calendarDate>                2003
</calendarDate>
                    </beginDate>
                    <endDate>
                        <calendarDate>                2003
</calendarDate>
                    </endDate>
                </rangeOfDates>
            </temporalCoverage>
        </coverage>
        <maintenance>
            <description>
                <para></para>
            </description>
            <maintenanceUpdateFrequency>unkown</maintenanceUpdateFrequency>
        </maintenance>
        <contact>
            <individualName>
                <givenName>Ludovic</givenName>
                <surName>Besson</surName>
            </individualName>
            <organizationName>BOUM</organizationName>
            <positionName>Curator</positionName>
            <address>
                <deliveryPoint>Les Rives d&apos;Auron</deliveryPoint>
                <city>Bourges</city>
                <administrativeArea>Centre</administrativeArea>
                <postalCode>18000</postalCode>
                <country>FRANCE</country>
            </address>
            <phone>+33(0)2 48 65 37 34</phone>
            <electronicMailAddress>Ludovic.BESSON@ville-Bourges.fr</electronicMailAddress>
            <onlineUrl>http://www.museum-bourges.net/</onlineUrl>
        </contact>

    </dataset>

    <additionalMetadata>
        <metadata>
            <gbif>
                <dateStamp>2024-11-04T13:28:29Z</dateStamp>
                <citation>Besson L (2022). Herbier Boreal Confluence (BOUM). Version 4.4. Muséum d&apos;Histoire Naturelle de Bourges. Occurrence dataset https://doi.org/10.15468/ylidmz accessed via GBIF.org on 2024-11-04.</citation>
                <collection>
                    <parentCollectionIdentifier>2003</parentCollectionIdentifier>
                    <collectionIdentifier>Herbier Boreal Confluence (BOUM)</collectionIdentifier>
                    <collectionName>Expédition Boreal Confluence</collectionName>
                </collection>
                <specimenPreservationMethod>DRIED_AND_PRESSED</specimenPreservationMethod>
            </gbif>
        </metadata>
    </additionalMetadata>
    </eml:eml>
