<?xml version="1.0" encoding="utf-8"?>
<eml:eml xmlns:eml="https://eml.ecoinformatics.org/eml-2.2.0" xmlns:xsi="http://www.w3.org/2001/XMLSchema-instance"
         xsi:schemaLocation="https://eml.ecoinformatics.org/eml-2.2.0 https://rs.gbif.org/schema/eml-gbif-profile/1.3/eml.xsd"
packageId="10.15468/dl.7vntq6"  system="http://gbif.org" scope="system"
xml:lang="en">
    <dataset>
        <alternateIdentifier>0021029-241024112534372</alternateIdentifier>
        <title>GBIF Occurrence Download 10.15468/dl.7vntq6</title>
        <creator>
            <individualName>
                <surName>GBIF Download Service</surName>
            </individualName>
            <electronicMailAddress>support@gbif.org</electronicMailAddress>
        </creator>
        <metadataProvider>
            <individualName>
                <surName>GBIF Download Service</surName>
            </individualName>
            <electronicMailAddress>support@gbif.org</electronicMailAddress>
        </metadataProvider>
        <pubDate>
                2024-11-04
        </pubDate>
        <language>ENGLISH</language>
        <abstract>
            A dataset containing all occurrences available in GBIF matching the query:
{
  "and" : [
    "TaxonKey is Vaccinium ovatum Pursh",
    "BasisOfRecord is one of (Specimen, Human Observation, Occurrence evidence, Material sample, Living Specimen)",
    "HasCoordinate is true",
    "Country is one of (Canada, United States of America, Mexico)"
  ]
}
The dataset includes records from the following constituent datasets. The full metadata for each constituent is also included in this archive:
1 records from College of Idaho Herbarium
38 records from University of British Columbia Herbarium (UBC) - Vascular Plant Collection
2 records from Oskarshamn herbarium (OHN)
4 records from Plant Resources Center
19 records from University of British Columbia Botanical Garden Collections (UBCBG)
2 records from UTEP Plants (Arctos)
1 records from University of Louisiana at Monroe Herbarium, R. Dale Thomas Collection
1 records from Vanderbilt University Herbarium
7 records from SDSU - Vascular Plants of the San Diego State University Herbarium
2 records from Natural History Museum, Vienna - Herbarium W
1 records from Mississippi State University
3 records from Academy of Natural Sciences of Drexel University
3 records from Putnam Museum and Science Center
1 records from South Dakota State University, C. A. Taylor Herbarium
1 records from BoBO - Botanic Garden and Botanical Museum Berlin Observations
14 records from CHSC - Ahart Herbarium, CSU Chico - Vascular Plants
1 records from San Juan Island National Historical Park Vascular Plants
3 records from Bell Museum plants
1 records from Southern Oregon University Herbarium
1 records from Rutgers University, Chrysler Herbarium
2 records from Pittsburg State University, Theodore M. Sperry Herbarium
1 records from University of Alberta Vascular Plant Herbarium (ALTA-VP)
5 records from Tropicos MO Specimen Data
31 records from UCSC Herbarium - Kenneth S. Norris Center for Natural History, University of California Santa Cruz
2 records from North Carolina State University Vascular Plant Herbarium
92 records from SBBG - Clifton Smith Herbarium, Santa Barbara Botanic Garden
19 records from United States National Plant Germplasm System Collection
1 records from Portland State Universtiy Herbarium Vascular Plants
2 records from Angelo State University Herbarium
52 records from Washington State University Herbarium
1 records from Biodiversity4all Research-Grade Observations
4 records from Snake River Plain Herbarium (Boise State University, Idaho, USA)
5 records from Eastern Washington University Herbarium Vascular Plants.
1 records from Pacific Northwest Herbarium (Western Washington University, Washington, USA)
3 records from SFV - California State University, Northridge
56 records from UCSB - University of California Santa Barbara Herbarium
1 records from Geneva Herbarium – De Candolle's Prodromus (G-DC)
67 records from HSC - Humboldt State University Vascular Plant Herbarium
1 records from University of Washington, Bothell Vascular Plant Herbarium
6 records from Intermountain Herbarium (Vasc. &amp; Algae)
103 records from PUA - Pacific Union College Herbarium
2 records from Eastern Illinois University, Stover-Ebinger Herbarium
38 records from DAV - University of California, Davis Center for Plant Diversity - Vascular Plants
1 records from Earth Guardians Weekly Feed
3 records from Brigham Young University, S. L. Welsh Herbarium
10 records from Royal BC Museum - Herbarium (V)
1 records from University of South Carolina, A. C. Moore Herbarium Vascular Plant Collection
2 records from Deaver Herbarium (Northern Arizona University)
1 records from CSUSB - California State University San Bernardino
18 records from CAS Botany (BOT)
862 records from A global database for the distributions of crop wild relatives
4 records from SJSU - Carl W. Sharsmith Herbarium, San Jose State University
8 records from University of Nevada Herbarium
4 records from NMNH Extant Specimen Records (USNM, US)
1 records from Edinburgh (E) Herbarium Specimens
1 records from Harvard University Herbaria: All Records
41 records from Vascular Plant Collection - University of Washington Herbarium (WTU)
3 records from Central Oregon Community College
54 records from Washington State University Marion Ownbey Herbarium
11 records from R. L. McGregor Herbarium Vascular Plants Collection
16 records from University of Puget Sound, Slater Museum Herbarium Vascular Plants
2 records from Carnegie Museum of Natural History Herbarium
2 records from Meise Botanic Garden Herbarium (BR)
3 records from Royal Botanic Garden Edinburgh Living Plant Collections (E)
6 records from University of Idaho, Stillinger Herbarium Vascular Plants
18 records from UCR - University of California, Riverside Herbarium - Vascular Plants
121 records from The University and Jepson Herbaria -- Vascular Plants
1 records from Reed College Vascular Plant Herbarium
3 records from Tropicos Specimens Non-MO
45 records from OBI - Robert F. Hoover Herbarium, Cal Poly State University
9 records from LA - University of California, Los Angeles Herbarium
98 records from RSA - California Botanic Garden Herbarium
4 records from INSDC Sequences
5 records from LOB - California State University, Long Beach Herbarium
3 records from CSLA - Cal State LA Herbarium
42 records from Pl@ntNet observations
1 records from University of Florida Herbarium (FLAS)
1 records from Bernice P. Bishop Museum
2 records from MCCC - Mendocino College Coast Center Herbarium
1054 records from Pl@ntNet automatically identified occurrences
19 records from SD - SD Herbarium, San Diego Natural History Museum
93 records from Oregon State University Vascular Plant Collection
11 records from SFSU - Vascular Plants of the Harry D. Thiers Herbarium at San Francisco State University
11 records from The New York Botanical Garden Herbarium (NY)
1 records from Desert Botanical Garden Herbarium
1 records from Pacific Lutheran University Vascular Plants
1 records from Taxon occurrence data for the FungalRoot database
10998 records from iNaturalist Research-grade Observations

        </abstract>
        <contact>
            <individualName>
                <surName>GBIF Download Service</surName>
            </individualName>
            <electronicMailAddress>support@gbif.org</electronicMailAddress>
        </contact>

    </dataset>

    <additionalMetadata>
        <metadata>
            <gbif>
                <dateStamp>2024-11-04T13:57:07Z</dateStamp>
                <citation identifier="10.15468/dl.7vntq6">GBIF Occurrence Download 10.15468/dl.7vntq6</citation>
                <physical>
                    <objectName>Darwin Core Archive</objectName>
                    <characterEncoding>UTF-8</characterEncoding>
                    <dataFormat>
                        <externallyDefinedFormat>
                            <formatName>Darwin Core Archive</formatName>
                        </externallyDefinedFormat>
                    </dataFormat>
                    <distribution>
                        <online>
                            <url function="download">https://api.gbif.org/v1/occurrence/download/request/0021029-241024112534372.zip</url>
                        </online>
                    </distribution>
                </physical>
            </gbif>
        </metadata>
    </additionalMetadata>
    </eml:eml>
