<?xml version="1.0" encoding="utf-8"?>
<eml:eml xmlns:eml="https://eml.ecoinformatics.org/eml-2.2.0" xmlns:xsi="http://www.w3.org/2001/XMLSchema-instance"
         xsi:schemaLocation="https://eml.ecoinformatics.org/eml-2.2.0 https://rs.gbif.org/schema/eml-gbif-profile/1.3/eml.xsd"
packageId="10.15468/dl.xsnyy7"  system="http://gbif.org" scope="system"
xml:lang="en">
    <dataset>
        <alternateIdentifier>0021010-241024112534372</alternateIdentifier>
        <title>GBIF Occurrence Download 10.15468/dl.xsnyy7</title>
        <creator>
            <individualName>
                <surName>GBIF Download Service</surName>
            </individualName>
            <electronicMailAddress>support@gbif.org</electronicMailAddress>
        </creator>
        <metadataProvider>
            <individualName>
                <surName>GBIF Download Service</surName>
            </individualName>
            <electronicMailAddress>support@gbif.org</electronicMailAddress>
        </metadataProvider>
        <pubDate>
                2024-11-04
        </pubDate>
        <language>ENGLISH</language>
        <abstract>
            A dataset containing all occurrences available in GBIF matching the query:
{
  "and" : [
    "TaxonKey is one of (Vaccinium membranaceum Douglas ex Torr., Vaccinium membranaceum Douglas ex Hook.)",
    "BasisOfRecord is one of (Specimen, Human Observation, Occurrence evidence, Material sample, Living Specimen)",
    "HasCoordinate is true",
    "Country is one of (Canada, United States of America, Mexico)"
  ]
}
The dataset includes records from the following constituent datasets. The full metadata for each constituent is also included in this archive:
6 records from College of Idaho Herbarium
104 records from University of British Columbia Herbarium (UBC) - Vascular Plant Collection
4 records from University of British Columbia Botanical Garden Collections (UBCBG)
4 records from Plant Resources Center
1 records from University of Vermont, Pringle Herbarium
4 records from University of Louisiana at Monroe Herbarium, R. Dale Thomas Collection
3 records from H.J. Andrews Experimental Forest
1 records from Vanderbilt University Herbarium
69 records from CHSC - Ahart Herbarium, CSU Chico - Vascular Plants
67 records from Montana State University Herbarium
1 records from University of Wisconsin - Green Bay
1 records from Rutgers University, Chrysler Herbarium
10 records from Pittsburg State University, Theodore M. Sperry Herbarium
3 records from Bruce Bennett Herbarium (BABY)
4 records from Tropicos MO Specimen Data
7 records from SBBG - Clifton Smith Herbarium, Santa Barbara Botanic Garden
63 records from United States National Plant Germplasm System Collection
1 records from Angelo State University Herbarium
3 records from KNFHC - Klamath National Forest Happy Camp/Oak Knoll Herbarium
17 records from Eastern Washington University Herbarium Vascular Plants.
1 records from Pacific Northwest Herbarium (Western Washington University, Washington, USA)
1 records from Naturalis Biodiversity Center (NL) - Botany
77 records from HSC - Humboldt State University Vascular Plant Herbarium
65 records from PUA - Pacific Union College Herbarium
23 records from Intermountain Herbarium (Vasc. &amp; Algae)
8 records from Brigham Young University, S. L. Welsh Herbarium
2 records from University of South Carolina, A. C. Moore Herbarium Vascular Plant Collection
1 records from Deaver Herbarium (Northern Arizona University)
5 records from CAS Botany (BOT)
2 records from Royal Botanic Gardens, Kew - Herbarium Specimens
2 records from University of New Mexico Herbarium
1 records from SJSU - Carl W. Sharsmith Herbarium, San Jose State University
9 records from University of Nevada Herbarium
3 records from NMNH Extant Specimen Records (USNM, US)
1 records from Vascular Plant Collection, Starkey Experimental Forest Herbarium
29 records from Idaho State University, Ray J. Davis Herbarium Vascular Plants
4 records from Central Oregon Community College
7 records from University of Puget Sound, Slater Museum Herbarium Vascular Plants
1 records from UAM Herbarium (ALA), Vascular Plant Collection (Arctos)
6 records from Carnegie Museum of Natural History Herbarium
266 records from University of Idaho, Stillinger Herbarium Vascular Plants
27 records from The University and Jepson Herbaria -- Vascular Plants
4 records from LA - University of California, Los Angeles Herbarium
40 records from RSA - California Botanic Garden Herbarium
7 records from INSDC Sequences
1 records from E. C. Smith Herbarium (ACAD)
1 records from Botany Division, Yale Peabody Museum
4 records from CSLA - Cal State LA Herbarium
7 records from Pl@ntNet observations
103 records from Oregon State University Vascular Plant Collection
2 records from Utah Valley University Herbarium
1 records from Desert Botanical Garden Herbarium
1 records from Taxon occurrence data for the FungalRoot database
2041 records from iNaturalist Research-grade Observations
11 records from Black Hills State University Herbarium
166 records from University of Montana Herbarium
1 records from H.A. Stephens Herbarium
2 records from UTEP Plants (Arctos)
1 records from Natural History Collections of the Faculty of Biology AMU
11 records from Botanical Research Institute of Texas, Philecology Herbarium
2 records from SDSU - Vascular Plants of the San Diego State University Herbarium
8 records from University of Lethbridge Herbarium (LEA)
6 records from Academy of Natural Sciences of Drexel University
2 records from South Dakota State University, C. A. Taylor Herbarium
33 records from University of Michigan Herbarium
1 records from Baylor University Herbarium
6 records from Bell Museum plants
1 records from Masaryk University - Herbarium BRNU
11 records from University of Alberta Vascular Plant Herbarium (ALTA-VP)
2 records from Olga Lakela Herbarium, University of Minnesota Duluth
2 records from North Carolina State University Vascular Plant Herbarium
1 records from Observation.org, Nature data from around the World
4 records from Portland State Universtiy Herbarium Vascular Plants
8 records from University of Colorado Museum of Natural History Herbarium Vascular Plant Collection
193 records from Washington State University Herbarium
45 records from Snake River Plain Herbarium (Boise State University, Idaho, USA)
13 records from Mount Rainier National Park (USA) Vascular Plants
1 records from Miami University Turrell Herbarium - Vascular Plants
1 records from SFV - California State University, Northridge
7 records from G. S. Torrey Herbarium at the University of Connecticut (CONN)
12 records from DAV - University of California, Davis Center for Plant Diversity - Vascular Plants
46 records from Royal BC Museum - Herbarium (V)
2395 records from A global database for the distributions of crop wild relatives
2 records from Herbier Louis-Marie (QFA) - Collection de plantes vasculaires
1 records from Edinburgh (E) Herbarium Specimens
94 records from Vascular Plant Collection - University of Washington Herbarium (WTU)
1 records from NEON Biorepository Terrestrial Plant Collection (Herbarium Vouchers)
188 records from Washington State University Marion Ownbey Herbarium
10 records from R. L. McGregor Herbarium Vascular Plants Collection
2 records from Meise Botanic Garden Herbarium (BR)
2 records from Royal Botanic Garden Edinburgh Living Plant Collections (E)
1 records from UCR - University of California, Riverside Herbarium - Vascular Plants
5 records from Tropicos Specimens Non-MO
1 records from Quaternary Environments Collections (Royal Alberta Museum)
19 records from Canadian Museum of Nature Herbarium
1 records from Pl@ntNet automatically identified occurrences
1 records from SD - SD Herbarium, San Diego Natural History Museum
62 records from The New York Botanical Garden Herbarium (NY)
1 records from Moscow University Herbarium (MW)
5 records from Pacific Lutheran University Vascular Plants
2 records from KNFSC - Klamath National Forest Scott-Salmon District

        </abstract>
        <contact>
            <individualName>
                <surName>GBIF Download Service</surName>
            </individualName>
            <electronicMailAddress>support@gbif.org</electronicMailAddress>
        </contact>

    </dataset>

    <additionalMetadata>
        <metadata>
            <gbif>
                <dateStamp>2024-11-04T13:46:40Z</dateStamp>
                <citation identifier="10.15468/dl.xsnyy7">GBIF Occurrence Download 10.15468/dl.xsnyy7</citation>
                <physical>
                    <objectName>Darwin Core Archive</objectName>
                    <characterEncoding>UTF-8</characterEncoding>
                    <dataFormat>
                        <externallyDefinedFormat>
                            <formatName>Darwin Core Archive</formatName>
                        </externallyDefinedFormat>
                    </dataFormat>
                    <distribution>
                        <online>
                            <url function="download">https://api.gbif.org/v1/occurrence/download/request/0021010-241024112534372.zip</url>
                        </online>
                    </distribution>
                </physical>
            </gbif>
        </metadata>
    </additionalMetadata>
    </eml:eml>
