<?xml version="1.0" encoding="utf-8"?>
<eml:eml xmlns:eml="https://eml.ecoinformatics.org/eml-2.2.0" xmlns:xsi="http://www.w3.org/2001/XMLSchema-instance"
         xsi:schemaLocation="https://eml.ecoinformatics.org/eml-2.2.0 https://rs.gbif.org/schema/eml-gbif-profile/1.3/eml.xsd"
packageId="10.15468/dl.dpf2nr"  system="http://gbif.org" scope="system"
xml:lang="en">
    <dataset>
        <alternateIdentifier>0021031-241024112534372</alternateIdentifier>
        <title>GBIF Occurrence Download 10.15468/dl.dpf2nr</title>
        <creator>
            <individualName>
                <surName>GBIF Download Service</surName>
            </individualName>
            <electronicMailAddress>support@gbif.org</electronicMailAddress>
        </creator>
        <metadataProvider>
            <individualName>
                <surName>GBIF Download Service</surName>
            </individualName>
            <electronicMailAddress>support@gbif.org</electronicMailAddress>
        </metadataProvider>
        <pubDate>
                2024-11-04
        </pubDate>
        <language>ENGLISH</language>
        <abstract>
            A dataset containing all occurrences available in GBIF matching the query:
{
  "and" : [
    "TaxonKey is Vaccinium arboreum Marshall",
    "BasisOfRecord is one of (Specimen, Human Observation, Occurrence evidence, Material sample, Living Specimen)",
    "HasCoordinate is true",
    "Country is one of (Canada, United States of America, Mexico)"
  ]
}
The dataset includes records from the following constituent datasets. The full metadata for each constituent is also included in this archive:
15 records from H.A. Stephens Herbarium
12 records from World Plant Specimen from the Herbaria in China
4 records from University of Vermont, Pringle Herbarium
1 records from University of British Columbia Botanical Garden Collections (UBCBG)
47 records from Plant Resources Center
4 records from UTEP Plants (Arctos)
14 records from University of Louisiana at Monroe Herbarium, R. Dale Thomas Collection
2 records from Western Carolina University Herbarium
1 records from Silver Bluff Audubon Center Herbarium
12 records from Vanderbilt University Herbarium
72 records from Botanical Research Institute of Texas, Philecology Herbarium
1 records from Natural History Museum, Vienna - Herbarium W
1 records from Marshall University
43 records from Mississippi State University
12 records from Academy of Natural Sciences of Drexel University
1 records from University of Michigan Herbarium
48 records from Baylor University Herbarium
4 records from CHSC - Ahart Herbarium, CSU Chico - Vascular Plants
1 records from CeDoc de Biodiversitat Vegetal: BCN-Cormophyta
3 records from Berry College Herbarium
3 records from Morton Arboretum - Vascular Plants
1 records from Rutgers University, Chrysler Herbarium
9 records from Tall Timbers Research Station and Land Conservancy
3 records from Tennessee Technological University, Hollister Herbarium
1 records from Texas Tech University, E. L. Reed Herbarium
6 records from Pittsburg State University, Theodore M. Sperry Herbarium
24 records from University of Southern Mississippi Herbarium
67 records from Tropicos MO Specimen Data
102 records from North Carolina State University Vascular Plant Herbarium
36 records from Louisiana State University, Shirley C. Tucker Herbarium - Vascular Plants
26 records from United States National Plant Germplasm System Collection
8 records from NEON Biorepository Terrestrial Plant Collection (Leaf Tissue)
6 records from Angelo State University Herbarium
1 records from Western Illinois University, ​R. M. Myers Herbarium
39 records from University of Georgia Herbarium
1 records from Snake River Plain Herbarium (Boise State University, Idaho, USA)
7 records from Hendrix College Herbarium - Vascular Plants
14 records from University of Mississippi, Thomas M. Pullen Herbarium
4 records from University of Arkansas at Monticello
3 records from Geneva Herbarium – De Candolle's Prodromus (G-DC)
10 records from G. S. Torrey Herbarium at the University of Connecticut (CONN)
2 records from Lund University Biological Museum - Botanical collection (LD)
2 records from Intermountain Herbarium (Vasc. &amp; Algae)
2 records from Eastern Kentucky University, Ronald L. Jones Herbarium
11 records from Eastern Illinois University, Stover-Ebinger Herbarium
27 records from University of South Carolina, A. C. Moore Herbarium Vascular Plant Collection
1 records from Herbario Nacional Colombiano (COL)
2 records from Deaver Herbarium (Northern Arizona University)
165 records from A global database for the distributions of crop wild relatives
4 records from Royal Botanic Gardens, Kew - Herbarium Specimens
4 records from NEON Biorepository Terrestrial Plant Collection (Canopy Foliage)
64 records from Robert K. Godfrey Herbarium  at Florida State University
93 records from University of North Carolina at Chapel Hill Herbarium: Vascular Plants
3 records from Bioimages
1 records from Edinburgh (E) Herbarium Specimens
10 records from NMNH Extant Specimen Records (USNM, US)
10 records from Arkansas Natural Heritage Commission Herbarium
1 records from NCSM Herbarium Collection
2 records from University of Central Arkansas Herbarium
10 records from Campbell University Herbarium
2 records from NEON Biorepository Terrestrial Plant Collection (Herbarium Vouchers)
54 records from R. L. McGregor Herbarium Vascular Plants Collection
27 records from Fairchild Tropical Botanic Garden (FTG)
22 records from Carnegie Museum of Natural History Herbarium
1 records from Wartburg College
1 records from Royal Botanic Garden Edinburgh Living Plant Collections (E)
27 records from University of Arkansas Herbarium
2 records from University of Idaho, Stillinger Herbarium Vascular Plants
2 records from UCR - University of California, Riverside Herbarium - Vascular Plants
30 records from Tropicos Specimens Non-MO
1 records from Morris Arboretum of University of Pennsylvania
11 records from RSA - California Botanic Garden Herbarium
14 records from NMNH Material Samples (USNM)
29 records from Clemson University Herbarium
6 records from LOB - California State University, Long Beach Herbarium
31 records from Pl@ntNet observations
35 records from University of Florida Herbarium (FLAS)
7 records from Appalachian State University, I. W. Carpenter, Jr. Herbarium
133 records from University of South Florida Herbarium (USF)
228 records from Pl@ntNet automatically identified occurrences
67 records from Mississippi Museum of Natural Science Herbarium
126 records from The New York Botanical Garden Herbarium (NY)
22 records from Auburn University, John D. Freeman Herbarium
47 records from University of Alabama Herbarium
12 records from University of Tennessee Vascular Herbarium
4623 records from iNaturalist Research-grade Observations
8 records from Old Dominion University Herbarium

        </abstract>
        <contact>
            <individualName>
                <surName>GBIF Download Service</surName>
            </individualName>
            <electronicMailAddress>support@gbif.org</electronicMailAddress>
        </contact>

    </dataset>

    <additionalMetadata>
        <metadata>
            <gbif>
                <dateStamp>2024-11-04T13:58:35Z</dateStamp>
                <citation identifier="10.15468/dl.dpf2nr">GBIF Occurrence Download 10.15468/dl.dpf2nr</citation>
                <physical>
                    <objectName>Darwin Core Archive</objectName>
                    <characterEncoding>UTF-8</characterEncoding>
                    <dataFormat>
                        <externallyDefinedFormat>
                            <formatName>Darwin Core Archive</formatName>
                        </externallyDefinedFormat>
                    </dataFormat>
                    <distribution>
                        <online>
                            <url function="download">https://api.gbif.org/v1/occurrence/download/request/0021031-241024112534372.zip</url>
                        </online>
                    </distribution>
                </physical>
            </gbif>
        </metadata>
    </additionalMetadata>
    </eml:eml>
