<?xml version="1.0" encoding="utf-8"?>
<eml:eml xmlns:eml="https://eml.ecoinformatics.org/eml-2.2.0" xmlns:xsi="http://www.w3.org/2001/XMLSchema-instance"
         xsi:schemaLocation="https://eml.ecoinformatics.org/eml-2.2.0 https://rs.gbif.org/schema/eml-gbif-profile/1.3/eml.xsd"
packageId="10.15468/dl.yqvhvr"  system="http://gbif.org" scope="system"
xml:lang="en">
    <dataset>
        <alternateIdentifier>0021008-241024112534372</alternateIdentifier>
        <title>GBIF Occurrence Download 10.15468/dl.yqvhvr</title>
        <creator>
            <individualName>
                <surName>GBIF Download Service</surName>
            </individualName>
            <electronicMailAddress>support@gbif.org</electronicMailAddress>
        </creator>
        <metadataProvider>
            <individualName>
                <surName>GBIF Download Service</surName>
            </individualName>
            <electronicMailAddress>support@gbif.org</electronicMailAddress>
        </metadataProvider>
        <pubDate>
                2024-11-04
        </pubDate>
        <language>ENGLISH</language>
        <abstract>
            A dataset containing all occurrences available in GBIF matching the query:
{
  "and" : [
    "TaxonKey is Vaccinium cespitosum Michx.",
    "BasisOfRecord is one of (Specimen, Human Observation, Occurrence evidence, Material sample, Living Specimen)",
    "HasCoordinate is true",
    "Country is one of (Canada, United States of America, Mexico)"
  ]
}
The dataset includes records from the following constituent datasets. The full metadata for each constituent is also included in this archive:
10 records from College of Idaho Herbarium
24 records from Occurrences from Kenai National Wildlife Refuge’s Long Term Ecological Monitoring Program, 1999–2006
132 records from University of British Columbia Herbarium (UBC) - Vascular Plant Collection
4 records from University of British Columbia Botanical Garden Collections (UBCBG)
38 records from University of Vermont, Pringle Herbarium
3 records from Plant Resources Center
6 records from University of Louisiana at Monroe Herbarium, R. Dale Thomas Collection
3 records from Mississippi State University
1 records from Putnam Museum and Science Center
45 records from CHSC - Ahart Herbarium, CSU Chico - Vascular Plants
14 records from Montana State University Herbarium
2 records from Southern Oregon University Herbarium
4 records from Digitalización y Sistematización de las Colecciones Biológicas Nacionales del Instituto de Biología, UNAM (Plantas vasculares)
1 records from DBG Tissue and DNA Bank
7 records from University of Wisconsin - Green Bay
1 records from Pittsburg State University, Theodore M. Sperry Herbarium
1 records from Natural History Museum of Utah, Garrett Herbarium
4 records from Bruce Bennett Herbarium (BABY)
5 records from Tropicos MO Specimen Data
6 records from SBBG - Clifton Smith Herbarium, Santa Barbara Botanic Garden
1 records from Kenai National Wildlife Refuge, Alaska (KNWR) Plant specimens (Arctos)
6 records from United States National Plant Germplasm System Collection
10 records from Eastern Washington University Herbarium Vascular Plants.
3 records from SP - Herbário do Estado "Maria Eneyda P. Kaufmann Fidalgo" - Coleção de Fanerógamas
2 records from Pacific Northwest Herbarium (Western Washington University, Washington, USA)
1 records from Naturalis Biodiversity Center (NL) - Botany
4 records from UCSB - University of California Santa Barbara Herbarium
6 records from The vascular plants collection (P) at the Herbarium of the Muséum national d'Histoire Naturelle (MNHN - Paris)
64 records from HSC - Humboldt State University Vascular Plant Herbarium
33 records from PUA - Pacific Union College Herbarium
10 records from Intermountain Herbarium (Vasc. &amp; Algae)
7 records from Brigham Young University, S. L. Welsh Herbarium
47 records from CAS Botany (BOT)
2 records from University of New Mexico Herbarium
5 records from SJSU - Carl W. Sharsmith Herbarium, San Jose State University
9 records from University of Nevada Herbarium
1 records from NMNH Extant Specimen Records (USNM, US)
25 records from Royal Ontario Museum Green Plant Herbarium (TRT)
16 records from Idaho State University, Ray J. Davis Herbarium Vascular Plants
4 records from Central Oregon Community College
1 records from Colorado Mesa University, Walter A. Kelley Herbarium
20 records from Computarización de colecciones y adquisición de infraestructura (mobiliario) para el herbario CIIDIR-Durango
6 records from University of Puget Sound, Slater Museum Herbarium Vascular Plants
68 records from UAM Herbarium (ALA), Vascular Plant Collection (Arctos)
20 records from Carnegie Museum of Natural History Herbarium
82 records from University of Idaho, Stillinger Herbarium Vascular Plants
85 records from The University and Jepson Herbaria -- Vascular Plants
1 records from Reed College Vascular Plant Herbarium
4 records from OBI - Robert F. Hoover Herbarium, Cal Poly State University
6 records from LA - University of California, Los Angeles Herbarium
59 records from RSA - California Botanic Garden Herbarium
6 records from INSDC Sequences
1 records from Clemson University Herbarium
7 records from E. C. Smith Herbarium (ACAD)
1 records from Botany Division, Yale Peabody Museum
1 records from Living Collection of the Gothenburg Botanical Garden
30 records from New Brunswick Museum - Vascular Plants
90 records from Oregon State University Vascular Plant Collection
15 records from NHMO DNA Bank Vascular plants collection
13 records from Utah Valley University Herbarium
2 records from Desert Botanical Garden Herbarium
1 records from Taxon occurrence data for the FungalRoot database
883 records from iNaturalist Research-grade Observations
64 records from University of Montana Herbarium
1 records from UTEP Plants (Arctos)
1 records from Botanical Research Institute of Texas, Philecology Herbarium
2 records from University of Lethbridge Herbarium (LEA)
5 records from Academy of Natural Sciences of Drexel University
1 records from MPM Milwaukee Public Museum Herbarium
1 records from Vascular plant herbarium, The Arctic University Museum of Norway (TROM)
64 records from Bell Museum plants
5 records from FSC - Fresno State Herbarium
17 records from Colorado State University, Charles Maurer Herbarium
20 records from University of Alberta Vascular Plant Herbarium (ALTA-VP)
1 records from Olga Lakela Herbarium, University of Minnesota Duluth
21 records from Rocky Mountain Biological Laboratory
2 records from North Carolina State University Vascular Plant Herbarium
35 records from Kathryn Kalmbach Herbarium
51 records from University of Colorado Museum of Natural History Herbarium Vascular Plant Collection
51 records from Washington State University Herbarium
9 records from University of Manitoba Herbarium (WIN) - Vascular Plant Collection
9 records from Snake River Plain Herbarium (Boise State University, Idaho, USA)
2 records from MVSC; The James C. Parks Herbarium at Millersville University
1 records from SFV - California State University, Northridge
34 records from G. S. Torrey Herbarium at the University of Connecticut (CONN)
64 records from Herbier du Québec (QUE) - Collection de plantes vasculaires
20 records from DAV - University of California, Davis Center for Plant Diversity - Vascular Plants
93 records from Royal BC Museum - Herbarium (V)
1037 records from A global database for the distributions of crop wild relatives
84 records from Herbier Louis-Marie (QFA) - Collection de plantes vasculaires
59 records from Vascular Plant Collection - University of Washington Herbarium (WTU)
50 records from Washington State University Marion Ownbey Herbarium
11 records from First Flowering Dates for Plants on the Ridgeline of Mt. Mansfield, Vermont, USA
10 records from Flora alpina del centro de México
7 records from UCR - University of California, Riverside Herbarium - Vascular Plants
4 records from Tropicos Specimens Non-MO
2 records from Quaternary Environments Collections (Royal Alberta Museum)
59 records from Canadian Museum of Nature Herbarium
4 records from Banco de datos florísticos del Herbario CHAP
1 records from University of Florida Herbarium (FLAS)
1 records from Kenai National Wildlife Refuge, Alaska (KNWR) Plant observations (Arctos)
1 records from SD - SD Herbarium, San Diego Natural History Museum
1 records from INF - Inyo National Forest Herbarium, Bishop
11 records from University of Northern Colorado Herbarium
2 records from SFSU - Vascular Plants of the Harry D. Thiers Herbarium at San Francisco State University
80 records from The New York Botanical Garden Herbarium (NY)
59 records from Marie-Victorin Herbarium (MT) - Plantes vasculaires
4 records from Moscow University Herbarium (MW)

        </abstract>
        <contact>
            <individualName>
                <surName>GBIF Download Service</surName>
            </individualName>
            <electronicMailAddress>support@gbif.org</electronicMailAddress>
        </contact>

    </dataset>

    <additionalMetadata>
        <metadata>
            <gbif>
                <dateStamp>2024-11-04T13:44:31Z</dateStamp>
                <citation identifier="10.15468/dl.yqvhvr">GBIF Occurrence Download 10.15468/dl.yqvhvr</citation>
                <physical>
                    <objectName>Darwin Core Archive</objectName>
                    <characterEncoding>UTF-8</characterEncoding>
                    <dataFormat>
                        <externallyDefinedFormat>
                            <formatName>Darwin Core Archive</formatName>
                        </externallyDefinedFormat>
                    </dataFormat>
                    <distribution>
                        <online>
                            <url function="download">https://api.gbif.org/v1/occurrence/download/request/0021008-241024112534372.zip</url>
                        </online>
                    </distribution>
                </physical>
            </gbif>
        </metadata>
    </additionalMetadata>
    </eml:eml>
