<?xml version="1.0" encoding="utf-8"?>
<eml:eml xmlns:eml="https://eml.ecoinformatics.org/eml-2.2.0" xmlns:xsi="http://www.w3.org/2001/XMLSchema-instance"
         xsi:schemaLocation="https://eml.ecoinformatics.org/eml-2.2.0 https://rs.gbif.org/schema/eml-gbif-profile/1.3/eml.xsd"
packageId="10.15468/dl.x3c24a"  system="http://gbif.org" scope="system"
xml:lang="en">
    <dataset>
        <alternateIdentifier>0020975-241024112534372</alternateIdentifier>
        <title>GBIF Occurrence Download 10.15468/dl.x3c24a</title>
        <creator>
            <individualName>
                <surName>GBIF Download Service</surName>
            </individualName>
            <electronicMailAddress>support@gbif.org</electronicMailAddress>
        </creator>
        <metadataProvider>
            <individualName>
                <surName>GBIF Download Service</surName>
            </individualName>
            <electronicMailAddress>support@gbif.org</electronicMailAddress>
        </metadataProvider>
        <pubDate>
                2024-11-04
        </pubDate>
        <language>ENGLISH</language>
        <abstract>
            A dataset containing all occurrences available in GBIF matching the query:
{
  "and" : [
    "TaxonKey is Vaccinium angustifolium Aiton",
    "BasisOfRecord is one of (Specimen, Human Observation, Occurrence evidence, Material sample, Living Specimen)",
    "HasCoordinate is true",
    "Country is one of (Canada, United States of America, Mexico)"
  ]
}
The dataset includes records from the following constituent datasets. The full metadata for each constituent is also included in this archive:
6 records from Eastern Michigan University Herbarium
18 records from University of British Columbia Herbarium (UBC) - Vascular Plant Collection
1 records from Instituto de Botánica Darwinion
1 records from World Plant Specimen from the Herbaria in China
8 records from Mohonk Preserve Historical Observational Index Card Natural History Data
8 records from Plant Resources Center
1 records from University of British Columbia Botanical Garden Collections (UBCBG)
97 records from University of Vermont, Pringle Herbarium
26 records from University of Louisiana at Monroe Herbarium, R. Dale Thomas Collection
3 records from Vanderbilt University Herbarium
3 records from Mississippi State University
2 records from Collections and observation data National Museum of Natural History Luxembourg
8 records from Michigan State University Herbarium Vascular Plants
1 records from CHSC - Ahart Herbarium, CSU Chico - Vascular Plants
3 records from Morton Arboretum - Vascular Plants
21 records from Rutgers University, Chrysler Herbarium
58 records from University of Wisconsin - Green Bay
3 records from Bruce Bennett Herbarium (BABY)
11 records from University of Wisconsin - Whitewater Herbarium
6 records from Central Michigan University Herbarium
5 records from Tropicos MO Specimen Data
1 records from Maryland Department of Natural Resources
14 records from United States National Plant Germplasm System Collection
2 records from Angelo State University Herbarium
4 records from Royal Botanical Gardens Herbarium (HAM)
4 records from Western Illinois University, ​R. M. Myers Herbarium
12 records from Baie de Mille-Vaches marsh - Characterization of important coastal habitats on the north shore of the St.Lawrence maritime Estuary | Le marais de la baie de Mille-Vaches - Caractérisation des habitats littoraux d’importance de la rive nord de l’estuaire maritime du Saint-Laurent
2 records from Lord Fairfax Community College Herbarium
11 records from The vascular plants collection (P) at the Herbarium of the Muséum national d'Histoire Naturelle (MNHN - Paris)
2 records from Intermountain Herbarium (Vasc. &amp; Algae)
1 records from PUA - Pacific Union College Herbarium
1 records from Earth Guardians Weekly Feed
1 records from McGill University Herbarium Database
5 records from Deaver Herbarium (Northern Arizona University)
2 records from Royal Botanic Gardens, Kew - Herbarium Specimens
12 records from NMNH Extant Specimen Records (USNM, US)
23 records from University of Wisconsin - Eau Claire Herbarium
172 records from Royal Ontario Museum Green Plant Herbarium (TRT)
85 records from National Collection of Vascular Plants (DAO)
212 records from Harriet Irving Botanical Gardens (HIBG)
388 records from Carnegie Museum of Natural History Herbarium
3 records from University of Idaho, Stillinger Herbarium Vascular Plants
3 records from The University and Jepson Herbaria -- Vascular Plants
10 records from E. C. Smith Herbarium (ACAD) - Cape Breton University Collection
1 records from The Erysiphales Collection at the University Halle-Wittenberg
1 records from NMNH Material Samples (USNM)
2 records from RSA - California Botanic Garden Herbarium
4 records from INSDC Sequences
1 records from Clemson University Herbarium
193 records from E. C. Smith Herbarium (ACAD)
31 records from Botany Division, Yale Peabody Museum
120 records from Pl@ntNet observations
5 records from Delaware State University, Claude E. Phillips Herbarium
2 records from Living Collection of the Gothenburg Botanical Garden
5 records from Appalachian State University, I. W. Carpenter, Jr. Herbarium
99 records from New Brunswick Museum - Vascular Plants
14 records from Mohonk Preserve Herbarium
39 records from The Pointe-aux-Outardes Marsh - Characterization of Important Coastal Habitats on the North Shore of the St. Lawrence Estuary | Le marais de la Pointe-aux-Outardes - Caractérisation des habitats littoraux d’importance de la rive nord de l’estuaire maritime du Saint-Laurent
1 records from Desert Botanical Garden Herbarium
1 records from Taxon occurrence data for the FungalRoot database
6484 records from iNaturalist Research-grade Observations
1 records from University of Montana Herbarium
1 records from University of Tartu Natural History Museum and Botanical Garden Botanical Collections
1 records from H.A. Stephens Herbarium
3 records from UTEP Plants (Arctos)
217 records from Mohonk Preserve Historical Observational Biodiversity Data
41 records from Botanical Research Institute of Texas, Philecology Herbarium
4 records from Marshall University
310 records from Academy of Natural Sciences of Drexel University
3 records from South Dakota State University, C. A. Taylor Herbarium
208 records from University of Michigan Herbarium
4 records from West Virginia Natural Heritage Program Herbarium
1 records from Baylor University Herbarium
26 records from MPM Milwaukee Public Museum Herbarium
260 records from Bell Museum plants
1 records from Botanic Garden of the Finnish Museum of Natural History
30 records from North Carolina State University Vascular Plant Herbarium
2 records from MBM herbarium - Museu Botânico Municipal \ Curitiba - Herbário Virtual REFLORA
1 records from Louisiana State University, Shirley C. Tucker Herbarium - Vascular Plants
4 records from Kathryn Kalmbach Herbarium
1 records from Vascular Plant Herbarium, Oslo (O) UiO
14 records from The Hickey Marsh - Characterization of Important Coastal Habitats on the North Shore of the St. Lawrence Maritime Estuary | Le marais à Hickey - Caractérisation des habitats littoraux d’importance de la rive nord de l’estuaire maritime du Saint-Laurent
31 records from University of Manitoba Herbarium (WIN) - Vascular Plant Collection
2 records from Snake River Plain Herbarium (Boise State University, Idaho, USA)
49 records from Muhlenberg College
11 records from MVSC; The James C. Parks Herbarium at Millersville University
14 records from Staten Island Museum
26 records from The Bergeronnes Marshes - Characterization of Important Coastal Habitats on the North Shore of the St. Lawrence Maritime Estuary | Les marais des Bergeronnes - Caractérisation des habitats littoraux d’importance de la rive nord de l’estuaire maritime du Saint-Laurent
4 records from CHAS Botany Collection (Arctos)
5 records from SFV - California State University, Northridge
198 records from G. S. Torrey Herbarium at the University of Connecticut (CONN)
1 records from Lund University Biological Museum - Botanical collection (LD)
1 records from West Virginia University Herbarium
2 records from IAC - Herbário do Instituto Agronômico de Campinas
6 records from Eastern Illinois University, Stover-Ebinger Herbarium
176 records from Herbier du Québec (QUE) - Collection de plantes vasculaires
10 records from The Pointe des Fortin Marsh - Characterization of Important Coastal Habitats on the North Shore of the St. Lawrence Estuary | Le marais de la pointe des Fortin - Caractérisation des habitats littoraux d’importance de la rive nord de l’estuaire maritime du Saint-Laurent
1 records from Saint Ambrose University Herbarium
82 records from A global database for the distributions of crop wild relatives
1 records from CSIC-Real Jardín Botánico-Colección de Plantas Vasculares (MA)
262 records from Herbier Louis-Marie (QFA) - Collection de plantes vasculaires
3 records from University of North Carolina at Chapel Hill Herbarium: Vascular Plants
10 records from The Portneuf-sur-Mer Salt Marsh - Characterization of Important Coastal Habitats on the North Shore of the St. Lawrence Estuary | Le marais salé de Portneuf-sur-Mer - Caractérisation des habitats littoraux d’importance de la rive nord de l’estuaire maritime du Saint-Laurent
3 records from NEON Biorepository Terrestrial Plant Collection (Herbarium Vouchers)
5 records from R. L. McGregor Herbarium Vascular Plants Collection
2 records from Washington State University Marion Ownbey Herbarium
12 records from First Flowering Dates for Plants on the Ridgeline of Mt. Mansfield, Vermont, USA
1 records from Wartburg College
1 records from Royal Botanic Garden Edinburgh Living Plant Collections (E)
1 records from Agnes Marion Ayre Herbarium (NFLD)
4 records from UCR - University of California, Riverside Herbarium - Vascular Plants
8 records from Tropicos Specimens Non-MO
49 records from Morris Arboretum of University of Pennsylvania
114 records from Canadian Museum of Nature Herbarium
7 records from LOB - California State University, Long Beach Herbarium
4 records from University of Florida Herbarium (FLAS)
106 records from Pl@ntNet automatically identified occurrences
3 records from Howard University Herbarium
106 records from The New York Botanical Garden Herbarium (NY)
152 records from Marie-Victorin Herbarium (MT) - Plantes vasculaires
2 records from Moscow University Herbarium (MW)

        </abstract>
        <contact>
            <individualName>
                <surName>GBIF Download Service</surName>
            </individualName>
            <electronicMailAddress>support@gbif.org</electronicMailAddress>
        </contact>

    </dataset>

    <additionalMetadata>
        <metadata>
            <gbif>
                <dateStamp>2024-11-04T13:25:07Z</dateStamp>
                <citation identifier="10.15468/dl.x3c24a">GBIF Occurrence Download 10.15468/dl.x3c24a</citation>
                <physical>
                    <objectName>Darwin Core Archive</objectName>
                    <characterEncoding>UTF-8</characterEncoding>
                    <dataFormat>
                        <externallyDefinedFormat>
                            <formatName>Darwin Core Archive</formatName>
                        </externallyDefinedFormat>
                    </dataFormat>
                    <distribution>
                        <online>
                            <url function="download">https://api.gbif.org/v1/occurrence/download/request/0020975-241024112534372.zip</url>
                        </online>
                    </distribution>
                </physical>
            </gbif>
        </metadata>
    </additionalMetadata>
    </eml:eml>
