<?xml version="1.0" encoding="utf-8"?>
<eml:eml xmlns:eml="https://eml.ecoinformatics.org/eml-2.2.0" xmlns:xsi="http://www.w3.org/2001/XMLSchema-instance"
         xsi:schemaLocation="https://eml.ecoinformatics.org/eml-2.2.0 https://rs.gbif.org/schema/eml-gbif-profile/1.3/eml.xsd"
packageId="10.15468/dl.58mdsm"  system="http://gbif.org" scope="system"
xml:lang="en">
    <dataset>
        <alternateIdentifier>0020987-241024112534372</alternateIdentifier>
        <title>GBIF Occurrence Download 10.15468/dl.58mdsm</title>
        <creator>
            <individualName>
                <surName>GBIF Download Service</surName>
            </individualName>
            <electronicMailAddress>support@gbif.org</electronicMailAddress>
        </creator>
        <metadataProvider>
            <individualName>
                <surName>GBIF Download Service</surName>
            </individualName>
            <electronicMailAddress>support@gbif.org</electronicMailAddress>
        </metadataProvider>
        <pubDate>
                2024-11-04
        </pubDate>
        <language>ENGLISH</language>
        <abstract>
            A dataset containing all occurrences available in GBIF matching the query:
{
  "and" : [
    "TaxonKey is one of (Vaccinium pallidum Aiton, Vaccinium vacillans Sol. ex A.Gray, 1848)",
    "BasisOfRecord is one of (Specimen, Human Observation, Occurrence evidence, Material sample, Living Specimen)",
    "HasCoordinate is true",
    "Country is one of (Canada, United States of America, Mexico)"
  ]
}
The dataset includes records from the following constituent datasets. The full metadata for each constituent is also included in this archive:
12 records from University of British Columbia Herbarium (UBC) - Vascular Plant Collection
3 records from World Plant Specimen from the Herbaria in China
1 records from Mohonk Preserve Historical Observational Index Card Natural History Data
11 records from Plant Resources Center
49 records from University of Vermont, Pringle Herbarium
5 records from University of Louisiana at Monroe Herbarium, R. Dale Thomas Collection
13 records from Western Carolina University Herbarium
6 records from Vanderbilt University Herbarium
7 records from Mississippi State University
3 records from Putnam Museum and Science Center
3 records from CHSC - Ahart Herbarium, CSU Chico - Vascular Plants
1 records from Morton Arboretum - Vascular Plants
11 records from Rutgers University, Chrysler Herbarium
1 records from University of Southern Mississippi Herbarium
10 records from Pittsburg State University, Theodore M. Sperry Herbarium
2 records from Herbarium Horti Botanici Pisani (PI), Sistema Museale di Ateneo, Università di Pisa
49 records from Tropicos MO Specimen Data
1 records from Maryland Department of Natural Resources
2 records from SBBG - Clifton Smith Herbarium, Santa Barbara Botanic Garden
1 records from RB - Rio de Janeiro Botanical Garden Herbarium Collection
21 records from United States National Plant Germplasm System Collection
6 records from Angelo State University Herbarium
3 records from Royal Botanical Gardens Herbarium (HAM)
1 records from Naturalis Biodiversity Center (NL) - Botany
12 records from Lord Fairfax Community College Herbarium
3 records from Intermountain Herbarium (Vasc. &amp; Algae)
7 records from University of South Carolina, A. C. Moore Herbarium Vascular Plant Collection
1 records from Oakland University Herbarium Collection
3 records from Bioimages
85 records from NMNH Extant Specimen Records (USNM, US)
11 records from Royal Ontario Museum Green Plant Herbarium (TRT)
392 records from Carnegie Museum of Natural History Herbarium
1 records from SPF - Herbário da Universidade de São Paulo
20 records from University of Arkansas Herbarium
1 records from University of Idaho, Stillinger Herbarium Vascular Plants
1 records from E. C. Smith Herbarium (ACAD) - Cape Breton University Collection
2 records from INSDC Sequences
5 records from RSA - California Botanic Garden Herbarium
4 records from NMNH Material Samples (USNM)
10 records from Clemson University Herbarium
8 records from E. C. Smith Herbarium (ACAD)
47 records from Botany Division, Yale Peabody Museum
24 records from Pl@ntNet observations
2 records from Delaware State University, Claude E. Phillips Herbarium
12 records from Appalachian State University, I. W. Carpenter, Jr. Herbarium
12 records from Mohonk Preserve Herbarium
7 records from Mississippi Museum of Natural Science Herbarium
7 records from Auburn University, John D. Freeman Herbarium
23 records from University of Alabama Herbarium
1 records from Desert Botanical Garden Herbarium
1228 records from iNaturalist Research-grade Observations
5 records from George Mason University, Ted R. Bradley Herbarium
1 records from Herbarium SUNY Oswego
12 records from H.A. Stephens Herbarium
2 records from UTEP Plants (Arctos)
27 records from Mohonk Preserve Historical Observational Biodiversity Data
1 records from Natural History Collections of the Faculty of Biology AMU
144 records from Botanical Research Institute of Texas, Philecology Herbarium
5 records from Marshall University
610 records from Academy of Natural Sciences of Drexel University
1 records from West Virginia Wesleyan College, George B. Rossbach Herbarium
50 records from University of Michigan Herbarium
9 records from Baylor University Herbarium
5 records from Bell Museum plants
3 records from Tennessee Technological University, Hollister Herbarium
112 records from North Carolina State University Vascular Plant Herbarium
3 records from Kathryn Kalmbach Herbarium
10 records from East Tennessee State University, John C. Warden Herbarium
2 records from Hendrix College Herbarium - Vascular Plants
9 records from University of Georgia Herbarium
87 records from Muhlenberg College
14 records from MVSC; The James C. Parks Herbarium at Millersville University
16 records from Staten Island Museum
1 records from University of Arkansas at Monticello
7 records from CHAS Botany Collection (Arctos)
5 records from SFV - California State University, Northridge
2 records from Loyola University Chicago Herbarium
136 records from G. S. Torrey Herbarium at the University of Connecticut (CONN)
1 records from West Virginia University Herbarium
3 records from Eastern Kentucky University, Ronald L. Jones Herbarium
1 records from IAC - Herbário do Instituto Agronômico de Campinas
4 records from Eastern Illinois University, Stover-Ebinger Herbarium
118 records from A global database for the distributions of crop wild relatives
43 records from University of North Carolina at Chapel Hill Herbarium: Vascular Plants
1 records from Edinburgh (E) Herbarium Specimens
1 records from Arkansas Natural Heritage Commission Herbarium
4 records from Campbell University Herbarium
3 records from NEON Biorepository Terrestrial Plant Collection (Herbarium Vouchers)
1 records from Washington State University Marion Ownbey Herbarium
56 records from R. L. McGregor Herbarium Vascular Plants Collection
4 records from Fairchild Tropical Botanic Garden (FTG)
1 records from Royal Botanic Garden Edinburgh Living Plant Collections (E)
25 records from Tropicos Specimens Non-MO
40 records from Morris Arboretum of University of Pennsylvania
4 records from Canadian Museum of Nature Herbarium
1 records from The Erysiphales Collection at the Botanische Staatssammlung München
3 records from LOB - California State University, Long Beach Herbarium
5 records from University of Florida Herbarium (FLAS)
1 records from BRFC Black Rock Forest Consortium Herbarium
11 records from Howard University Herbarium
23 records from Pl@ntNet automatically identified occurrences
203 records from The New York Botanical Garden Herbarium (NY)
15 records from University of Tennessee Vascular Herbarium
7 records from Old Dominion University Herbarium

        </abstract>
        <contact>
            <individualName>
                <surName>GBIF Download Service</surName>
            </individualName>
            <electronicMailAddress>support@gbif.org</electronicMailAddress>
        </contact>

    </dataset>

    <additionalMetadata>
        <metadata>
            <gbif>
                <dateStamp>2024-11-04T13:30:26Z</dateStamp>
                <citation identifier="10.15468/dl.58mdsm">GBIF Occurrence Download 10.15468/dl.58mdsm</citation>
                <physical>
                    <objectName>Darwin Core Archive</objectName>
                    <characterEncoding>UTF-8</characterEncoding>
                    <dataFormat>
                        <externallyDefinedFormat>
                            <formatName>Darwin Core Archive</formatName>
                        </externallyDefinedFormat>
                    </dataFormat>
                    <distribution>
                        <online>
                            <url function="download">https://api.gbif.org/v1/occurrence/download/request/0020987-241024112534372.zip</url>
                        </online>
                    </distribution>
                </physical>
            </gbif>
        </metadata>
    </additionalMetadata>
    </eml:eml>
