<?xml version="1.0" encoding="utf-8"?>
<eml:eml xmlns:eml="https://eml.ecoinformatics.org/eml-2.2.0" xmlns:xsi="http://www.w3.org/2001/XMLSchema-instance"
         xsi:schemaLocation="https://eml.ecoinformatics.org/eml-2.2.0 https://rs.gbif.org/schema/eml-gbif-profile/1.3/eml.xsd"
packageId="10.15468/dl.phk33g"  system="http://gbif.org" scope="system"
xml:lang="en">
    <dataset>
        <alternateIdentifier>0021022-241024112534372</alternateIdentifier>
        <title>GBIF Occurrence Download 10.15468/dl.phk33g</title>
        <creator>
            <individualName>
                <surName>GBIF Download Service</surName>
            </individualName>
            <electronicMailAddress>support@gbif.org</electronicMailAddress>
        </creator>
        <metadataProvider>
            <individualName>
                <surName>GBIF Download Service</surName>
            </individualName>
            <electronicMailAddress>support@gbif.org</electronicMailAddress>
        </metadataProvider>
        <pubDate>
                2024-11-04
        </pubDate>
        <language>ENGLISH</language>
        <abstract>
            A dataset containing all occurrences available in GBIF matching the query:
{
  "and" : [
    "TaxonKey is Vaccinium ovalifolium Sm.",
    "BasisOfRecord is one of (Specimen, Human Observation, Occurrence evidence, Material sample, Living Specimen)",
    "HasCoordinate is true",
    "Country is one of (Canada, United States of America, Mexico)"
  ]
}
The dataset includes records from the following constituent datasets. The full metadata for each constituent is also included in this archive:
1 records from University of Montana Herbarium
10 records from Occurrences from Kenai National Wildlife Refuge’s Long Term Ecological Monitoring Program, 1999–2006
170 records from University of British Columbia Herbarium (UBC) - Vascular Plant Collection
5 records from University of British Columbia Botanical Garden Collections (UBCBG)
1 records from Plant Resources Center
2 records from University of Vermont, Pringle Herbarium
4 records from University of Louisiana at Monroe Herbarium, R. Dale Thomas Collection
2 records from naturgucker
3 records from H.J. Andrews Experimental Forest
1 records from Academy of Natural Sciences of Drexel University
25 records from University of Michigan Herbarium
1 records from Montana State University Herbarium
8 records from Bell Museum plants
1 records from University of Wisconsin - Green Bay
1 records from Masaryk University - Herbarium BRNU
7 records from University of Alberta Vascular Plant Herbarium (ALTA-VP)
5 records from Bruce Bennett Herbarium (BABY)
1 records from Botanic Garden of the Finnish Museum of Natural History
4 records from Tropicos MO Specimen Data
1 records from Observation.org, Nature data from around the World
2 records from North Carolina State University Vascular Plant Herbarium
1 records from SBBG - Clifton Smith Herbarium, Santa Barbara Botanic Garden
1 records from Kenai National Wildlife Refuge, Alaska (KNWR) Plant specimens (Arctos)
66 records from United States National Plant Germplasm System Collection
6 records from Portland State Universtiy Herbarium Vascular Plants
79 records from Washington State University Herbarium
5 records from Snake River Plain Herbarium (Boise State University, Idaho, USA)
2 records from MVSC; The James C. Parks Herbarium at Millersville University
9 records from Mount Rainier National Park (USA) Vascular Plants
5 records from Eastern Washington University Herbarium Vascular Plants.
3 records from Pacific Northwest Herbarium (Western Washington University, Washington, USA)
1 records from Naturalis Biodiversity Center (NL) - Botany
3 records from Geneva Herbarium – De Candolle's Prodromus (G-DC)
2 records from The vascular plants collection (P) at the Herbarium of the Muséum national d'Histoire Naturelle (MNHN - Paris)
3 records from G. S. Torrey Herbarium at the University of Connecticut (CONN)
3 records from HSC - Humboldt State University Vascular Plant Herbarium
4 records from Intermountain Herbarium (Vasc. &amp; Algae)
9 records from PUA - Pacific Union College Herbarium
2 records from Eastern Illinois University, Stover-Ebinger Herbarium
1 records from Earth Guardians Weekly Feed
22 records from Herbier du Québec (QUE) - Collection de plantes vasculaires
2 records from University of South Carolina, A. C. Moore Herbarium Vascular Plant Collection
33 records from Royal BC Museum - Herbarium (V)
5 records from Deaver Herbarium (Northern Arizona University)
1 records from CAS Botany (BOT)
1060 records from A global database for the distributions of crop wild relatives
45 records from Herbier Louis-Marie (QFA) - Collection de plantes vasculaires
3 records from University of Nevada Herbarium
6 records from NMNH Extant Specimen Records (USNM, US)
2 records from Edinburgh (E) Herbarium Specimens
6 records from Royal Ontario Museum Green Plant Herbarium (TRT)
1 records from Campbell University Herbarium
65 records from Vascular Plant Collection - University of Washington Herbarium (WTU)
1 records from Central Oregon Community College
91 records from Washington State University Marion Ownbey Herbarium
4 records from R. L. McGregor Herbarium Vascular Plants Collection
7 records from University of Puget Sound, Slater Museum Herbarium Vascular Plants
147 records from UAM Herbarium (ALA), Vascular Plant Collection (Arctos)
13 records from Carnegie Museum of Natural History Herbarium
2 records from Royal Botanic Garden Edinburgh Living Plant Collections (E)
43 records from University of Idaho, Stillinger Herbarium Vascular Plants
1 records from UCR - University of California, Riverside Herbarium - Vascular Plants
2 records from Reed College Vascular Plant Herbarium
2 records from Tropicos Specimens Non-MO
1 records from Quaternary Environments Collections (Royal Alberta Museum)
1 records from OBI - Robert F. Hoover Herbarium, Cal Poly State University
2 records from LA - University of California, Los Angeles Herbarium
5 records from INSDC Sequences
13 records from RSA - California Botanic Garden Herbarium
21 records from Canadian Museum of Nature Herbarium
4 records from E. C. Smith Herbarium (ACAD)
6 records from Pl@ntNet observations
4 records from Pl@ntNet automatically identified occurrences
70 records from Oregon State University Vascular Plant Collection
13 records from The New York Botanical Garden Herbarium (NY)
5 records from NHMO DNA Bank Vascular plants collection
34 records from Marie-Victorin Herbarium (MT) - Plantes vasculaires
10 records from Moscow University Herbarium (MW)
8 records from University of Alaska, Anchorage Herbarium Vascular Plants
1 records from Desert Botanical Garden Herbarium
4 records from Pacific Lutheran University Vascular Plants
2197 records from iNaturalist Research-grade Observations

        </abstract>
        <contact>
            <individualName>
                <surName>GBIF Download Service</surName>
            </individualName>
            <electronicMailAddress>support@gbif.org</electronicMailAddress>
        </contact>

    </dataset>

    <additionalMetadata>
        <metadata>
            <gbif>
                <dateStamp>2024-11-04T13:52:33Z</dateStamp>
                <citation identifier="10.15468/dl.phk33g">GBIF Occurrence Download 10.15468/dl.phk33g</citation>
                <physical>
                    <objectName>Darwin Core Archive</objectName>
                    <characterEncoding>UTF-8</characterEncoding>
                    <dataFormat>
                        <externallyDefinedFormat>
                            <formatName>Darwin Core Archive</formatName>
                        </externallyDefinedFormat>
                    </dataFormat>
                    <distribution>
                        <online>
                            <url function="download">https://api.gbif.org/v1/occurrence/download/request/0021022-241024112534372.zip</url>
                        </online>
                    </distribution>
                </physical>
            </gbif>
        </metadata>
    </additionalMetadata>
    </eml:eml>
