<?xml version="1.0" encoding="utf-8"?>
<eml:eml xmlns:eml="https://eml.ecoinformatics.org/eml-2.2.0" xmlns:xsi="http://www.w3.org/2001/XMLSchema-instance"
         xsi:schemaLocation="https://eml.ecoinformatics.org/eml-2.2.0 https://rs.gbif.org/schema/eml-gbif-profile/1.3/eml.xsd"
packageId="8375dada-f762-11e1-a439-00145eb45e9a"  system="http://gbif.org" scope="system"
xml:lang="es">
    <dataset>
        <alternateIdentifier>10.15468/zhmy7q</alternateIdentifier>
        <alternateIdentifier>https://ipt.gbif.es/resource?r=herbariosev</alternateIdentifier>
        <alternateIdentifier>8375dada-f762-11e1-a439-00145eb45e9a</alternateIdentifier>
        <alternateIdentifier>283</alternateIdentifier>
        <title>Herbario de la Universidad de Sevilla</title>
        <creator>
            <individualName>
                <givenName>Montserrat</givenName>
                <surName>Arista Palmero</surName>
            </individualName>
            <organizationName>Universidad de Sevilla</organizationName>
            <positionName>Directora de Herbario</positionName>
            <address>
                <deliveryPoint>Avda. Reina Mercedes S/N</deliveryPoint>
                <city>Sevilla</city>
                <administrativeArea>Sevilla</administrativeArea>
                <postalCode>41012</postalCode>
                <country>SPAIN</country>
            </address>
            <phone>955420843</phone>
            <electronicMailAddress>marista@us.es</electronicMailAddress>
        </creator>
        <creator>
            <individualName>
                <givenName>Francisco Javier</givenName>
                <surName>Salgueiro González</surName>
            </individualName>
            <organizationName>Universidad de Sevilla</organizationName>
            <positionName>Conservador de Herbario</positionName>
            <address>
                <deliveryPoint>Avda. Reina Mercedes S/N</deliveryPoint>
                <city>Sevilla</city>
                <administrativeArea>Sevilla</administrativeArea>
                <postalCode>41012</postalCode>
                <country>SPAIN</country>
            </address>
            <phone>955420844</phone>
            <electronicMailAddress>franja@us.es</electronicMailAddress>
        </creator>
        <creator>
            <individualName>
                <givenName>María Jesús</givenName>
                <surName>Ariza Molina</surName>
            </individualName>
            <organizationName>Universidad de Sevilla</organizationName>
            <positionName>Técnico de Herbario</positionName>
            <address>
                <deliveryPoint>Avda. Reina Mercedes S/N</deliveryPoint>
                <city>Sevilla</city>
                <administrativeArea>Sevilla</administrativeArea>
                <postalCode>41012</postalCode>
                <country>SPAIN</country>
            </address>
            <phone>955420844</phone>
            <electronicMailAddress>franja@us.es</electronicMailAddress>
        </creator>
        <metadataProvider>
            <individualName>
                <givenName>Francisco Javier</givenName>
                <surName>Salgueiro González</surName>
            </individualName>
            <organizationName>Universidad de Sevilla</organizationName>
            <positionName>Conservador de Herbario</positionName>
            <address>
                <deliveryPoint>Avda. Reina Mercedes S/N</deliveryPoint>
                <city>Sevilla</city>
                <administrativeArea>Sevilla</administrativeArea>
                <postalCode>41012</postalCode>
                <country>SPAIN</country>
            </address>
            <phone>955420844</phone>
            <electronicMailAddress>franja@us.es</electronicMailAddress>
        </metadataProvider>
        <associatedParty>
            <individualName>
                <givenName>Francisco Javier</givenName>
                <surName>Salgueiro González</surName>
            </individualName>
            <organizationName>Universidad de Sevilla</organizationName>
            <positionName>Conservador de Herbario</positionName>
            <address>
                <deliveryPoint>Avda. Reina Mercedes S/N</deliveryPoint>
                <city>Sevilla</city>
                <administrativeArea>Sevilla</administrativeArea>
                <postalCode>41012</postalCode>
                <country>SPAIN</country>
            </address>
            <phone>955420844</phone>
            <electronicMailAddress>franja@us.es</electronicMailAddress>
            <role>USER</role>
        </associatedParty>
        <pubDate>
                2019-04-12
        </pubDate>
        <language>SPANISH</language>
        <abstract>
            El herbario de la Universidad de Sevilla (SEV) se creó en 1os años 60 en la Facultad de Ciencias y posteriormente en la de Biología con las aportaciones de todos los botánicos de la Universidad de Sevilla. Desde 1999 se convirtió en Servicio de Investigación de la Universidad de Sevilla, fecha en la que se le unió el antiguo herbario de la facultad de Farmacia (SEVF) de 22.000 pliegos. En la actualidad cuenta con unos 300.000 pliegos. Gran parte de los materiales del existentes en el herbario son de la Península ibérica, principalmente Andalucía y del Norte de África (95%), aunque presenta materiales de los cinco continentes.
        </abstract>
        <keywordSet>
            <keyword>Occurrence</keyword>
            <keywordThesaurus>GBIF Dataset Type Vocabulary: http://rs.gbif.org/vocabulary/gbif/dataset_type.xml</keywordThesaurus>
        </keywordSet>
        <intellectualRights>
            <para>This work is licensed under a <ulink url="http://creativecommons.org/licenses/by-nc/4.0/legalcode"><citetitle>Creative Commons Attribution Non Commercial (CC-BY-NC) 4.0 License</citetitle></ulink>.</para>
        </intellectualRights>
        <licensed>
            <licenseName>Creative Commons Attribution Non Commercial 4.0 International</licenseName>
            <url>https://spdx.org/licenses/CC-BY-NC-4.0.html</url>
            <identifier>CC-BY-NC-4.0</identifier>
        </licensed>
        <distribution scope="document">
            <online>
                <url function="download">https://ipt.gbif.es/archive.do?r=herbariosev</url>
            </online>
        </distribution>
        <coverage>
            <geographicCoverage>
                <geographicDescription>Península Ibérica y norte de áfrica, especialmente Andalucía y norte de Marruecos.</geographicDescription>
                <boundingCoordinates>
                    <westBoundingCoordinate>-13.08</westBoundingCoordinate>
                    <eastBoundingCoordinate>4.73</eastBoundingCoordinate>
                    <northBoundingCoordinate>43.86</northBoundingCoordinate>
                    <southBoundingCoordinate>32</southBoundingCoordinate>
                </boundingCoordinates>
            </geographicCoverage>
        </coverage>
        <maintenance>
            <description>
                <para></para>
            </description>
            <maintenanceUpdateFrequency>asNeeded</maintenanceUpdateFrequency>
        </maintenance>
        <contact>
            <individualName>
                <givenName>Francisco Javier</givenName>
                <surName>Salgueiro González</surName>
            </individualName>
            <organizationName>Universidad de Sevilla</organizationName>
            <positionName>Conservador de Herbario</positionName>
            <address>
                <deliveryPoint>Avda. Reina Mercedes S/N</deliveryPoint>
                <city>Sevilla</city>
                <administrativeArea>Sevilla</administrativeArea>
                <postalCode>41012</postalCode>
                <country>SPAIN</country>
            </address>
            <phone>955420844</phone>
            <electronicMailAddress>franja@us.es</electronicMailAddress>
        </contact>
        <contact>
            <individualName>
                <givenName>Maria Jesús</givenName>
                <surName>Ariza Molina</surName>
            </individualName>
            <organizationName>Universidad de Sevilla</organizationName>
            <positionName>Técnico de Herbario</positionName>
            <address>
                <deliveryPoint>Avda. Reina Mercedes S/N</deliveryPoint>
                <city>Sevilla</city>
                <administrativeArea>Sevilla</administrativeArea>
                <postalCode>41012</postalCode>
                <country>SPAIN</country>
            </address>
            <phone>955420844</phone>
            <electronicMailAddress>mjariza@us.es</electronicMailAddress>
        </contact>

    </dataset>

    <additionalMetadata>
        <metadata>
            <gbif>
                <dateStamp>2024-11-04T13:42:36Z</dateStamp>
                <citation>Arista Palmero M, Salgueiro González F J, Ariza Molina M J (2019). Herbario de la Universidad de Sevilla. Dep. of Plant Biology and Ecology, Univ. Seville. Occurrence dataset https://doi.org/10.15468/zhmy7q accessed via GBIF.org on 2024-11-04.</citation>
                <resourceLogoUrl>http://www.gbif.es/ipt/logo.do?r=herbariosev</resourceLogoUrl>
            </gbif>
        </metadata>
    </additionalMetadata>
    </eml:eml>
