<?xml version="1.0" encoding="utf-8"?>
<eml:eml xmlns:eml="https://eml.ecoinformatics.org/eml-2.2.0" xmlns:xsi="http://www.w3.org/2001/XMLSchema-instance"
         xsi:schemaLocation="https://eml.ecoinformatics.org/eml-2.2.0 https://rs.gbif.org/schema/eml-gbif-profile/1.3/eml.xsd"
packageId="b5877fe3-a6ac-4986-944e-738af22d2319"  system="http://gbif.org" scope="system"
xml:lang="en">
    <dataset>
        <alternateIdentifier>10.15468/r2ruca</alternateIdentifier>
        <alternateIdentifier>https://midatlanticherbaria.org/portal/collections/misc/collprofiles.php?collid=330</alternateIdentifier>
        <title>Muhlenberg College</title>
        <creator>
            <organizationName>Mid-Atlantic Herbaria</organizationName>
            <electronicMailAddress>seinetAdmin@asu.edu</electronicMailAddress>
            <onlineUrl>https://midatlanticherbaria.org/portal/index.php</onlineUrl>
        </creator>
        <metadataProvider>
            <organizationName>Mid-Atlantic Herbaria</organizationName>
            <electronicMailAddress>seinetAdmin@asu.edu</electronicMailAddress>
            <onlineUrl>https://midatlanticherbaria.org/portal/index.php</onlineUrl>
        </metadataProvider>
        <associatedParty>
            <individualName>
                <surName>Richard A. Niesenbaum</surName>
            </individualName>
            <electronicMailAddress>niesenba@muhlenberg.edu</electronicMailAddress>
            <role>CONTENT_PROVIDER</role>
        </associatedParty>
        <pubDate>
                2024-11-01
        </pubDate>
        <language>ENGLISH</language>
        <abstract>
            <para>Muhlenberg College Herbarium has over 40,000 specimens focusing on the flora of Lehigh and Northampton Counties in Pennsylvania. Collections were made from the early 1900s through 1990.</para>
        </abstract>
        <intellectualRights>
            <para>To the extent possible under law, the publisher has waived all rights to these data and has dedicated them to the <ulink url="http://creativecommons.org/publicdomain/zero/1.0/legalcode"><citetitle>Public Domain (CC0 1.0)</citetitle></ulink>. Users may copy, modify, distribute and use the work, including for commercial purposes, without restriction.</para>
        </intellectualRights>
        <licensed>
            <licenseName>Creative Commons Zero v1.0 Universal</licenseName>
            <url>https://spdx.org/licenses/CC0-1.0.html</url>
            <identifier>CC0-1.0</identifier>
        </licensed>
        <distribution scope="document">
            <online>
                <url function="download">https://midatlanticherbaria.org/portal/content/dwca/MCA_DwC-A.zip</url>
            </online>
        </distribution>
        <contact>
            <organizationName>Muhlenberg College</organizationName>
            <electronicMailAddress>niesenba@muhlenberg.edu</electronicMailAddress>
        </contact>

    </dataset>

    <additionalMetadata>
        <metadata>
            <gbif>
                <dateStamp>2024-11-04T13:42:45Z</dateStamp>
                <citation>Muhlenberg College (2024). Muhlenberg College. Occurrence dataset https://doi.org/10.15468/r2ruca accessed via GBIF.org on 2024-11-04.</citation>
            </gbif>
        </metadata>
    </additionalMetadata>
    </eml:eml>
