<?xml version="1.0" encoding="utf-8"?>
<eml:eml xmlns:eml="https://eml.ecoinformatics.org/eml-2.2.0" xmlns:xsi="http://www.w3.org/2001/XMLSchema-instance"
         xsi:schemaLocation="https://eml.ecoinformatics.org/eml-2.2.0 https://rs.gbif.org/schema/eml-gbif-profile/1.3/eml.xsd"
packageId="c1da8605-c43a-4c79-9755-5a3ddb50a563"  system="http://gbif.org" scope="system"
xml:lang="en">
    <dataset>
        <alternateIdentifier>10.15468/dvyqce</alternateIdentifier>
        <alternateIdentifier>https://midwestherbaria.org/portal/collections/misc/collprofiles.php?collid=477</alternateIdentifier>
        <title>Loyola University Chicago Herbarium</title>
        <creator>
            <organizationName>Consortium of Midwest Herbaria</organizationName>
            <electronicMailAddress>seinetAdmin@asu.edu</electronicMailAddress>
            <onlineUrl>https://midwestherbaria.org/portal/index.php</onlineUrl>
        </creator>
        <metadataProvider>
            <organizationName>Consortium of Midwest Herbaria</organizationName>
            <electronicMailAddress>seinetAdmin@asu.edu</electronicMailAddress>
            <onlineUrl>https://midwestherbaria.org/portal/index.php</onlineUrl>
        </metadataProvider>
        <associatedParty>
            <individualName>
                <surName>Roberta Lammers-Campbell</surName>
            </individualName>
            <electronicMailAddress>rlammer@luc.edu</electronicMailAddress>
            <role>CONTENT_PROVIDER</role>
        </associatedParty>
        <pubDate>
                2024-11-01
        </pubDate>
        <language>ENGLISH</language>
        <abstract>
            <para>Four thousand dried, mounted specimens, mainly from Minnesota and Illinois, including wetland collections from Cedar Creek Natural History Area (University of Minnesota), Boundary Waters Canoe Area Wilderness (Jitterbug Lake, post blowdown, pre-fire), Glacial Park (McHenry County, IL), Loyola University Retreat and Ecology Campus (McHenry County, IL), as well as student contributions &amp;ndash; emphasis on wetland plants, vascular plants</para>
        </abstract>
        <intellectualRights>
            <para>This work is licensed under a <ulink url="http://creativecommons.org/licenses/by-nc/4.0/legalcode"><citetitle>Creative Commons Attribution Non Commercial (CC-BY-NC) 4.0 License</citetitle></ulink>.</para>
        </intellectualRights>
        <licensed>
            <licenseName>Creative Commons Attribution Non Commercial 4.0 International</licenseName>
            <url>https://spdx.org/licenses/CC-BY-NC-4.0.html</url>
            <identifier>CC-BY-NC-4.0</identifier>
        </licensed>
        <distribution scope="document">
            <online>
                <url function="download">https://midwestherbaria.org/portal/content/dwca/LUC_DwC-A.zip</url>
            </online>
        </distribution>
        <contact>
            <organizationName>Loyola University Chicago Herbarium</organizationName>
            <electronicMailAddress>rlammer@luc.edu</electronicMailAddress>
            <onlineUrl>https://www.luc.edu/biology/index.shtml</onlineUrl>
        </contact>

    </dataset>

    <additionalMetadata>
        <metadata>
            <gbif>
                <dateStamp>2024-11-04T13:42:46Z</dateStamp>
                <citation>Loyola University of Chicago (2024). Loyola University Chicago Herbarium. Occurrence dataset https://doi.org/10.15468/dvyqce accessed via GBIF.org on 2024-11-04.</citation>
            </gbif>
        </metadata>
    </additionalMetadata>
    </eml:eml>
