<?xml version="1.0" encoding="utf-8"?>
<eml:eml xmlns:eml="https://eml.ecoinformatics.org/eml-2.2.0" xmlns:xsi="http://www.w3.org/2001/XMLSchema-instance"
         xsi:schemaLocation="https://eml.ecoinformatics.org/eml-2.2.0 https://rs.gbif.org/schema/eml-gbif-profile/1.3/eml.xsd"
packageId="c45ad8ca-a406-4430-8c61-f5afbe29e3b4"  system="http://gbif.org" scope="system"
xml:lang="en">
    <dataset>
        <alternateIdentifier>10.15468/6zdzvc</alternateIdentifier>
        <alternateIdentifier>https://cch2.org/portal/collections/misc/collprofiles.php?collid=40</alternateIdentifier>
        <title>SFSU - Vascular Plants of the Harry D. Thiers Herbarium at San Francisco State University</title>
        <creator>
            <organizationName>CCH2 Portal</organizationName>
            <electronicMailAddress>jyost@calpoly.edu</electronicMailAddress>
            <onlineUrl>https://cch2.org/portal/index.php</onlineUrl>
        </creator>
        <metadataProvider>
            <organizationName>CCH2 Portal</organizationName>
            <electronicMailAddress>jyost@calpoly.edu</electronicMailAddress>
            <onlineUrl>https://cch2.org/portal/index.php</onlineUrl>
        </metadataProvider>
        <associatedParty>
            <individualName>
                <surName>Jason T. Cantley</surName>
            </individualName>
            <electronicMailAddress>cantley@sfsu.edu</electronicMailAddress>
            <role>CONTENT_PROVIDER</role>
        </associatedParty>
        <pubDate>
                2024-11-01
        </pubDate>
        <language>ENGLISH</language>
        <abstract>
            <para>The Harry D. Thiers Herbarium at San Francisco State University maintains over 220,000 specimens. Its primary research focus is mycological, but there are roughly 27,000 vascular plant specimens. Special vascular plant collections of SFSU include the California Floristic Province including a particularly large and taxonomically robust collection of Arctostaphylos (Ericaceae).</para>
        </abstract>
        <intellectualRights>
            <para>This work is licensed under a <ulink url="http://creativecommons.org/licenses/by-nc/4.0/legalcode"><citetitle>Creative Commons Attribution Non Commercial (CC-BY-NC) 4.0 License</citetitle></ulink>.</para>
        </intellectualRights>
        <licensed>
            <licenseName>Creative Commons Attribution Non Commercial 4.0 International</licenseName>
            <url>https://spdx.org/licenses/CC-BY-NC-4.0.html</url>
            <identifier>CC-BY-NC-4.0</identifier>
        </licensed>
        <distribution scope="document">
            <online>
                <url function="download">https://cch2.org/portal/content/dwca/SFSU_DwC-A.zip</url>
            </online>
        </distribution>
        <contact>
            <organizationName>SFSU - Vascular Plants of the Harry D. Thiers Herbarium at San Francisco State University</organizationName>
            <electronicMailAddress>cantley@sfsu.edu</electronicMailAddress>
            <onlineUrl>https://cantleylab.wixsite.com/jasoncantley/sfsu-herbarium</onlineUrl>
        </contact>

    </dataset>

    <additionalMetadata>
        <metadata>
            <gbif>
                <dateStamp>2024-11-04T13:42:50Z</dateStamp>
                <citation>Harry D. Thiers Herbarium (SFSU) (2024). SFSU - Vascular Plants of the Harry D. Thiers Herbarium at San Francisco State University. Occurrence dataset https://doi.org/10.15468/6zdzvc accessed via GBIF.org on 2024-11-04.</citation>
            </gbif>
        </metadata>
    </additionalMetadata>
    </eml:eml>
