<?xml version="1.0" encoding="utf-8"?>
<eml:eml xmlns:eml="https://eml.ecoinformatics.org/eml-2.2.0" xmlns:xsi="http://www.w3.org/2001/XMLSchema-instance"
         xsi:schemaLocation="https://eml.ecoinformatics.org/eml-2.2.0 https://rs.gbif.org/schema/eml-gbif-profile/1.3/eml.xsd"
packageId="c924811b-a307-420b-974e-a5f2f24a8b99"  system="http://gbif.org" scope="system"
xml:lang="en">
    <dataset>
        <alternateIdentifier>10.15468/rn66wm</alternateIdentifier>
        <alternateIdentifier>https://midwestherbaria.org/portal/collections/misc/collprofiles.php?collid=478</alternateIdentifier>
        <title>University of Wisconsin - Eau Claire Herbarium</title>
        <creator>
            <organizationName>Consortium of Midwest Herbaria</organizationName>
            <electronicMailAddress>seinetAdmin@asu.edu</electronicMailAddress>
            <onlineUrl>https://midwestherbaria.org/portal/index.php</onlineUrl>
        </creator>
        <metadataProvider>
            <organizationName>Consortium of Midwest Herbaria</organizationName>
            <electronicMailAddress>seinetAdmin@asu.edu</electronicMailAddress>
            <onlineUrl>https://midwestherbaria.org/portal/index.php</onlineUrl>
        </metadataProvider>
        <associatedParty>
            <individualName>
                <givenName>Nora</givenName>
                <surName>Mitchell</surName>
            </individualName>
            <positionName>Curator</positionName>
            <electronicMailAddress>mitchenc@uwec.edu</electronicMailAddress>
            <role>CONTENT_PROVIDER</role>
        </associatedParty>
        <associatedParty>
            <individualName>
                <givenName>Joe</givenName>
                <surName>Rohrer</surName>
            </individualName>
            <electronicMailAddress>jrohrer@uwec.edu</electronicMailAddress>
            <role>CONTENT_PROVIDER</role>
        </associatedParty>
        <pubDate>
                2024-11-01
        </pubDate>
        <language>ENGLISH</language>
        <abstract>
            <para>Wisconsin has a plethora of plant life! The UW-Eau Claire herbarium consists of over 10,000 plant specimens collected from western and central Wisconsin. The dried and pressed plants offer biology students a closer look at the complexity of a single plant. Classes like Plant Systematics, Vegetation Ecology, and Field Botany take special advantage of the herbarium.</para>
        </abstract>
        <intellectualRights>
            <para>This work is licensed under a <ulink url="http://creativecommons.org/licenses/by/4.0/legalcode"><citetitle>Creative Commons Attribution (CC-BY) 4.0 License</citetitle></ulink>.</para>
        </intellectualRights>
        <licensed>
            <licenseName>Creative Commons Attribution 4.0 International</licenseName>
            <url>https://spdx.org/licenses/CC-BY-4.0.html</url>
            <identifier>CC-BY-4.0</identifier>
        </licensed>
        <distribution scope="document">
            <online>
                <url function="download">https://midwestherbaria.org/portal/content/dwca/UWEC_DwC-A.zip</url>
            </online>
        </distribution>
        <contact>
            <organizationName>University of Wisconsin - Eau Claire Herbarium</organizationName>
            <electronicMailAddress>mitchenc@uwec.edu</electronicMailAddress>
            <onlineUrl>https://www.uwec.edu/academics/college-arts-sciences/departments-programs/biology/explore-opportunities/academic-facilities/collections/</onlineUrl>
        </contact>

    </dataset>

    <additionalMetadata>
        <metadata>
            <gbif>
                <dateStamp>2024-11-04T13:42:39Z</dateStamp>
                <citation>University of Wisconsin-Eau Claire (2024). University of Wisconsin - Eau Claire Herbarium. Occurrence dataset https://doi.org/10.15468/rn66wm accessed via GBIF.org on 2024-11-04.</citation>
            </gbif>
        </metadata>
    </additionalMetadata>
    </eml:eml>
