<?xml version="1.0" encoding="utf-8"?>
<eml:eml xmlns:eml="https://eml.ecoinformatics.org/eml-2.2.0" xmlns:xsi="http://www.w3.org/2001/XMLSchema-instance"
         xsi:schemaLocation="https://eml.ecoinformatics.org/eml-2.2.0 https://rs.gbif.org/schema/eml-gbif-profile/1.3/eml.xsd"
packageId="c9bc6b8d-a4ff-4a47-9cff-d0d1b9e548c7"  system="http://gbif.org" scope="system"
xml:lang="pt">
    <dataset>
        <alternateIdentifier>10.15468/uxvuhx</alternateIdentifier>
        <alternateIdentifier>http://www.dse.ufpb.br/ipt/resource?r=ufpb_jpb</alternateIdentifier>
        <alternateIdentifier>c9bc6b8d-a4ff-4a47-9cff-d0d1b9e548c7</alternateIdentifier>
        <alternateIdentifier>http://ipt1.cria.org.br/ipt/resource?r=jpb</alternateIdentifier>
        <title>JPB - Herbário Lauro Pires Xavier</title>
        <creator>
            <individualName>
                <givenName>Maria</givenName>
                <surName>Regina de Vasconcellos Barbosa</surName>
            </individualName>
            <organizationName>Universidade Federal da Paraíba (UFPB)</organizationName>
            <positionName>Curador</positionName>
            <address>
                <deliveryPoint>Caixa Postal 5065, Cidade Universitária</deliveryPoint>
                <city>João Pessoa</city>
                <administrativeArea>Paraíba</administrativeArea>
                <postalCode>58051-970</postalCode>
                <country>BRAZIL</country>
            </address>
            <electronicMailAddress>mregina@dse.ufpb.br</electronicMailAddress>
            <onlineUrl>http://www.plantasdonordeste.org/herbarios/index_her.html</onlineUrl>
        </creator>
        <metadataProvider>
            <individualName>
                <givenName>Maria</givenName>
                <surName>Regina de Vasconcellos Barbosa</surName>
            </individualName>
            <organizationName>Universidade Federal da Paraíba (UFPB)</organizationName>
            <positionName>Curador</positionName>
            <address>
                <deliveryPoint>Caixa Postal 5065, Cidade Universitária</deliveryPoint>
                <city>João Pessoa</city>
                <administrativeArea>Paraíba</administrativeArea>
                <postalCode>58051-970</postalCode>
                <country>BRAZIL</country>
            </address>
            <electronicMailAddress>mregina@dse.ufpb.br</electronicMailAddress>
            <onlineUrl>http://www.plantasdonordeste.org/herbarios/index_her.html</onlineUrl>
        </metadataProvider>
        <associatedParty>
            <individualName>
                <surName>speciesLink Network</surName>
            </individualName>
            <organizationName>Centro de Referência em Informação Ambiental, CRIA</organizationName>
            <positionName>Network</positionName>
            <address>
                <deliveryPoint>Rua João Carlos do Amaral, 500, casa 01</deliveryPoint>
                <city>Campinas</city>
                <administrativeArea>São Paulo</administrativeArea>
                <postalCode>13070-111</postalCode>
                <country>BRAZIL</country>
            </address>
            <electronicMailAddress>helpdesk@cria.org.br</electronicMailAddress>
            <onlineUrl>https://specieslink.net</onlineUrl>
            <role>CUSTODIAN_STEWARD</role>
        </associatedParty>
        <pubDate>
                2024-10-08
        </pubDate>
        <language>PORTUGUESE</language>
        <abstract>
            O Herbário Lauro Pires Xavier foi iniciado em 1938, tendo como origem a coleção particular do Dr. Lauro Pires Xavier. Na década de oitenta o herbário passou a integrar a rede do Projeto Flora CNPq, o que deu um grande impulso ao seu desenvolvimento. À partir de 1997, passou a ser o herbário de referência para o Projeto Flora Paraibana, apoiado pelo CNPq. O herbário Lauro Pires Xavier é registrado no Index Herbariorum com o acrônimo JPB e conta atualmente com cerca de 43.000 mil exsicatas distribuídas principalmente entre Angiospermas, Algas e Fungos. Este material tem como procedência principal o estado da Paraíba, estando representados também outros estados do Nordeste e algumas regiões do país na quais pesquisadores do Departamento estiveram coletando. Além disso, temos em nosso acervo doações oriundas de coleções com as quais mantemos intercâmbio científico, particularmente material das famílias Rubiaceae, Solanaceae e Rhamnaceae que recebemos para identificação.
        </abstract>
        <keywordSet>
            <keyword>Occurrence</keyword>
            <keywordThesaurus>GBIF Dataset Type Vocabulary: http://rs.gbif.org/vocabulary/gbif/dataset_type.xml</keywordThesaurus>
        </keywordSet>
        <keywordSet>
            <keyword>Specimen</keyword>
            <keywordThesaurus>GBIF Dataset Subtype Vocabulary: http://rs.gbif.org/vocabulary/gbif/dataset_subtype.xml</keywordThesaurus>
        </keywordSet>
        <keywordSet>
            <keyword>Occurrence</keyword>
            <keywordThesaurus>GBIF Dataset Type Vocabulary: http://rs.gbif.org/vocabulary/gbif/dataset_type_2015-07-10.xml</keywordThesaurus>
        </keywordSet>
        <intellectualRights>
            <para>This work is licensed under a <ulink url="http://creativecommons.org/licenses/by-nc/4.0/legalcode"><citetitle>Creative Commons Attribution Non Commercial (CC-BY-NC) 4.0 License</citetitle></ulink>.</para>
        </intellectualRights>
        <licensed>
            <licenseName>Creative Commons Attribution Non Commercial 4.0 International</licenseName>
            <url>https://spdx.org/licenses/CC-BY-NC-4.0.html</url>
            <identifier>CC-BY-NC-4.0</identifier>
        </licensed>
        <distribution scope="document">
            <online>
                <url function="information">https://specieslink.net/col/107</url>
            </online>
        </distribution>
        <distribution scope="document">
            <online>
                <url function="download">http://ipt1.cria.org.br/ipt/archive.do?r=jpb</url>
            </online>
        </distribution>
        <coverage>
            <geographicCoverage>
                <geographicDescription>Predominantemente Brasil</geographicDescription>
                <boundingCoordinates>
                    <westBoundingCoordinate>-74</westBoundingCoordinate>
                    <eastBoundingCoordinate>-30</eastBoundingCoordinate>
                    <northBoundingCoordinate>5.27</northBoundingCoordinate>
                    <southBoundingCoordinate>-33.75</southBoundingCoordinate>
                </boundingCoordinates>
            </geographicCoverage>
            <taxonomicCoverage>
                <taxonomicClassification>
                    <taxonRankName>Kingdom</taxonRankName>
                    <taxonRankValue>Plantae</taxonRankValue>
                </taxonomicClassification>
            </taxonomicCoverage>
        </coverage>
        <maintenance>
            <description>
                <para></para>
            </description>
            <maintenanceUpdateFrequency>monthly</maintenanceUpdateFrequency>
        </maintenance>
        <contact>
            <individualName>
                <givenName>Maria</givenName>
                <surName>Regina de Vasconcellos Barbosa</surName>
            </individualName>
            <organizationName>Universidade Federal da Paraíba (UFPB)</organizationName>
            <positionName>Curador</positionName>
            <address>
                <deliveryPoint>Caixa Postal 5065, Cidade Universitária</deliveryPoint>
                <city>João Pessoa</city>
                <administrativeArea>Paraíba</administrativeArea>
                <postalCode>58051-970</postalCode>
                <country>BRAZIL</country>
            </address>
            <electronicMailAddress>mregina@dse.ufpb.br</electronicMailAddress>
            <onlineUrl>http://www.plantasdonordeste.org/herbarios/index_her.html</onlineUrl>
        </contact>

            <project >
                <title>INCT - Herbário Virtual da Flora e dos Fungos</title>
                <personnel>
                    <individualName>
                    <givenName>Leonor</givenName>
                    <surName>Costa Maia</surName>
                    </individualName>
                    <role>DISTRIBUTOR</role>
                </personnel>
                <abstract>
                    <para>O Instituto Nacional de Ciência e Tecnologia, INCT - Herbário Virtual da Flora e dos Fungos, financiado pelo Conselho Nacional de Desenvolvimento Científico e Tecnológico, CNPq, visa prover à sociedade, ao poder público e à comunidade científica infraestrutura de dados de acesso público e aberto integrando informações de acervos dos herbários do país e repatriando dados sobre coletas realizadas em solo brasileiro depositadas no exterior</para>
                </abstract>
                <funding>
                    <para>Conselho Nacional de Desenvolvimento Científico e Tecnológico, CNPq</para>
                </funding>
                <studyAreaDescription>
                    <descriptor name="generic" citableClassificationSystem="false">
                        <descriptorValue>Ocorrência de espécies de plantas e fungos no Brasil</descriptorValue>
                    </descriptor>
                </studyAreaDescription>
            </project>
    </dataset>

    <additionalMetadata>
        <metadata>
            <gbif>
                <dateStamp>2024-11-04T13:42:42Z</dateStamp>
                <citation identifier="https://specieslink.net/col/107">Regina de Vasconcellos Barbosa M (2024). JPB - Herbário Lauro Pires Xavier. Version 1.113. Universidade Federal da Paraíba. Occurrence dataset https://doi.org/10.15468/uxvuhx accessed via GBIF.org on 2024-11-04.</citation>
                <resourceLogoUrl>http://ipt1.cria.org.br/ipt/logo.do?r=jpb</resourceLogoUrl>
            </gbif>
        </metadata>
    </additionalMetadata>
    </eml:eml>
