<?xml version="1.0" encoding="utf-8"?>
<eml:eml xmlns:eml="https://eml.ecoinformatics.org/eml-2.2.0" xmlns:xsi="http://www.w3.org/2001/XMLSchema-instance"
         xsi:schemaLocation="https://eml.ecoinformatics.org/eml-2.2.0 https://rs.gbif.org/schema/eml-gbif-profile/1.3/eml.xsd"
packageId="d68b8f9d-1145-41f3-9dd7-c3fcc1deb44f"  system="http://gbif.org" scope="system"
xml:lang="en">
    <dataset>
        <alternateIdentifier>10.15468/5d2t7d</alternateIdentifier>
        <alternateIdentifier>d68b8f9d-1145-41f3-9dd7-c3fcc1deb44f</alternateIdentifier>
        <alternateIdentifier>https://ipt.pnwherbaria.org/resource?r=noca</alternateIdentifier>
        <title>North Cascades National Park (USA) Herbarium Vascular Plants</title>
        <creator>
            <individualName>
                <givenName>David</givenName>
                <surName>Giblin</surName>
            </individualName>
            <organizationName>University of Washington</organizationName>
            <positionName>Herbarium Collections Manager</positionName>
            <address>
                <deliveryPoint>Box 355325</deliveryPoint>
                <city>Seattle</city>
                <administrativeArea>WA</administrativeArea>
                <postalCode>98118</postalCode>
                <country>UNITED_STATES</country>
            </address>
            <phone>2062351839</phone>
            <electronicMailAddress>ddgiblin@yahoo.com</electronicMailAddress>
        </creator>
        <metadataProvider>
            <individualName>
                <givenName>David</givenName>
                <surName>Giblin</surName>
            </individualName>
            <organizationName>University of Washington</organizationName>
            <positionName>Herbarium Collections Manager</positionName>
            <address>
                <deliveryPoint>Box 355325</deliveryPoint>
                <city>Seattle</city>
                <administrativeArea>WA</administrativeArea>
                <postalCode>98118</postalCode>
                <country>UNITED_STATES</country>
            </address>
            <phone>2062351839</phone>
            <electronicMailAddress>ddgiblin@yahoo.com</electronicMailAddress>
        </metadataProvider>
        <associatedParty>
            <individualName>
                <givenName>David</givenName>
                <surName>Giblin</surName>
            </individualName>
            <electronicMailAddress>dgiblin@uw.edu</electronicMailAddress>
            <role>USER</role>
        </associatedParty>
        <pubDate>
                2024-11-01
        </pubDate>
        <language>ENGLISH</language>
        <abstract>
            <para>Vascular plants of the North Cascades National Park (USA) Herbarium.</para>
        </abstract>
        <keywordSet>
            <keyword>Occurrence</keyword>
            <keywordThesaurus>GBIF Dataset Type Vocabulary: http://rs.gbif.org/vocabulary/gbif/dataset_type_2015-07-10.xml</keywordThesaurus>
        </keywordSet>
        <keywordSet>
            <keyword>Specimen</keyword>
            <keywordThesaurus>GBIF Dataset Subtype Vocabulary: http://rs.gbif.org/vocabulary/gbif/dataset_subtype.xml</keywordThesaurus>
        </keywordSet>
        <intellectualRights>
            <para>To the extent possible under law, the publisher has waived all rights to these data and has dedicated them to the <ulink url="http://creativecommons.org/publicdomain/zero/1.0/legalcode"><citetitle>Public Domain (CC0 1.0)</citetitle></ulink>. Users may copy, modify, distribute and use the work, including for commercial purposes, without restriction.</para>
        </intellectualRights>
        <licensed>
            <licenseName>Creative Commons Zero v1.0 Universal</licenseName>
            <url>https://spdx.org/licenses/CC0-1.0.html</url>
            <identifier>CC0-1.0</identifier>
        </licensed>
        <distribution scope="document">
            <online>
                <url function="download">https://ipt.pnwherbaria.org/archive.do?r=noca</url>
            </online>
        </distribution>
        <maintenance>
            <description>
                <para></para>
            </description>
            <maintenanceUpdateFrequency>monthly</maintenanceUpdateFrequency>
        </maintenance>
        <contact>
            <individualName>
                <givenName>David</givenName>
                <surName>Giblin</surName>
            </individualName>
            <organizationName>University of Washington</organizationName>
            <positionName>Herbarium Collections Manager</positionName>
            <address>
                <deliveryPoint>Box 355325</deliveryPoint>
                <city>Seattle</city>
                <administrativeArea>WA</administrativeArea>
                <postalCode>98118</postalCode>
                <country>UNITED_STATES</country>
            </address>
            <phone>2062351839</phone>
            <electronicMailAddress>ddgiblin@yahoo.com</electronicMailAddress>
        </contact>

    </dataset>

    <additionalMetadata>
        <metadata>
            <gbif>
                <dateStamp>2024-11-04T13:42:34Z</dateStamp>
                <citation>Giblin D (2024). North Cascades National Park (USA) Herbarium Vascular Plants. Version 1.20. Consortium of Pacific Northwest Herbaria. Occurrence dataset https://doi.org/10.15468/5d2t7d accessed via GBIF.org on 2024-11-04.</citation>
            </gbif>
        </metadata>
    </additionalMetadata>
    </eml:eml>
