<?xml version="1.0" encoding="utf-8"?>
<eml:eml xmlns:eml="https://eml.ecoinformatics.org/eml-2.2.0" xmlns:xsi="http://www.w3.org/2001/XMLSchema-instance"
         xsi:schemaLocation="https://eml.ecoinformatics.org/eml-2.2.0 https://rs.gbif.org/schema/eml-gbif-profile/1.3/eml.xsd"
packageId="1060a696-f6a2-4341-92ef-47a63babbea1"  system="http://gbif.org" scope="system"
xml:lang="en">
    <dataset>
        <alternateIdentifier>10.15468/t3a60p</alternateIdentifier>
        <alternateIdentifier>https://cch2.org/portal/collections/misc/collprofiles.php?collid=18</alternateIdentifier>
        <alternateIdentifier>http://cch2.org/portal/collections/misc/collprofiles.php?collid=18</alternateIdentifier>
        <alternateIdentifier>http://www.portal.capturingcaliforniasflowers.org/portal/collections/misc/collprofiles.php?collid=18</alternateIdentifier>
        <title>SJSU - Carl W. Sharsmith Herbarium, San Jose State University</title>
        <creator>
            <organizationName>CCH2 Portal</organizationName>
            <electronicMailAddress>jyost@calpoly.edu</electronicMailAddress>
            <onlineUrl>https://cch2.org/portal/index.php</onlineUrl>
        </creator>
        <metadataProvider>
            <organizationName>CCH2 Portal</organizationName>
            <electronicMailAddress>jyost@calpoly.edu</electronicMailAddress>
            <onlineUrl>https://cch2.org/portal/index.php</onlineUrl>
        </metadataProvider>
        <associatedParty>
            <individualName>
                <surName>Lars Rosengreen, Curator</surName>
            </individualName>
            <electronicMailAddress>lars.rosengreen@sjsu.edu</electronicMailAddress>
            <role>CONTENT_PROVIDER</role>
        </associatedParty>
        <pubDate>
                2024-11-01
        </pubDate>
        <language>ENGLISH</language>
        <abstract>
            <para>Founded in 1945 by Dr. Carl Sharsmith, the herbarium at San Jose State University houses a collection of more than 18,500 dried plant specimens. Many specimens were collected over Dr. Sharsmith&amp;#39;s long career as a university professor and natural history ranger at Yosemite National Park. The collection is actively curated with approximately 500 new specimens being added every year.</para>
        </abstract>
        <intellectualRights>
            <para>This work is licensed under a <ulink url="http://creativecommons.org/licenses/by-nc/4.0/legalcode"><citetitle>Creative Commons Attribution Non Commercial (CC-BY-NC) 4.0 License</citetitle></ulink>.</para>
        </intellectualRights>
        <licensed>
            <licenseName>Creative Commons Attribution Non Commercial 4.0 International</licenseName>
            <url>https://spdx.org/licenses/CC-BY-NC-4.0.html</url>
            <identifier>CC-BY-NC-4.0</identifier>
        </licensed>
        <distribution scope="document">
            <online>
                <url function="download">https://cch2.org/portal/content/dwca/SJSU_DwC-A.zip</url>
            </online>
        </distribution>
        <contact>
            <organizationName>SJSU - Carl W. Sharsmith Herbarium, San Jose State University</organizationName>
            <phone>(408)-924-4830</phone>
            <electronicMailAddress>lars.rosengreen@sjsu.edu</electronicMailAddress>
            <onlineUrl>http://www.sjsu.edu/herbarium/</onlineUrl>
        </contact>

    </dataset>

    <additionalMetadata>
        <metadata>
            <gbif>
                <dateStamp>2024-11-04T13:46:23Z</dateStamp>
                <citation>San Jose State University (2024). SJSU - Carl W. Sharsmith Herbarium, San Jose State University. Occurrence dataset https://doi.org/10.15468/t3a60p accessed via GBIF.org on 2024-11-04.</citation>
            </gbif>
        </metadata>
    </additionalMetadata>
    </eml:eml>
