<?xml version="1.0" encoding="utf-8"?>
<eml:eml xmlns:eml="https://eml.ecoinformatics.org/eml-2.2.0" xmlns:xsi="http://www.w3.org/2001/XMLSchema-instance"
         xsi:schemaLocation="https://eml.ecoinformatics.org/eml-2.2.0 https://rs.gbif.org/schema/eml-gbif-profile/1.3/eml.xsd"
packageId="366d9c09-06c6-445d-bffc-9b9b186453bf"  system="http://gbif.org" scope="system"
xml:lang="en">
    <dataset>
        <alternateIdentifier>10.15468/kua8aq</alternateIdentifier>
        <alternateIdentifier>https://cch2.org/portal/collections/misc/collprofiles.php?collid=100</alternateIdentifier>
        <title>KNFHC - Klamath National Forest Happy Camp/Oak Knoll Herbarium</title>
        <creator>
            <organizationName>CCH2 Portal</organizationName>
            <electronicMailAddress>jyost@calpoly.edu</electronicMailAddress>
            <onlineUrl>https://cch2.org/portal/index.php</onlineUrl>
        </creator>
        <metadataProvider>
            <organizationName>CCH2 Portal</organizationName>
            <electronicMailAddress>jyost@calpoly.edu</electronicMailAddress>
            <onlineUrl>https://cch2.org/portal/index.php</onlineUrl>
        </metadataProvider>
        <associatedParty>
            <individualName>
                <givenName>Greg</givenName>
                <surName>De Nevers</surName>
            </individualName>
            <electronicMailAddress>Gregory.DeNevers@usda.gov</electronicMailAddress>
            <role>CONTENT_PROVIDER</role>
        </associatedParty>
        <pubDate>
                2024-11-01
        </pubDate>
        <language>ENGLISH</language>
        <intellectualRights>
            <para>To the extent possible under law, the publisher has waived all rights to these data and has dedicated them to the <ulink url="http://creativecommons.org/publicdomain/zero/1.0/legalcode"><citetitle>Public Domain (CC0 1.0)</citetitle></ulink>. Users may copy, modify, distribute and use the work, including for commercial purposes, without restriction.</para>
        </intellectualRights>
        <licensed>
            <licenseName>Creative Commons Zero v1.0 Universal</licenseName>
            <url>https://spdx.org/licenses/CC0-1.0.html</url>
            <identifier>CC0-1.0</identifier>
        </licensed>
        <distribution scope="document">
            <online>
                <url function="download">https://cch2.org/portal/content/dwca/KNFHC-HappyCamp_DwC-A.zip</url>
            </online>
        </distribution>
        <contact>
            <organizationName>KNFHC - Klamath National Forest Happy Camp/Oak Knoll Herbarium</organizationName>
            <electronicMailAddress>Gregory.DeNevers@usda.gov</electronicMailAddress>
        </contact>

    </dataset>

    <additionalMetadata>
        <metadata>
            <gbif>
                <dateStamp>2024-11-04T13:50:48Z</dateStamp>
                <citation>USDA Forest Service (FS) (2024). KNFHC - Klamath National Forest Happy Camp/Oak Knoll Herbarium. Occurrence dataset https://doi.org/10.15468/kua8aq accessed via GBIF.org on 2024-11-04.</citation>
            </gbif>
        </metadata>
    </additionalMetadata>
    </eml:eml>
