<?xml version="1.0" encoding="utf-8"?>
<eml:eml xmlns:eml="https://eml.ecoinformatics.org/eml-2.2.0" xmlns:xsi="http://www.w3.org/2001/XMLSchema-instance"
         xsi:schemaLocation="https://eml.ecoinformatics.org/eml-2.2.0 https://rs.gbif.org/schema/eml-gbif-profile/1.3/eml.xsd"
packageId="69c47699-3edb-4cba-ae57-a331011c31e8"  system="http://gbif.org" scope="system"
xml:lang="en">
    <dataset>
        <alternateIdentifier>10.15468/5cr9za</alternateIdentifier>
        <alternateIdentifier>https://intermountainbiota.org/portal/collections/misc/collprofiles.php?collid=458</alternateIdentifier>
        <title>College of Southern Nevada; Wesley E. Niles Herbarium</title>
        <creator>
            <organizationName>Consortium of Intermountain Herbaria</organizationName>
            <electronicMailAddress>seinetAdmin@asu.edu</electronicMailAddress>
            <onlineUrl>https://intermountainbiota.org/portal/index.php</onlineUrl>
        </creator>
        <metadataProvider>
            <organizationName>Consortium of Intermountain Herbaria</organizationName>
            <electronicMailAddress>seinetAdmin@asu.edu</electronicMailAddress>
            <onlineUrl>https://intermountainbiota.org/portal/index.php</onlineUrl>
        </metadataProvider>
        <associatedParty>
            <individualName>
                <givenName>Matthew</givenName>
                <surName>Mahrt</surName>
            </individualName>
            <positionName>Curator</positionName>
            <electronicMailAddress>matthew.mahrt@csn.edu</electronicMailAddress>
            <role>CONTENT_PROVIDER</role>
        </associatedParty>
        <associatedParty>
            <individualName>
                <givenName>Marcus</givenName>
                <surName>Hooker</surName>
            </individualName>
            <positionName>Collection Manager</positionName>
            <electronicMailAddress>marcus.hooker@csn.edu</electronicMailAddress>
            <role>CONTENT_PROVIDER</role>
        </associatedParty>
        <pubDate>
                2024-11-01
        </pubDate>
        <language>ENGLISH</language>
        <abstract>
            <para>Founded in 1970 by Dr. Wesley E. Niles, the herbarium now holds about 70,000 specimens. Its primary focus is the vascular plant diversity in the Mojave Desert regions of Nevada, Utah, Arizona, and California. In 2023, the herbarium was transferred to the College of Southern Nevada.&amp;nbsp; It is housed in the building A of the Henderson campus. Important collections include those of T. Ackerman (Desert National Wildlife Refuge); J. C. Beatley (Nevada Test Site); V. Bostick (central and southern Nevada); D. Charlet (Nevada); I.W. Clokey (Spring Mountains); M.Kurzius, D. Schramm, P. Peterson, and C. Annabel (Death Valley, California, and Nevada); S. Meyer (southern Nevada); A. Tiehm, A. Pinzl, and H. Mozingo (central and northern Nevada); W. Niles, P. Leary, J. Holland, and J. Alexander (Nevada, California, and Arizona), and L. Stark (bryophytes of southwestern deserts).
Email marcus.hooker&amp;#64;csn.edu to request access to redacted data.</para>
        </abstract>
        <intellectualRights>
            <para>To the extent possible under law, the publisher has waived all rights to these data and has dedicated them to the <ulink url="http://creativecommons.org/publicdomain/zero/1.0/legalcode"><citetitle>Public Domain (CC0 1.0)</citetitle></ulink>. Users may copy, modify, distribute and use the work, including for commercial purposes, without restriction.</para>
        </intellectualRights>
        <licensed>
            <licenseName>Creative Commons Zero v1.0 Universal</licenseName>
            <url>https://spdx.org/licenses/CC0-1.0.html</url>
            <identifier>CC0-1.0</identifier>
        </licensed>
        <distribution scope="document">
            <online>
                <url function="download">https://intermountainbiota.org/portal/content/dwca/UNLV_DwC-A.zip</url>
            </online>
        </distribution>
        <contact>
            <organizationName>College of Southern Nevada; Wesley E. Niles Herbarium</organizationName>
            <electronicMailAddress>matthew.mahrt@csn.edu</electronicMailAddress>
            <onlineUrl>https://www.csn.edu/schools/school-of-science-engineering-and-mathematics/department-of-biological-sciences/herbarium</onlineUrl>
        </contact>

    </dataset>

    <additionalMetadata>
        <metadata>
            <gbif>
                <dateStamp>2024-11-04T13:50:47Z</dateStamp>
                <citation>College of Southern Nevada (2024). College of Southern Nevada; Wesley E. Niles Herbarium. Occurrence dataset https://doi.org/10.15468/5cr9za accessed via GBIF.org on 2024-11-04.</citation>
            </gbif>
        </metadata>
    </additionalMetadata>
    </eml:eml>
