<?xml version="1.0" encoding="utf-8"?>
<eml:eml xmlns:eml="https://eml.ecoinformatics.org/eml-2.2.0" xmlns:xsi="http://www.w3.org/2001/XMLSchema-instance"
         xsi:schemaLocation="https://eml.ecoinformatics.org/eml-2.2.0 https://rs.gbif.org/schema/eml-gbif-profile/1.3/eml.xsd"
packageId="10.15468/dl.2a95v6"  system="http://gbif.org" scope="system"
xml:lang="en">
    <dataset>
        <alternateIdentifier>0021018-241024112534372</alternateIdentifier>
        <title>GBIF Occurrence Download 10.15468/dl.2a95v6</title>
        <creator>
            <individualName>
                <surName>GBIF Download Service</surName>
            </individualName>
            <electronicMailAddress>support@gbif.org</electronicMailAddress>
        </creator>
        <metadataProvider>
            <individualName>
                <surName>GBIF Download Service</surName>
            </individualName>
            <electronicMailAddress>support@gbif.org</electronicMailAddress>
        </metadataProvider>
        <pubDate>
                2024-11-04
        </pubDate>
        <language>ENGLISH</language>
        <abstract>
            A dataset containing all occurrences available in GBIF matching the query:
{
  "and" : [
    "TaxonKey is Vaccinium parvifolium Sm.",
    "BasisOfRecord is one of (Specimen, Human Observation, Occurrence evidence, Material sample, Living Specimen)",
    "HasCoordinate is true",
    "Country is one of (Canada, United States of America, Mexico)"
  ]
}
The dataset includes records from the following constituent datasets. The full metadata for each constituent is also included in this archive:
101 records from University of British Columbia Herbarium (UBC) - Vascular Plant Collection
2 records from Oskarshamn herbarium (OHN)
1 records from World Plant Specimen from the Herbaria in China
4 records from Plant Resources Center
1 records from University of British Columbia Botanical Garden Collections (UBCBG)
2 records from University of Louisiana at Monroe Herbarium, R. Dale Thomas Collection
7 records from H.J. Andrews Experimental Forest
3 records from Botanical Research Institute of Texas, Philecology Herbarium
1 records from SDSU - Vascular Plants of the San Diego State University Herbarium
1 records from Natural History Museum, Vienna - Herbarium W
2 records from Academy of Natural Sciences of Drexel University
1 records from Putnam Museum and Science Center
6 records from CHSC - Ahart Herbarium, CSU Chico - Vascular Plants
7 records from Bell Museum plants
1 records from Southern Oregon University Herbarium
2 records from University of Alberta Vascular Plant Herbarium (ALTA-VP)
3 records from Tropicos MO Specimen Data
1 records from UCSC Herbarium - Kenneth S. Norris Center for Natural History, University of California Santa Cruz
1 records from College of Southern Nevada; Wesley E. Niles Herbarium
1 records from North Carolina State University Vascular Plant Herbarium
7 records from SBBG - Clifton Smith Herbarium, Santa Barbara Botanic Garden
41 records from United States National Plant Germplasm System Collection
15 records from Portland State Universtiy Herbarium Vascular Plants
78 records from Washington State University Herbarium
2 records from Snake River Plain Herbarium (Boise State University, Idaho, USA)
1 records from MVSC; The James C. Parks Herbarium at Millersville University
1 records from KNFHC - Klamath National Forest Happy Camp/Oak Knoll Herbarium
5 records from Mount Rainier National Park (USA) Vascular Plants
7 records from Eastern Washington University Herbarium Vascular Plants.
2 records from Naturalis Biodiversity Center (NL) - Botany
3 records from Pacific Northwest Herbarium (Western Washington University, Washington, USA)
1 records from SFV - California State University, Northridge
4 records from UCSB - University of California Santa Barbara Herbarium
1 records from Geneva Herbarium – De Candolle's Prodromus (G-DC)
96 records from HSC - Humboldt State University Vascular Plant Herbarium
2 records from University of Washington, Bothell Vascular Plant Herbarium
3 records from Intermountain Herbarium (Vasc. &amp; Algae)
145 records from PUA - Pacific Union College Herbarium
1 records from Eastern Illinois University, Stover-Ebinger Herbarium
15 records from DAV - University of California, Davis Center for Plant Diversity - Vascular Plants
2 records from Brigham Young University, S. L. Welsh Herbarium
14 records from Royal BC Museum - Herbarium (V)
1 records from University of South Carolina, A. C. Moore Herbarium Vascular Plant Collection
2 records from Deaver Herbarium (Northern Arizona University)
6 records from CAS Botany (BOT)
1586 records from A global database for the distributions of crop wild relatives
3 records from SJSU - Carl W. Sharsmith Herbarium, San Jose State University
7 records from University of Nevada Herbarium
1 records from Bioimages
2 records from NMNH Extant Specimen Records (USNM, US)
2 records from Edinburgh (E) Herbarium Specimens
57 records from Vascular Plant Collection - University of Washington Herbarium (WTU)
3 records from Central Oregon Community College
2 records from NEON Biorepository Terrestrial Plant Collection (Herbarium Vouchers)
79 records from Washington State University Marion Ownbey Herbarium
7 records from R. L. McGregor Herbarium Vascular Plants Collection
1 records from Hoyt Arboretum Vascular Plant Herbarium
15 records from University of Puget Sound, Slater Museum Herbarium Vascular Plants
6 records from Carnegie Museum of Natural History Herbarium
25 records from UAM Herbarium (ALA), Vascular Plant Collection (Arctos)
2 records from Meise Botanic Garden Herbarium (BR)
3 records from Royal Botanic Garden Edinburgh Living Plant Collections (E)
12 records from University of Idaho, Stillinger Herbarium Vascular Plants
5 records from UCR - University of California, Riverside Herbarium - Vascular Plants
1 records from KNFY - Klamath National Forest Herbarium
49 records from The University and Jepson Herbaria -- Vascular Plants
2 records from Reed College Vascular Plant Herbarium
2 records from Tropicos Specimens Non-MO
1 records from Quaternary Environments Collections (Royal Alberta Museum)
5 records from OBI - Robert F. Hoover Herbarium, Cal Poly State University
4 records from LA - University of California, Los Angeles Herbarium
51 records from RSA - California Botanic Garden Herbarium
7 records from INSDC Sequences
9 records from Canadian Museum of Nature Herbarium
1 records from LOB - California State University, Long Beach Herbarium
1 records from STNF - Shasta-Trinity National Forest Herbarium
5 records from E. C. Smith Herbarium (ACAD)
27 records from Pl@ntNet observations
2 records from Appalachian State University, I. W. Carpenter, Jr. Herbarium
818 records from Pl@ntNet automatically identified occurrences
7 records from MCCC - Mendocino College Coast Center Herbarium
3 records from SD - SD Herbarium, San Diego Natural History Museum
2 records from SFSU - Vascular Plants of the Harry D. Thiers Herbarium at San Francisco State University
112 records from Oregon State University Vascular Plant Collection
9 records from The New York Botanical Garden Herbarium (NY)
1 records from Auburn University, John D. Freeman Herbarium
2 records from Moscow University Herbarium (MW)
1 records from Taxon occurrence data for the FungalRoot database
1 records from Photographs of higher plants, mosses, fungi, lichens, and algae
12131 records from iNaturalist Research-grade Observations

        </abstract>
        <contact>
            <individualName>
                <surName>GBIF Download Service</surName>
            </individualName>
            <electronicMailAddress>support@gbif.org</electronicMailAddress>
        </contact>

    </dataset>

    <additionalMetadata>
        <metadata>
            <gbif>
                <dateStamp>2024-11-04T13:50:57Z</dateStamp>
                <citation identifier="10.15468/dl.2a95v6">GBIF Occurrence Download 10.15468/dl.2a95v6</citation>
                <physical>
                    <objectName>Darwin Core Archive</objectName>
                    <characterEncoding>UTF-8</characterEncoding>
                    <dataFormat>
                        <externallyDefinedFormat>
                            <formatName>Darwin Core Archive</formatName>
                        </externallyDefinedFormat>
                    </dataFormat>
                    <distribution>
                        <online>
                            <url function="download">https://api.gbif.org/v1/occurrence/download/request/0021018-241024112534372.zip</url>
                        </online>
                    </distribution>
                </physical>
            </gbif>
        </metadata>
    </additionalMetadata>
    </eml:eml>
