<?xml version="1.0" encoding="utf-8"?>
<eml:eml xmlns:eml="https://eml.ecoinformatics.org/eml-2.2.0" xmlns:xsi="http://www.w3.org/2001/XMLSchema-instance"
         xsi:schemaLocation="https://eml.ecoinformatics.org/eml-2.2.0 https://rs.gbif.org/schema/eml-gbif-profile/1.3/eml.xsd"
packageId="49e223ed-ab24-478f-b5e8-4a15af5a8f6c"  system="http://gbif.org" scope="system"
xml:lang="en">
    <dataset>
        <alternateIdentifier>10.15468/36qz6p</alternateIdentifier>
        <alternateIdentifier>https://cch2.org/portal/collections/misc/collprofiles.php?collid=42</alternateIdentifier>
        <alternateIdentifier>http://cch2.org/portal/collections/misc/collprofiles.php?collid=42</alternateIdentifier>
        <alternateIdentifier>http://www.portal.capturingcaliforniasflowers.org/portal/collections/misc/collprofiles.php?collid=42</alternateIdentifier>
        <title>CSLA - Cal State LA Herbarium</title>
        <creator>
            <organizationName>CCH2 Portal</organizationName>
            <electronicMailAddress>jyost@calpoly.edu</electronicMailAddress>
            <onlineUrl>https://cch2.org/portal/index.php</onlineUrl>
        </creator>
        <metadataProvider>
            <organizationName>CCH2 Portal</organizationName>
            <electronicMailAddress>jyost@calpoly.edu</electronicMailAddress>
            <onlineUrl>https://cch2.org/portal/index.php</onlineUrl>
        </metadataProvider>
        <associatedParty>
            <individualName>
                <givenName>Kirsten</givenName>
                <surName>Fisher</surName>
            </individualName>
            <positionName>Curator</positionName>
            <electronicMailAddress>kfisher2@exchange.calstatela.edu</electronicMailAddress>
            <role>CONTENT_PROVIDER</role>
        </associatedParty>
        <pubDate>
                2024-11-01
        </pubDate>
        <language>ENGLISH</language>
        <abstract>
            <para>The CSLA Herbarium holds approximately 35,000 dry-mounted vascular plant specimens from around the world, with particular collection emphasis in Southern California and Northern Mexico. Founded in 1956, CSLA contains significant collections from J. Henrickson, B. Prigge, and R. M. Straw.</para>
        </abstract>
        <intellectualRights>
            <para>This work is licensed under a <ulink url="http://creativecommons.org/licenses/by-nc/4.0/legalcode"><citetitle>Creative Commons Attribution Non Commercial (CC-BY-NC) 4.0 License</citetitle></ulink>.</para>
        </intellectualRights>
        <licensed>
            <licenseName>Creative Commons Attribution Non Commercial 4.0 International</licenseName>
            <url>https://spdx.org/licenses/CC-BY-NC-4.0.html</url>
            <identifier>CC-BY-NC-4.0</identifier>
        </licensed>
        <distribution scope="document">
            <online>
                <url function="download">https://cch2.org/portal/content/dwca/CSLA_DwC-A.zip</url>
            </online>
        </distribution>
        <contact>
            <organizationName>CSLA - Cal State LA Herbarium</organizationName>
            <phone>(323)-343-2089</phone>
            <electronicMailAddress>kfisher2@exchange.calstatela.edu</electronicMailAddress>
            <onlineUrl>http://kfisher2@calstatela.edu</onlineUrl>
        </contact>

    </dataset>

    <additionalMetadata>
        <metadata>
            <gbif>
                <dateStamp>2024-11-04T13:53:54Z</dateStamp>
                <citation>CSU Los Angeles Herbarium (2024). CSLA - Cal State LA Herbarium. Occurrence dataset https://doi.org/10.15468/36qz6p accessed via GBIF.org on 2024-11-04.</citation>
            </gbif>
        </metadata>
    </additionalMetadata>
    </eml:eml>
