<?xml version="1.0" encoding="utf-8"?>
<eml:eml xmlns:eml="https://eml.ecoinformatics.org/eml-2.2.0" xmlns:xsi="http://www.w3.org/2001/XMLSchema-instance"
         xsi:schemaLocation="https://eml.ecoinformatics.org/eml-2.2.0 https://rs.gbif.org/schema/eml-gbif-profile/1.3/eml.xsd"
packageId="5b1129a0-0461-46e5-a55c-9195be29c0ff"  system="http://gbif.org" scope="system"
xml:lang="en">
    <dataset>
        <alternateIdentifier>10.15468/pteehh</alternateIdentifier>
        <alternateIdentifier>https://intermountainbiota.org/portal/collections/misc/collprofiles.php?collid=179</alternateIdentifier>
        <alternateIdentifier>https://ipt.nhmu.utah.edu/resource?r=botanyumnh</alternateIdentifier>
        <alternateIdentifier>5b1129a0-0461-46e5-a55c-9195be29c0ff</alternateIdentifier>
        <title>Natural History Museum of Utah, Garrett Herbarium</title>
        <creator>
            <organizationName>Consortium of Intermountain Herbaria</organizationName>
            <electronicMailAddress>seinetAdmin@asu.edu</electronicMailAddress>
            <onlineUrl>https://intermountainbiota.org/portal/index.php</onlineUrl>
        </creator>
        <metadataProvider>
            <organizationName>Consortium of Intermountain Herbaria</organizationName>
            <electronicMailAddress>seinetAdmin@asu.edu</electronicMailAddress>
            <onlineUrl>https://intermountainbiota.org/portal/index.php</onlineUrl>
        </metadataProvider>
        <associatedParty>
            <individualName>
                <surName>Allison Izaksonas</surName>
            </individualName>
            <electronicMailAddress>aizaksonas@nhmu.utah.edu</electronicMailAddress>
            <role>CONTENT_PROVIDER</role>
        </associatedParty>
        <pubDate>
                2024-10-02
        </pubDate>
        <language>ENGLISH</language>
        <intellectualRights>
            <para>This work is licensed under a <ulink url="http://creativecommons.org/licenses/by/4.0/legalcode"><citetitle>Creative Commons Attribution (CC-BY) 4.0 License</citetitle></ulink>.</para>
        </intellectualRights>
        <licensed>
            <licenseName>Creative Commons Attribution 4.0 International</licenseName>
            <url>https://spdx.org/licenses/CC-BY-4.0.html</url>
            <identifier>CC-BY-4.0</identifier>
        </licensed>
        <distribution scope="document">
            <online>
                <url function="download">https://intermountainbiota.org/portal/content/dwca/UT-Botany_DwC-A.zip</url>
            </online>
        </distribution>
        <contact>
            <organizationName>Natural History Museum of Utah, Garrett Herbarium</organizationName>
            <phone>801-587-5745</phone>
            <electronicMailAddress>aizaksonas@nhmu.utah.edu</electronicMailAddress>
            <onlineUrl>http://nhmu.utah.edu/botany</onlineUrl>
        </contact>

    </dataset>

    <additionalMetadata>
        <metadata>
            <gbif>
                <dateStamp>2024-11-04T13:53:47Z</dateStamp>
                <citation>Natural History Museum of Utah (UMNH) (2024). Natural History Museum of Utah, Garrett Herbarium. Occurrence dataset https://doi.org/10.15468/pteehh accessed via GBIF.org on 2024-11-04.</citation>
            </gbif>
        </metadata>
    </additionalMetadata>
    </eml:eml>
