<?xml version="1.0" encoding="utf-8"?>
<eml:eml xmlns:eml="https://eml.ecoinformatics.org/eml-2.2.0" xmlns:xsi="http://www.w3.org/2001/XMLSchema-instance"
         xsi:schemaLocation="https://eml.ecoinformatics.org/eml-2.2.0 https://rs.gbif.org/schema/eml-gbif-profile/1.3/eml.xsd"
packageId="835613da-f762-11e1-a439-00145eb45e9a"  system="http://gbif.org" scope="system"
xml:lang="es">
    <dataset>
        <alternateIdentifier>10.15468/ei2ijx</alternateIdentifier>
        <alternateIdentifier>https://ipt.gbif.es/resource?r=maf</alternateIdentifier>
        <alternateIdentifier>835613da-f762-11e1-a439-00145eb45e9a</alternateIdentifier>
        <alternateIdentifier>249</alternateIdentifier>
        <title>Herbario de la Facultad de Farmacia de la Universidad Complutense de Madrid (MAF)</title>
        <creator>
            <individualName>
                <givenName>Paloma</givenName>
                <surName>Cantó Ramos</surName>
            </individualName>
            <organizationName>Universidad Complutense de Madrid</organizationName>
            <positionName>Directora MAF</positionName>
            <address>
                <deliveryPoint>plaza de Ramón y Cajal s/n</deliveryPoint>
                <city>Madrid</city>
                <administrativeArea>Madrid</administrativeArea>
                <postalCode>28040</postalCode>
                <country>SPAIN</country>
            </address>
            <phone>+34913941769</phone>
            <electronicMailAddress>mafherb@ucm.es</electronicMailAddress>
            <onlineUrl>https://www.ucm.es/farmabot/maf-herbarium</onlineUrl>
        </creator>
        <creator>
            <individualName>
                <givenName>David</givenName>
                <surName>Cossío de Felipe</surName>
            </individualName>
            <organizationName>Universidad Complutense de Madrid</organizationName>
            <positionName>Associate researcher MAF</positionName>
            <address>
                <deliveryPoint>Plaza de Ramón y Cajal s/n</deliveryPoint>
                <city>Madrid</city>
                <administrativeArea>Madrid</administrativeArea>
                <postalCode>28040</postalCode>
                <country>SPAIN</country>
            </address>
            <phone>+34913941769</phone>
            <onlineUrl>https://www.ucm.es/farmabot/maf-herbarium</onlineUrl>
        </creator>
        <metadataProvider>
            <individualName>
                <givenName>Paloma</givenName>
                <surName>Cantó Ramos</surName>
            </individualName>
            <organizationName>Universidad Complutense de Madrid</organizationName>
            <positionName>Directora MAF</positionName>
            <address>
                <deliveryPoint>plaza de Ramón y Cajal s/n</deliveryPoint>
                <city>Madrid</city>
                <administrativeArea>Madrid</administrativeArea>
                <postalCode>28040</postalCode>
                <country>SPAIN</country>
            </address>
            <phone>+34913941769</phone>
            <electronicMailAddress>mafherb@ucm.es</electronicMailAddress>
            <onlineUrl>https://www.ucm.es/farmabot/maf-herbarium</onlineUrl>
        </metadataProvider>
        <metadataProvider>
            <individualName>
                <givenName>David</givenName>
                <surName>Cossío de Felipe</surName>
            </individualName>
            <organizationName>Universidad Complutense de Madrid</organizationName>
            <positionName>Associate researcher MAF</positionName>
            <address>
                <deliveryPoint>plaza de Ramón y Cajal s/n</deliveryPoint>
                <city>Madrid</city>
                <administrativeArea>Madrid</administrativeArea>
                <postalCode>28040</postalCode>
                <country>SPAIN</country>
            </address>
            <phone>+34913941769</phone>
            <onlineUrl>https://www.ucm.es/farmabot/maf-herbarium</onlineUrl>
        </metadataProvider>
        <associatedParty>
            <individualName>
                <givenName>Paloma</givenName>
                <surName>Cantó Ramos</surName>
            </individualName>
            <organizationName>Universidad Complutense de Madrid</organizationName>
            <positionName>Directora MAF</positionName>
            <address>
                <deliveryPoint>Plaza de Ramón y Cajal s/n</deliveryPoint>
                <city>Madrid</city>
                <administrativeArea>Madrid</administrativeArea>
                <postalCode>28040</postalCode>
                <country>SPAIN</country>
            </address>
            <phone>+34913941769</phone>
            <electronicMailAddress>mafherb@ucm.es</electronicMailAddress>
            <onlineUrl>https://www.ucm.es/farmabot/maf-herbarium</onlineUrl>
            <role>PRINCIPAL_INVESTIGATOR</role>
        </associatedParty>
        <associatedParty>
            <individualName>
                <givenName>David</givenName>
                <surName>Cossío de Felipe</surName>
            </individualName>
            <organizationName>Universidad Complutense de Madrid</organizationName>
            <positionName>Associate researcher MAF</positionName>
            <address>
                <deliveryPoint>Plaza de Ramón y Cajal s/n</deliveryPoint>
                <city>Madrid</city>
                <administrativeArea>Madrid</administrativeArea>
                <postalCode>28040</postalCode>
                <country>SPAIN</country>
            </address>
            <phone>+34913941769</phone>
            <onlineUrl>https://www.ucm.es/farmabot/maf-herbarium</onlineUrl>
            <role>CONTENT_PROVIDER</role>
        </associatedParty>
        <pubDate>
                2024-07-22
        </pubDate>
        <language>SPANISH</language>
        <abstract>
            Herbario de c. 190000 pliegos de plantas vasculares de todo el mundo (julio 2024), especialmente de España y Portugal. Fundado en diciembre de 1892 por Blas Lázaro Ibiza, catedrático de Botánica de la Facultad de Farmacia de la Universidad Central a partir de la colección de la Sociedad Linneana Matritense (1878-1892; 2241 pliegos). Integrado fundamentalmente por colecciones de botánicos españoles entre los que se encuentran P.A Pourret, H. Ruiz &amp; J. Pavón, L. Neé, J. M. Pérez Lara, B. Lázaro Ibiza,  E. Huguet del Villar, J. Cuatrecasas, P. Font Quer, S. Rivas Goday, J. Borja, S. Rivas Martínez, etc.
        </abstract>
        <keywordSet>
            <keyword>Occurrence</keyword>
            <keywordThesaurus>GBIF Dataset Type Vocabulary: http://rs.gbif.org/vocabulary/gbif/dataset_type.xml</keywordThesaurus>
        </keywordSet>
        <keywordSet>
            <keyword>Specimen</keyword>
            <keywordThesaurus>GBIF Dataset Subtype Vocabulary: http://rs.gbif.org/vocabulary/gbif/dataset_subtype.xml</keywordThesaurus>
        </keywordSet>
        <keywordSet>
            <keyword>Occurrence</keyword>
            <keywordThesaurus>GBIF Dataset Type Vocabulary: http://rs.gbif.org/vocabulary/gbif/dataset_type_2015-07-10.xml</keywordThesaurus>
        </keywordSet>
        <intellectualRights>
            <para>This work is licensed under a <ulink url="http://creativecommons.org/licenses/by-nc/4.0/legalcode"><citetitle>Creative Commons Attribution Non Commercial (CC-BY-NC) 4.0 License</citetitle></ulink>.</para>
        </intellectualRights>
        <licensed>
            <licenseName>Creative Commons Attribution Non Commercial 4.0 International</licenseName>
            <url>https://spdx.org/licenses/CC-BY-NC-4.0.html</url>
            <identifier>CC-BY-NC-4.0</identifier>
        </licensed>
        <distribution scope="document">
            <online>
                <url function="download">https://ipt.gbif.es/archive.do?r=maf</url>
            </online>
        </distribution>
        <coverage>
            <geographicCoverage>
                <geographicDescription>Cobertura global, especialmente España y Portugal.</geographicDescription>
                <boundingCoordinates>
                    <westBoundingCoordinate>-180</westBoundingCoordinate>
                    <eastBoundingCoordinate>-180</eastBoundingCoordinate>
                    <northBoundingCoordinate>90</northBoundingCoordinate>
                    <southBoundingCoordinate>-90</southBoundingCoordinate>
                </boundingCoordinates>
            </geographicCoverage>
            <temporalCoverage>
                <rangeOfDates>
                    <beginDate>
                        <calendarDate>                1892-01-01
</calendarDate>
                    </beginDate>
                    <endDate>
                        <calendarDate>                2024-07-01
</calendarDate>
                    </endDate>
                </rangeOfDates>
            </temporalCoverage>
            <taxonomicCoverage>
                <generalTaxonomicCoverage>La colección/base de datos Herbario MAF, Fac. Farmacia, Universidad Complutense de Madrid
incluye a miembros de los siguientes táxones:
Coniferophyta, Equisetopsida, Gnetophyta, Liliatae, Lycophyta, Magnoliatae and Pteridophyta.</generalTaxonomicCoverage>
                <taxonomicClassification>
                    <taxonRankName>Phylum</taxonRankName>
                    <taxonRankValue>Coniferophyta</taxonRankValue>
                    <commonName>Coníferas</commonName>
                </taxonomicClassification>
                <taxonomicClassification>
                    <taxonRankName>Class</taxonRankName>
                    <taxonRankValue>Equisetopsida</taxonRankValue>
                    <commonName>Equisetos</commonName>
                </taxonomicClassification>
                <taxonomicClassification>
                    <taxonRankName>Phylum</taxonRankName>
                    <taxonRankValue>Gnetophyta</taxonRankValue>
                </taxonomicClassification>
                <taxonomicClassification>
                    <taxonRankName>Class</taxonRankName>
                    <taxonRankValue>Liliopsida</taxonRankValue>
                    <commonName>Monocotiledóneas</commonName>
                </taxonomicClassification>
                <taxonomicClassification>
                    <taxonRankName>Phylum</taxonRankName>
                    <taxonRankValue>Lycophyta</taxonRankValue>
                </taxonomicClassification>
                <taxonomicClassification>
                    <taxonRankName>Class</taxonRankName>
                    <taxonRankValue>Magnoliopsida</taxonRankValue>
                    <commonName>Dicotiledóneas</commonName>
                </taxonomicClassification>
                <taxonomicClassification>
                    <taxonRankName>Phylum</taxonRankName>
                    <taxonRankValue>Pteridophyta</taxonRankValue>
                    <commonName>Helechos</commonName>
                </taxonomicClassification>
            </taxonomicCoverage>
        </coverage>
        <maintenance>
            <description>
                <para></para>
            </description>
            <maintenanceUpdateFrequency>unkown</maintenanceUpdateFrequency>
        </maintenance>
        <contact>
            <individualName>
                <givenName>Paloma</givenName>
                <surName>Cantó Ramos</surName>
            </individualName>
            <organizationName>Universidad Complutense de Madrid</organizationName>
            <positionName>Directora MAF</positionName>
            <address>
                <deliveryPoint>Plaza de Ramón y Cajal s/n</deliveryPoint>
                <city>Madrid</city>
                <administrativeArea>Madrid</administrativeArea>
                <postalCode>28040</postalCode>
                <country>SPAIN</country>
            </address>
            <phone>+34913941769</phone>
            <electronicMailAddress>mafherb@ucm.es</electronicMailAddress>
            <onlineUrl>https://www.ucm.es/farmabot/maf-herbarium</onlineUrl>
        </contact>
        <contact>
            <individualName>
                <givenName>David</givenName>
                <surName>Cossío de Felipe</surName>
            </individualName>
            <organizationName>Universidad Complutense de Madrid</organizationName>
            <positionName>Associate researcher MAF</positionName>
            <address>
                <deliveryPoint>Plaza de Ramón y Cajal s/n</deliveryPoint>
                <city>Madrid</city>
                <administrativeArea>Madrid</administrativeArea>
                <postalCode>28040</postalCode>
                <country>SPAIN</country>
            </address>
            <phone>+34913941769</phone>
            <onlineUrl>https://www.ucm.es/farmabot/maf-herbarium</onlineUrl>
        </contact>
        <methods>
            <methodStep>
                <description>
                    <para>especímenes prensados, desecados, montados en pliegos de papel, etiquetados y numerados.</para>
                </description>
            </methodStep>
            <sampling>
                <studyExtent>
                    <description>
                        <para>Global, especialmente España y Portugal</para>
                    </description>
                </studyExtent>
                <samplingDescription>
                    <para>especímenes de plantas vasculares</para>
                </samplingDescription>
            </sampling>
        </methods>

            <project id="MAF">
                <title>Herbario de la Facultad de Farmacia de la Universidad Complutense de Madrid</title>
                <personnel>
                    <individualName>
                    <givenName>Paloma</givenName>
                    <surName>Cantó Ramos</surName>
                    </individualName>
                    <role>PRINCIPAL_INVESTIGATOR</role>
                </personnel>
                <personnel>
                    <individualName>
                    <givenName>David</givenName>
                    <surName>Cossío de Felipe</surName>
                    </individualName>
                    <role>CONTENT_PROVIDER</role>
                </personnel>
                <abstract>
                    <para>Herbario de c. 190000 pliegos de plantas vasculares de todo el mundo (julio 2024), especialmente de España y Portugal. Fundado en diciembre de 1892 por Blas Lázaro Ibiza, catedrático de Botánica de la Facultad de Farmacia de la Universidad Central a partir de la colección de la Sociedad Linneana Matritense (1878-1892; 2241 pliegos). Integrado fundamentalmente por colecciones de botánicos españoles entre los que se encuentran P.A Pourret, H. Ruiz &amp; J. Pavón, L. Neé, J. M. Pérez Lara, B. Lázaro Ibiza,  E. Huguet del Villar, J. Cuatrecasas, P. Font Quer, S. Rivas Goday, J. Borja, S. Rivas Martínez, etc.</para>
                </abstract>
                <funding>
                    <para>Universidad Complutense de Madrid</para>
                </funding>
                <studyAreaDescription>
                    <descriptor name="generic" citableClassificationSystem="false">
                        <descriptorValue>Global, especialmente España y Portugal</descriptorValue>
                    </descriptor>
                </studyAreaDescription>
            </project>
    </dataset>

    <additionalMetadata>
        <metadata>
            <gbif>
                <dateStamp>2024-11-04T13:53:46Z</dateStamp>
                <citation>Cantó Ramos P, Cossío de Felipe D (2024). Herbario de la Facultad de Farmacia de la Universidad Complutense de Madrid (MAF). Departamento de Farmacología, Farmacognosia &amp; Botánica, Fac. de Farmacia, Univ. Complutense de Madrid. Occurrence dataset https://doi.org/10.15468/ei2ijx accessed via GBIF.org on 2024-11-04.</citation>
                <physical>
                    <objectName>GBIF Occurrence Download</objectName>
                    <characterEncoding>UTF-8</characterEncoding>
                    <dataFormat>
                        <externallyDefinedFormat>
                            <formatName>Darwin Core Archive</formatName>
                        </externallyDefinedFormat>
                    </dataFormat>
                    <distribution>
                        <online>
                            <url function="download">http://api.gbif.org/v1/occurrence/download/request/0002113-180131172636756.zip</url>
                        </online>
                    </distribution>
                </physical>
            </gbif>
        </metadata>
    </additionalMetadata>
    </eml:eml>
