<?xml version="1.0" encoding="utf-8"?>
<eml:eml xmlns:eml="https://eml.ecoinformatics.org/eml-2.2.0" xmlns:xsi="http://www.w3.org/2001/XMLSchema-instance"
         xsi:schemaLocation="https://eml.ecoinformatics.org/eml-2.2.0 https://rs.gbif.org/schema/eml-gbif-profile/1.3/eml.xsd"
packageId="95aef98e-f762-11e1-a439-00145eb45e9a"  system="http://gbif.org" scope="system"
xml:lang="en">
    <dataset>
        <alternateIdentifier>10.15468/zciacm</alternateIdentifier>
        <alternateIdentifier>https://soroherbaria.org/portal/collections/misc/collprofiles.php?collid=30</alternateIdentifier>
        <alternateIdentifier>https://www.soroherbaria.org/portal/collections/misc/collprofiles.php?collid=30</alternateIdentifier>
        <alternateIdentifier>7892</alternateIdentifier>
        <title>Colorado State University, Charles Maurer Herbarium</title>
        <creator>
            <organizationName>Southern Rocky Mountain Herbaria</organizationName>
            <electronicMailAddress>james.r.allen@colorado.edu</electronicMailAddress>
            <onlineUrl>https://www.soroherbaria.org/portal/index.php</onlineUrl>
        </creator>
        <metadataProvider>
            <organizationName>Southern Rocky Mountain Herbaria</organizationName>
            <electronicMailAddress>james.r.allen@colorado.edu</electronicMailAddress>
            <onlineUrl>https://www.soroherbaria.org/portal/index.php</onlineUrl>
        </metadataProvider>
        <associatedParty>
            <individualName>
                <givenName>Tanya</givenName>
                <surName>Dewey</surName>
            </individualName>
            <positionName>Interim Curator</positionName>
            <electronicMailAddress>tdewey@rams.colostate.edu</electronicMailAddress>
            <role>CONTENT_PROVIDER</role>
        </associatedParty>
        <pubDate>
                2024-06-04
        </pubDate>
        <language>ENGLISH</language>
        <abstract>
            The Charles Maurer Herbarium Collection is the third largest collection of vascular plants (&gt; 104,000 specimens) and is the oldest herbarium (began in 1883) in the southern Rocky Mountain region. Important collections include those by J. Ackerfield, J. Cassidy, J. H. Cowen, C.S. Crandall, and H.D. Harrington. The herbarium has an excellent representation of the Colorado flora as well as the flora of the southern Rocky Mountain region. These herbarium specimens were the primary bases for the Colorado floras published by Rydberg (1906), Harrington (1954), and Ackerfield (2015).
        </abstract>
        <intellectualRights>
            <para>This work is licensed under a <ulink url="http://creativecommons.org/licenses/by/4.0/legalcode"><citetitle>Creative Commons Attribution (CC-BY) 4.0 License</citetitle></ulink>.</para>
        </intellectualRights>
        <licensed>
            <licenseName>Creative Commons Attribution 4.0 International</licenseName>
            <url>https://spdx.org/licenses/CC-BY-4.0.html</url>
            <identifier>CC-BY-4.0</identifier>
        </licensed>
        <distribution scope="document">
            <online>
                <url function="download">https://www.soroherbaria.org/portal/content/dwca/CS_DwC-A.zip</url>
            </online>
        </distribution>
        <contact>
            <organizationName>Colorado State University, Charles Maurer Herbarium</organizationName>
            <phone>(970) 491-0496</phone>
            <electronicMailAddress>tdewey@rams.colostate.edu</electronicMailAddress>
            <onlineUrl>http://herbarium.biology.colostate.edu/index.htm</onlineUrl>
        </contact>

    </dataset>

    <additionalMetadata>
        <metadata>
            <gbif>
                <dateStamp>2024-11-04T13:53:47Z</dateStamp>
                <citation>Colorado State University Herbarium (CSU) (2024). Colorado State University, Charles Maurer Herbarium. Occurrence dataset https://doi.org/10.15468/zciacm accessed via GBIF.org on 2024-11-04.</citation>
            </gbif>
        </metadata>
    </additionalMetadata>
    </eml:eml>
