<?xml version="1.0" encoding="utf-8"?>
<eml:eml xmlns:eml="https://eml.ecoinformatics.org/eml-2.2.0" xmlns:xsi="http://www.w3.org/2001/XMLSchema-instance"
         xsi:schemaLocation="https://eml.ecoinformatics.org/eml-2.2.0 https://rs.gbif.org/schema/eml-gbif-profile/1.3/eml.xsd"
packageId="95d1bc21-66e1-43a6-bbdf-54cb7f0cb546"  system="http://gbif.org" scope="system"
xml:lang="en">
    <dataset>
        <alternateIdentifier>10.15468/d2nup8</alternateIdentifier>
        <alternateIdentifier>https://cch2.org/portal/collections/misc/collprofiles.php?collid=10</alternateIdentifier>
        <title>KNFY - Klamath National Forest Herbarium</title>
        <creator>
            <organizationName>CCH2 Portal</organizationName>
            <electronicMailAddress>jyost@calpoly.edu</electronicMailAddress>
            <onlineUrl>https://cch2.org/portal/index.php</onlineUrl>
        </creator>
        <metadataProvider>
            <organizationName>CCH2 Portal</organizationName>
            <electronicMailAddress>jyost@calpoly.edu</electronicMailAddress>
            <onlineUrl>https://cch2.org/portal/index.php</onlineUrl>
        </metadataProvider>
        <associatedParty>
            <individualName>
                <givenName>Erin</givenName>
                <surName>Lonergan</surName>
            </individualName>
            <positionName>Herbarium Contact</positionName>
            <electronicMailAddress>erinrlonergan@fs.fed.us</electronicMailAddress>
            <role>CONTENT_PROVIDER</role>
        </associatedParty>
        <associatedParty>
            <individualName>
                <givenName>Jason</givenName>
                <surName>Alexander</surName>
            </individualName>
            <positionName>Data Contact (Interim)</positionName>
            <electronicMailAddress>jason_alexander@berkeley.edu</electronicMailAddress>
            <role>CONTENT_PROVIDER</role>
        </associatedParty>
        <pubDate>
                2024-11-01
        </pubDate>
        <language>ENGLISH</language>
        <abstract>
            <para>The Klamath National Forest encompasses nearly 1.7 million acres of land straddling the California and Oregon border in the Klamath-Siskiyou Mountain Ranges. In the mountains to the west, the terrain is steep and rugged, while the east-side has gentler, rolling terrain of volcanic origin, sprinkled with buttes and valleys. Elevations range from 450 to 9,001 feet above sea level at Thompson Peak, on the Siskiyou-Trinity County divide. The Klamath National Forest is one of America&amp;rsquo;s most biologically diverse regions, due to the blending of four floristic provinces and boasts a center of coniferous diversity (19 species) in the Russian Wilderness. The Klamath National Forest Herbarium aims to preserve and record the many rare and endemic species unique to the region.</para>
        </abstract>
        <intellectualRights>
            <para>This work is licensed under a <ulink url="http://creativecommons.org/licenses/by-nc/4.0/legalcode"><citetitle>Creative Commons Attribution Non Commercial (CC-BY-NC) 4.0 License</citetitle></ulink>.</para>
        </intellectualRights>
        <licensed>
            <licenseName>Creative Commons Attribution Non Commercial 4.0 International</licenseName>
            <url>https://spdx.org/licenses/CC-BY-NC-4.0.html</url>
            <identifier>CC-BY-NC-4.0</identifier>
        </licensed>
        <distribution scope="document">
            <online>
                <url function="download">https://cch2.org/portal/content/dwca/KNFY_DwC-A.zip</url>
            </online>
        </distribution>
        <contact>
            <organizationName>KNFY - Klamath National Forest Herbarium</organizationName>
            <onlineUrl>http://www.fs.usda.gov/klamath</onlineUrl>
        </contact>

    </dataset>

    <additionalMetadata>
        <metadata>
            <gbif>
                <dateStamp>2024-11-04T13:53:53Z</dateStamp>
                <citation>USDA Forest Service (FS) (2024). KNFY - Klamath National Forest Herbarium. Occurrence dataset https://doi.org/10.15468/d2nup8 accessed via GBIF.org on 2024-11-04.</citation>
            </gbif>
        </metadata>
    </additionalMetadata>
    </eml:eml>
