<?xml version="1.0" encoding="utf-8"?>
<eml:eml xmlns:eml="https://eml.ecoinformatics.org/eml-2.2.0" xmlns:xsi="http://www.w3.org/2001/XMLSchema-instance"
         xsi:schemaLocation="https://eml.ecoinformatics.org/eml-2.2.0 https://rs.gbif.org/schema/eml-gbif-profile/1.3/eml.xsd"
packageId="1260b7e1-852a-4344-8299-3426ab4ffc19"  system="http://gbif.org" scope="system"
xml:lang="en">
    <dataset>
        <alternateIdentifier>10.15468/9wepze</alternateIdentifier>
        <alternateIdentifier>1260b7e1-852a-4344-8299-3426ab4ffc19</alternateIdentifier>
        <alternateIdentifier>https://ipt.gbif.us/resource?r=mohonk-index-card</alternateIdentifier>
        <title>Mohonk Preserve Historical Observational Index Card Natural History Data</title>
        <creator>
            <individualName>
                <surName>Mohonk Preserve</surName>
            </individualName>
            <organizationName>Mohonk Preserve</organizationName>
            <positionName>Mohonk Preserve</positionName>
            <address>
                <deliveryPoint>PO Box 715</deliveryPoint>
                <city>New Paltz</city>
                <administrativeArea>New York</administrativeArea>
                <postalCode>12561</postalCode>
            </address>
            <phone>8452550919</phone>
            <electronicMailAddress>research@mohonkpreserve.org</electronicMailAddress>
            <onlineUrl>https://www.mohonkpreserve.org/</onlineUrl>
        </creator>
        <creator>
            <individualName>
                <givenName>Jordan</givenName>
                <surName>Williams</surName>
            </individualName>
            <organizationName>Mohonk Preserve</organizationName>
            <positionName>Digitization Technician</positionName>
            <address>
                <deliveryPoint>PO Box 715</deliveryPoint>
                <city>New Paltz</city>
                <administrativeArea>New York</administrativeArea>
                <postalCode>12561</postalCode>
                <country>UNITED_STATES</country>
            </address>
            <phone>8452550919</phone>
            <electronicMailAddress>research@mohonkpreserve.org</electronicMailAddress>
            <userId directory="https://orcid.org/">0000-0002-8480-2478</userId>
        </creator>
        <creator>
            <individualName>
                <givenName>Penelope</givenName>
                <surName>Adler-Colvin</surName>
            </individualName>
            <organizationName>Mohonk Preserve</organizationName>
            <positionName>Community Science Coordinator</positionName>
            <address>
                <deliveryPoint>PO Box 715</deliveryPoint>
                <city>New Paltz</city>
                <administrativeArea>New York</administrativeArea>
                <postalCode>12561</postalCode>
                <country>UNITED_STATES</country>
            </address>
            <phone>8452550919</phone>
            <electronicMailAddress>research@mohonkpreserve.org</electronicMailAddress>
            <userId directory="https://orcid.org/">0000-0001-7508-0410</userId>
        </creator>
        <creator>
            <individualName>
                <givenName>Natalie</givenName>
                <surName>Feldsine</surName>
            </individualName>
            <organizationName>Mohonk Preserve</organizationName>
            <positionName>Research Collection and Citizen Science Coordinator</positionName>
            <address>
                <deliveryPoint>PO Box 715</deliveryPoint>
                <city>New Paltz</city>
                <administrativeArea>New York</administrativeArea>
                <postalCode>12561</postalCode>
            </address>
            <phone>8452550919</phone>
            <electronicMailAddress>research@mohonkpreserve.org</electronicMailAddress>
            <userId directory="https://orcid.org/">0000-0003-4331-3042</userId>
        </creator>
        <creator>
            <individualName>
                <givenName>Julia</givenName>
                <surName>Solomon</surName>
            </individualName>
            <organizationName>Mohonk Preserve</organizationName>
            <positionName>Director of Conservation Programs</positionName>
            <address>
                <deliveryPoint>PO Box 715</deliveryPoint>
                <city>New Paltz</city>
                <administrativeArea>New York</administrativeArea>
                <postalCode>12561</postalCode>
                <country>UNITED_STATES</country>
            </address>
            <phone>8452550919</phone>
            <electronicMailAddress>jsolomon@mohonkpreserve.org</electronicMailAddress>
        </creator>
        <creator>
            <individualName>
                <surName>Volunteer Transcribers</surName>
            </individualName>
            <organizationName>Mohonk Preserve</organizationName>
            <positionName>Volunteer</positionName>
            <address>
                <deliveryPoint>PO Box 715</deliveryPoint>
                <city>New Paltz</city>
                <administrativeArea>New York</administrativeArea>
                <postalCode>12561</postalCode>
            </address>
            <phone>8452550919</phone>
            <electronicMailAddress>research@mohonkpreserve.org</electronicMailAddress>
        </creator>
        <creator>
            <individualName>
                <givenName>Paul</givenName>
                <surName>Huth</surName>
            </individualName>
            <organizationName>Mohonk Preserve</organizationName>
            <positionName>Director of Research Emeritus</positionName>
            <address>
                <deliveryPoint>PO Box 715</deliveryPoint>
                <city>New Paltz</city>
                <administrativeArea>New York</administrativeArea>
                <country>UNITED_STATES</country>
            </address>
        </creator>
        <creator>
            <individualName>
                <givenName>Daniel</givenName>
                <surName>Smiley</surName>
            </individualName>
            <organizationName>Mohonk Preserve</organizationName>
            <positionName>Ecosystem Ecologist, Posthumous Attribution</positionName>
            <address>
                <deliveryPoint>PO Box 715</deliveryPoint>
                <city>New Paltz</city>
                <administrativeArea>New York</administrativeArea>
                <country>UNITED_STATES</country>
            </address>
        </creator>
        <creator>
            <individualName>
                <givenName>Alexis</givenName>
                <surName>Garretson</surName>
            </individualName>
            <organizationName>Mohonk Preserve</organizationName>
            <positionName>Research Associate</positionName>
            <address>
                <deliveryPoint>PO Box 715</deliveryPoint>
                <city>New Paltz</city>
                <administrativeArea>New York</administrativeArea>
                <postalCode>12561</postalCode>
                <country>UNITED_STATES</country>
            </address>
            <phone>8452550919</phone>
            <electronicMailAddress>alexis.garretson@tufts.edu</electronicMailAddress>
            <onlineUrl>http://www.alexisgarretson.com</onlineUrl>
            <userId directory="https://orcid.org/">0000-0002-7260-0131</userId>
        </creator>
        <metadataProvider>
            <individualName>
                <givenName>Alexis</givenName>
                <surName>Garretson</surName>
            </individualName>
            <organizationName>Mohonk Preserve</organizationName>
            <positionName>Research Associate</positionName>
            <address>
                <deliveryPoint>PO Box 715</deliveryPoint>
                <city>New Paltz</city>
                <administrativeArea>New York</administrativeArea>
                <postalCode>12561</postalCode>
                <country>UNITED_STATES</country>
            </address>
            <phone>8452550919</phone>
            <electronicMailAddress>alexis.garretson@tufts.edu</electronicMailAddress>
            <onlineUrl>http://www.alexisgarretson.com</onlineUrl>
            <userId directory="https://orcid.org/">0000-0002-7260-0131</userId>
        </metadataProvider>
        <metadataProvider>
            <individualName>
                <givenName>Penelope</givenName>
                <surName>Adler-Colvin</surName>
            </individualName>
            <organizationName>Mohonk Preserve</organizationName>
            <positionName>Community Science Coordinator</positionName>
            <address>
                <deliveryPoint>PO Box 715</deliveryPoint>
                <city>New Paltz</city>
                <administrativeArea>New York</administrativeArea>
                <postalCode>12561</postalCode>
                <country>UNITED_STATES</country>
            </address>
            <phone>8452550919</phone>
            <electronicMailAddress>research@mohonkpreserve.org</electronicMailAddress>
            <userId directory="https://orcid.org/">0000-0001-7508-0410</userId>
        </metadataProvider>
        <metadataProvider>
            <individualName>
                <givenName>Julia</givenName>
                <surName>Solomon</surName>
            </individualName>
            <organizationName>Mohonk Preserve</organizationName>
            <positionName>Director of Conservation Programs</positionName>
            <address>
                <deliveryPoint>PO Box 715</deliveryPoint>
                <city>New Paltz</city>
                <administrativeArea>New York</administrativeArea>
                <postalCode>12561</postalCode>
                <country>UNITED_STATES</country>
            </address>
            <phone>8452550919</phone>
            <electronicMailAddress>jsolomon@mohonkpreserve.org</electronicMailAddress>
        </metadataProvider>
        <associatedParty>
            <individualName>
                <givenName>Alexis</givenName>
                <surName>Garretson</surName>
            </individualName>
            <electronicMailAddress>alexis@garretson.net</electronicMailAddress>
            <role>USER</role>
        </associatedParty>
        <pubDate>
                2023-05-12
        </pubDate>
        <language>ENGLISH</language>
        <abstract>
            Beginning in the mid-1900s , naturalist Daniel Smiley and his associates and successors at the Daniel Smiley Research Center documented extensive natural history observations of the flora and fauna of the Shawangunk Ridge on over 14,000 3x5” index cards. Observations are highly detailed and often include narrative descriptions as well as basic observational information.
The duration, extent and specificity of this dataset provide a wealth of information to support and inform biodiversity research, environmental management and ecological sciences.
        </abstract>
        <keywordSet>
            <keyword>Occurrence</keyword>
            <keywordThesaurus>GBIF Dataset Type Vocabulary: http://rs.gbif.org/vocabulary/gbif/dataset_type_2015-07-10.xml</keywordThesaurus>
        </keywordSet>
        <keywordSet>
            <keyword>Observation</keyword>
            <keywordThesaurus>GBIF Dataset Subtype Vocabulary: http://rs.gbif.org/vocabulary/gbif/dataset_subtype.xml</keywordThesaurus>
        </keywordSet>
        <intellectualRights>
            <para>To the extent possible under law, the publisher has waived all rights to these data and has dedicated them to the <ulink url="http://creativecommons.org/publicdomain/zero/1.0/legalcode"><citetitle>Public Domain (CC0 1.0)</citetitle></ulink>. Users may copy, modify, distribute and use the work, including for commercial purposes, without restriction.</para>
        </intellectualRights>
        <licensed>
            <licenseName>Creative Commons Zero v1.0 Universal</licenseName>
            <url>https://spdx.org/licenses/CC0-1.0.html</url>
            <identifier>CC0-1.0</identifier>
        </licensed>
        <distribution scope="document">
            <online>
                <url function="download">https://ipt.gbif.us/archive.do?r=mohonk-index-card</url>
            </online>
        </distribution>
        <coverage>
            <geographicCoverage>
                <geographicDescription>Collected in the vicinity of Mohonk Preserve on the Shawangunk Ridge in New Paltz, Ulster County, NY, USA</geographicDescription>
                <boundingCoordinates>
                    <westBoundingCoordinate>-74.153</westBoundingCoordinate>
                    <eastBoundingCoordinate>-74.153</eastBoundingCoordinate>
                    <northBoundingCoordinate>41.754</northBoundingCoordinate>
                    <southBoundingCoordinate>41.754</southBoundingCoordinate>
                </boundingCoordinates>
            </geographicCoverage>
        </coverage>
        <maintenance>
            <description>
                <para></para>
            </description>
            <maintenanceUpdateFrequency>asNeeded</maintenanceUpdateFrequency>
        </maintenance>
        <contact>
            <individualName>
                <surName>Director of Conservation Science</surName>
            </individualName>
            <organizationName>Mohonk Preserve</organizationName>
            <positionName>Daniel Smiley Research Center</positionName>
            <address>
                <deliveryPoint>PO Box 715</deliveryPoint>
                <city>New Paltz</city>
                <administrativeArea>New York</administrativeArea>
                <postalCode>12561</postalCode>
            </address>
            <phone>8452550919</phone>
            <electronicMailAddress>research@mohonkpreserve.org</electronicMailAddress>
            <onlineUrl>https://www.mohonkpreserve.org/</onlineUrl>
        </contact>
        <methods>
            <methodStep>
                <description>
                    <para>Mohonk Preserve co-founder and prominent regional naturalist Daniel Smiley was an avid observer and recorder of the natural world around him. He methodically recorded observations on 3x5 index cards throughout his life and trained his associates and successors to do the same. This resulted in a unique, detailed record of the flora and fauna of the Shawangunk Ridge over many decades. Each index card contains information similar to a museum specimen label (i.e. date, location, observer’s name, taxonomy), and other pertinent information such as weather, behavior (for animals), phenological information, and historical context. Many cards also contain additional narrative notes.</para>
                </description>
            </methodStep>
            <sampling>
                <studyExtent>
                    <description>
                        <para>Mohonk Preserve co-founder and prominent regional naturalist Daniel Smiley was an avid observer and recorder of the natural world around him. He methodically recorded observations on 3x5 index cards throughout his life and trained his associates and successors to do the same. This resulted in a unique, detailed record of the flora and fauna of the Shawangunk Ridge over many decades. Each index card contains information similar to a museum specimen label (i.e. date, location, observer’s name, taxonomy), and other pertinent information such as weather, behavior (for animals), phenological information, and historical context. Many cards also contain additional narrative notes.</para>
                    </description>
                </studyExtent>
                <samplingDescription>
                    <para>The first step in digitizing the natural history index card collection was to produce an image scan for the front (and, if relevant, back) of each card. This was completed by Mohonk Preserve’s Digitization Technician with the assistance of volunteers. 

Scanned images of the cards were uploaded to the Zooniverse Notes from Nature platform for transcription by remote volunteers. Staff provided support in designing the project, troubleshooting issues that came up during the transcription process and responding to volunteer questions. In July of 2020, Mohonk Preserve publicly launched the project on Zooniverse, titled “A Century of Natural History Observations”. This original launch of the project only contained a subset of cards, mainly bird and plant species. This first set of cards was completely transcribed by the end of October 2020, and a second set of cards was added to the project in early November 2020. In total, 14,435 cards were added to the Zooniverse project, and 2,657 volunteers from around the world contributed to the transcription effort. All uploaded cards were completely transcribed in early June of 2021.</para>
                </samplingDescription>
            </sampling>
            <qualityControl>
                <description>
                    <para>Once volunteer card transcription was completed, staff began the process of data review and cleaning. In order to help catch errors in transcription, Zooniverse will present the same card to four different volunteers. If all four volunteers transcribe the same information, then that card is accepted and considered complete. If, however, there are differences in the transcriptions, Zooniverse will present the card to at least one more volunteer. If the card still comes back with uncertainty, it will be sent back to the developers as incomplete. Due to volunteer difficulties in interpreting observer handwriting, volunteer inconsistencies in spelling and punctuation, and idiosyncratic notation and abbreviation styles by the original observers, a large number of index cards were returned as incomplete. Incomplete cards were replicated – sometimes multiple times – in the transcription spreadsheet, and data cleaning focused first on removing replicates. This was accomplished by a combination of manual review and coded scripts in R. Subsequent data cleanup focused on correcting discrepancies in common names, reconciling common names with current scientific names, and accuracy-checking observer and location data. Finally, data were reorganized to meet Darwin Core standards and linked to appropriate image records for the original scanned index cards.</para>
                </description>
            </qualityControl>
        </methods>

            <project >
                <title>Mohonk Preserve Historical Observational Natural History Data</title>
                <abstract>
                    <para>Beginning in the mid-1900s, naturalist Daniel Smiley and his associates and successors at the Daniel Smiley Research Center documented extensive natural history observations of the flora and fauna of the Shawangunk Ridge on over 14,000 3x5” index cards. Observations are highly detailed and often include narrative descriptions as well as basic observational information.</para>
                </abstract>
                <funding>
                    <para>Institute of Museum and Library Services Museums for America Program Grant, 2019.</para>
                </funding>
            </project>
    </dataset>

    <additionalMetadata>
        <metadata>
            <gbif>
                <dateStamp>2024-11-04T13:24:43Z</dateStamp>
                <citation>Mohonk Preserve, Williams J, Adler-Colvin P, Feldsine N, Solomon J, Volunteer Transcribers, Huth P, Smiley D, Garretson A (2023). Mohonk Preserve Historical Observational Index Card Natural History Data. Version 1.8. Mohonk Preserve. Occurrence dataset https://doi.org/10.15468/9wepze accessed via GBIF.org on 2024-11-04.</citation>
            </gbif>
        </metadata>
    </additionalMetadata>
    </eml:eml>
