<?xml version="1.0" encoding="utf-8"?>
<eml:eml xmlns:eml="https://eml.ecoinformatics.org/eml-2.2.0" xmlns:xsi="http://www.w3.org/2001/XMLSchema-instance"
         xsi:schemaLocation="https://eml.ecoinformatics.org/eml-2.2.0 https://rs.gbif.org/schema/eml-gbif-profile/1.3/eml.xsd"
packageId="28e8e050-7ecd-442a-83c6-3b21cdae2f6e"  system="http://gbif.org" scope="system"
xml:lang="fr">
    <dataset>
        <alternateIdentifier>10.26071/ogsl-46d3ba2e-2fd3</alternateIdentifier>
        <alternateIdentifier>28e8e050-7ecd-442a-83c6-3b21cdae2f6e</alternateIdentifier>
        <alternateIdentifier>https://ipt.iobis.org/obiscanada/resource?r=zip-rne_marais-pointe-aux-outardes</alternateIdentifier>
        <title>The Pointe-aux-Outardes Marsh - Characterization of Important Coastal Habitats on the North Shore of the St. Lawrence Estuary | Le marais de la Pointe-aux-Outardes - Caractérisation des habitats littoraux d’importance de la rive nord de l’estuaire maritime du Saint-Laurent</title>
        <creator>
            <individualName>
                <surName>Comité Zip de la Rive Nord de l&apos;Estuaire</surName>
            </individualName>
            <organizationName>Comité Zip de la Rive Nord de l&apos;Estuaire</organizationName>
            <positionName>Data owner</positionName>
            <electronicMailAddress>zip.rne@zipnord.qc.ca</electronicMailAddress>
            <onlineUrl>https://zipnord.qc.ca/fr/</onlineUrl>
        </creator>
        <metadataProvider>
            <individualName>
                <givenName>Valérie</givenName>
                <surName>Desrochers</surName>
            </individualName>
            <organizationName>Comité Zip de la Rive Nord de l&apos;Estuaire</organizationName>
            <positionName>Data Manager</positionName>
            <address>
                <country>CANADA</country>
            </address>
            <electronicMailAddress>valerie.desrochers@zipnord.qc.ca</electronicMailAddress>
            <onlineUrl>https://zipnord.qc.ca/fr/</onlineUrl>
        </metadataProvider>
        <associatedParty>
            <individualName>
                <surName>Observatoire global du Saint-Laurent</surName>
            </individualName>
            <organizationName>Observatoire global du Saint-Laurent</organizationName>
            <positionName>Data Curation and Stewardship</positionName>
            <address>
                <country>CANADA</country>
            </address>
            <electronicMailAddress>data@ogsl.ca</electronicMailAddress>
            <onlineUrl>https://ogsl.ca/</onlineUrl>
            <role>PUBLISHER</role>
        </associatedParty>
        <pubDate>
                2024-03-07
        </pubDate>
        <language>FRENCH</language>
        <abstract>
            <para>A project to characterize important coastal habitats on the north shore of the St. Lawrence Estuary was funded for a period of 4 years (2018-2022). The purpose of this project is to generate reference ecological data to draw a global portrait of the state of coastal marshes in the upper north shore sector of Quebec.

This dataset covers the Pointe-aux-Outardes marsh area and related wetlands. In order to improve knowledge of these ecosystems, flora and fauna (ichthyological and benthic) inventories have been carried out and the various abiotic factors characterized. Geomorphological data was also collected, but is not included in this dataset. However, they remain available, contact the ZIP Committee of the North Shore of the Estuary (RNE) directly to access them. The RNE ZIP Committee also holds orthomosaics of the downstream section of the Pointe-aux-Outardes marsh and the littoral spit, transects perpendicular to the coast covering the entire littoral marsh (dGNSS Reach), two ecogeomorphological limits (lower limit of the vegetation of the marsh and the coastline) as well as oblique surveys of the western sector of the Manicouagan Peninsula (sector from Pointe du Bout to the old dock of the municipality of Pointe-aux-Outardes) (MavicMini DJI). A characterization report of the floristic, ichthyological and geomorphological aspects of the Pointe-aux-Outardes marsh is also accessible via this dataset.

This project is part of the Coastal Environmental Baseline Program Initiative under the Oceans Protection Plan of Fisheries and Oceans Canada.</para>
<para>Un projet de caractérisation des habitats littoraux d’importance de la rive nord de l’estuaire maritime du Saint-Laurent a été subventionné pour une période de 4 ans (2018-2022). Ce projet a pour but de générer des données écologiques de référence pour tracer un portrait global de l’état des marais littoraux dans le secteur de la haute côte-nord du Québec.

Ce jeu de données couvre le secteur du marais de la Pointe-aux-Outardes et des milieux humides connexes. Afin d’améliorer les connaissances de ces écosystèmes, des inventaires floristiques et fauniques (ichtyologiques et benthiques) ont été réalisés et les différents facteurs abiotiques caractérisés. Des données géomorphologiques ont également été collectées, mais elles ne sont pas incluses dans ce jeu de données. Elles restent toutefois disponibles. Pour y accéder, veuillez contacter directement le Comité ZIP de la Rive Nord de l’Estuaire (RNE). Le Comité ZIP RNE détient aussi des orthomosaïques de la section aval du marais de la Pointe-aux-Outardes et de la flèche littorale, des transects perpendiculaires à la côte couvrant tout le marais littoral (dGNSS Reach), deux limites écogéomorphologiques (limite inférieure de la végétation du marais et le trait de côte) ainsi que des levés obliques du secteur ouest de la péninsule de Manicouagan (secteur de la Pointe du Bout au vieux quai de la municipalité de la Pointe-aux-Outardes; MavicMini DJI). Un rapport de caractérisation des volets floristique, ichtyologique et géomorphologique du marais de la Pointe-aux-Outardes est aussi accessible via ce jeu de données.

Ce projet fait partie du Programme sur les données environnementales côtières de référence de Pêches et Océan Canada.</para>
        </abstract>
        <keywordSet>
            <keyword>Samplingevent</keyword>
            <keywordThesaurus>GBIF Dataset Type Vocabulary: http://rs.gbif.org/vocabulary/gbif/dataset_type_2015-07-10.xml</keywordThesaurus>
        </keywordSet>
        <keywordSet>
            <keyword>Abondance et distribution d&apos;invertébrés</keyword>
            <keyword>Composition et couverture des herbiers marins</keyword>
            <keyword>Température de surface.</keyword>
            <keyword>Sea surface salinity</keyword>
            <keyword>Fish abundance and distribution</keyword>
            <keyword>Invertebrate abundance and distribution</keyword>
            <keyword>Salinité de surface</keyword>
            <keyword>Seagrass cover and composition</keyword>
            <keyword>Sea surface temperature | Abondance et distribution de poissons</keyword>
            <keywordThesaurus>GOOS EOV Vocabulary</keywordThesaurus>
        </keywordSet>
        <keywordSet>
            <keyword>important habitat | marais salée</keyword>
            <keyword>habitat caracterization</keyword>
            <keyword>habitat important.</keyword>
            <keyword>salt marsh</keyword>
            <keyword>caractérisation d&apos;habitat</keyword>
            <keywordThesaurus>n/a</keywordThesaurus>
        </keywordSet>
        <intellectualRights>
            <para>This work is licensed under a <ulink url="http://creativecommons.org/licenses/by/4.0/legalcode"><citetitle>Creative Commons Attribution (CC-BY) 4.0 License</citetitle></ulink>.</para>
        </intellectualRights>
        <licensed>
            <licenseName>Creative Commons Attribution 4.0 International</licenseName>
            <url>https://spdx.org/licenses/CC-BY-4.0.html</url>
            <identifier>CC-BY-4.0</identifier>
        </licensed>
        <distribution scope="document">
            <online>
                <url function="information">https://doi.org/10.26071/ogsl-46d3ba2e-2fd3</url>
            </online>
        </distribution>
        <distribution scope="document">
            <online>
                <url function="download">https://ipt.iobis.org/obiscanada/archive.do?r=zip-rne_marais-pointe-aux-outardes</url>
            </online>
        </distribution>
        <coverage>
            <geographicCoverage>
                <geographicDescription>Pointe-aux-Outardes marsh on the north shore of the St. Lawrence estuary | Le marais de la Pointe-aux-Outardes sur la rive nord de l’estuaire maritime du Saint-Laurent</geographicDescription>
                <boundingCoordinates>
                    <westBoundingCoordinate>-68.66</westBoundingCoordinate>
                    <eastBoundingCoordinate>-68.099</eastBoundingCoordinate>
                    <northBoundingCoordinate>49.125</northBoundingCoordinate>
                    <southBoundingCoordinate>48.954</southBoundingCoordinate>
                </boundingCoordinates>
            </geographicCoverage>
            <temporalCoverage>
                <rangeOfDates>
                    <beginDate>
                        <calendarDate>                2020-01-01
</calendarDate>
                    </beginDate>
                    <endDate>
                        <calendarDate>                2020-01-01
</calendarDate>
                    </endDate>
                </rangeOfDates>
            </temporalCoverage>
        </coverage>
        <maintenance>
            <description>
                <para></para>
            </description>
            <maintenanceUpdateFrequency>asNeeded</maintenanceUpdateFrequency>
        </maintenance>
        <contact>
            <individualName>
                <givenName>Valérie</givenName>
                <surName>Desrochers</surName>
            </individualName>
            <organizationName>Comité Zip de la Rive Nord de l&apos;Estuaire</organizationName>
            <positionName>Data Manager</positionName>
            <address>
                <country>CANADA</country>
            </address>
            <electronicMailAddress>valerie.desrochers@zipnord.qc.ca</electronicMailAddress>
            <onlineUrl>https://zipnord.qc.ca/fr/</onlineUrl>
        </contact>
        <methods>
            <methodStep>
                <description>
                    <para>Bourolle, senne, verveux pour l&apos;échantillonnage ichtyologique. Observation Humaine pour la flore. Carotteuse et prise opportuniste pour le benthos. Physico-chimie sur les sites d&apos;échantillonnages. Observation des sites d&apos;études.</para>
                </description>
            </methodStep>
            <sampling>
                <studyExtent>
                    <description>
                        <para>Pointe-aux-Outardes marsh on the north shore of the St. Lawrence estuary | Le marais de la Pointe-aux-Outardes sur la rive nord de l’estuaire maritime du Saint-Laurent</para>
                    </description>
                </studyExtent>
                <samplingDescription>
                    <para>Bourolle, senne, verveux pour l&apos;échantillonnage ichtyologique. Observation Humaine pour la flore. Carotteuse et prise opportuniste pour le benthos. Physico-chimie sur les sites d&apos;échantillonnages.</para>
                </samplingDescription>
            </sampling>
            <qualityControl>
                <description>
                    <para>Data recorded processed using pyobistools package (python language) | Utilisation d&apos;un outil développé avec le package pyobistools pour faire des validations sur les données.</para>
                </description>
            </qualityControl>
        </methods>

            <project >
                <title>Coastal Environmental Baseline Program | Programme sur les données environnementales côtières de référence</title>
                <abstract>
                    <para></para>
                </abstract>
                <funding>
                    <para>Fisheries and Oceans Canada | Pêches et Océans Canada</para>
                </funding>
            </project>
    </dataset>

    <additionalMetadata>
        <metadata>
            <gbif>
                <dateStamp>2024-11-04T13:24:59Z</dateStamp>
                <citation identifier="https://doi.org/10.26071/ogsl-46d3ba2e-2fd3">Comité Zip de la Rive Nord de l&apos;Estuaire, Desrochers V (2024). The Pointe-aux-Outardes Marsh - Characterization of Important Coastal Habitats on the North Shore of the St. Lawrence Estuary | Le marais de la Pointe-aux-Outardes - Caractérisation des habitats littoraux d’importance de la rive nord de l’estuaire maritime du Saint-Laurent. Version 1.1. Observatoire Global du Saint-Laurent. Sampling event dataset https://doi.org/10.26071/ogsl-46d3ba2e-2fd3 accessed via GBIF.org on 2024-11-04.</citation>
                <resourceLogoUrl>https://ogsl.ca/commons/projet/ckan/logo/zip-nord-estuaire.png</resourceLogoUrl>
            </gbif>
        </metadata>
    </additionalMetadata>
    </eml:eml>
