<?xml version="1.0" encoding="utf-8"?>
<eml:eml xmlns:eml="https://eml.ecoinformatics.org/eml-2.2.0" xmlns:xsi="http://www.w3.org/2001/XMLSchema-instance"
         xsi:schemaLocation="https://eml.ecoinformatics.org/eml-2.2.0 https://rs.gbif.org/schema/eml-gbif-profile/1.3/eml.xsd"
packageId="63045997-4e44-49b8-9957-9f9456bf2adc"  system="http://gbif.org" scope="system"
xml:lang="en">
    <dataset>
        <alternateIdentifier>10.15468/3n5vdv</alternateIdentifier>
        <alternateIdentifier>https://ngpherbaria.org/portal/collections/misc/collprofiles.php?collid=326</alternateIdentifier>
        <title>Saint Ambrose University Herbarium</title>
        <creator>
            <organizationName>Great Plains Herbaria</organizationName>
            <electronicMailAddress>seinetAdmin@asu.edu</electronicMailAddress>
            <onlineUrl>https://ngpherbaria.org/portal/index.php</onlineUrl>
        </creator>
        <metadataProvider>
            <organizationName>Great Plains Herbaria</organizationName>
            <electronicMailAddress>seinetAdmin@asu.edu</electronicMailAddress>
            <onlineUrl>https://ngpherbaria.org/portal/index.php</onlineUrl>
        </metadataProvider>
        <associatedParty>
            <individualName>
                <surName>Nick Stoynoff</surName>
            </individualName>
            <electronicMailAddress>mr_sto@att.net</electronicMailAddress>
            <role>CONTENT_PROVIDER</role>
        </associatedParty>
        <pubDate>
                2024-11-01
        </pubDate>
        <language>ENGLISH</language>
        <abstract>
            <para>In 1914 the herbarium of Saint Ambrose University was established as an addition to the biology department by Monsignor Ulrich A. Hauber. The herbarium currently holds over 900 of Hauber&amp;rsquo;s collections that were among the first specimens added to the facility and just over half of his collections were from the Quad Cities area. Today&amp;rsquo;s herbarium holds approximately 4500 specimens and, though it includes bryophytes, pteridophytes, gymnosperms, and fungi, flowering plants comprise nearly 90% of the total. Over 96% of the St. Ambrose University herbarium hails from the United States, with the remainder having been collected in the Bahamas, Brazil, Canada, Germany, and Switzerland. Just over 3200 specimens in the St. Ambrose University herbarium were collected in Iowa and about 2300 (~50% of the total) document the flora of the Quad Cities region, the area within which the university is found.</para>
        </abstract>
        <intellectualRights>
            <para>To the extent possible under law, the publisher has waived all rights to these data and has dedicated them to the <ulink url="http://creativecommons.org/publicdomain/zero/1.0/legalcode"><citetitle>Public Domain (CC0 1.0)</citetitle></ulink>. Users may copy, modify, distribute and use the work, including for commercial purposes, without restriction.</para>
        </intellectualRights>
        <licensed>
            <licenseName>Creative Commons Zero v1.0 Universal</licenseName>
            <url>https://spdx.org/licenses/CC0-1.0.html</url>
            <identifier>CC0-1.0</identifier>
        </licensed>
        <distribution scope="document">
            <online>
                <url function="download">https://ngpherbaria.org/portal/content/dwca/SAU_DwC-A.zip</url>
            </online>
        </distribution>
        <contact>
            <organizationName>Saint Ambrose University Herbarium</organizationName>
            <electronicMailAddress>mr_sto@att.net</electronicMailAddress>
        </contact>

    </dataset>

    <additionalMetadata>
        <metadata>
            <gbif>
                <dateStamp>2024-11-04T13:25:04Z</dateStamp>
                <citation>St. Ambrose University Herbarium (2024). Saint Ambrose University Herbarium. Occurrence dataset https://doi.org/10.15468/3n5vdv accessed via GBIF.org on 2024-11-04.</citation>
            </gbif>
        </metadata>
    </additionalMetadata>
    </eml:eml>
