<?xml version="1.0" encoding="utf-8"?>
<eml:eml xmlns:eml="https://eml.ecoinformatics.org/eml-2.2.0" xmlns:xsi="http://www.w3.org/2001/XMLSchema-instance"
         xsi:schemaLocation="https://eml.ecoinformatics.org/eml-2.2.0 https://rs.gbif.org/schema/eml-gbif-profile/1.3/eml.xsd"
packageId="c4a5efee-4c61-45d8-bd7a-6275b2388308"  system="http://gbif.org" scope="system"
xml:lang="fr">
    <dataset>
        <alternateIdentifier>10.5886/jd11sg3p</alternateIdentifier>
        <alternateIdentifier>https://data.canadensys.net/ipt/resource?r=que-specimens</alternateIdentifier>
        <alternateIdentifier>http://data.canadensys.net/ipt/resource?r=que-specimens</alternateIdentifier>
        <alternateIdentifier>http://data.canadensys.net/ipt/resource.do?r=que-specimens</alternateIdentifier>
        <alternateIdentifier>c4a5efee-4c61-45d8-bd7a-6275b2388308</alternateIdentifier>
        <title>Herbier du Québec (QUE) - Collection de plantes vasculaires</title>
        <creator>
            <individualName>
                <givenName>Thierry</givenName>
                <surName>Gariépy</surName>
            </individualName>
            <organizationName>Herbier du Québec, Gouvernement du Québec, ministère des Forêts, de la Faune et des Parcs</organizationName>
            <positionName>Technicien de la faune</positionName>
            <address>
                <deliveryPoint>Direction de la recherche forestière, 2700 rue Einstein</deliveryPoint>
                <city>Québec</city>
                <administrativeArea>Québec</administrativeArea>
                <postalCode>G1P 3W8</postalCode>
                <country>CANADA</country>
            </address>
            <phone>418-643-7994 poste 6681</phone>
            <electronicMailAddress>thierry.gariepy@mffp.gouv.qc.ca</electronicMailAddress>
            <onlineUrl>http://www.mffp.gouv.qc.ca/publications/enligne/forets/activites-recherche/soutien/herbier.asp</onlineUrl>
        </creator>
        <metadataProvider>
            <individualName>
                <givenName>Thierry</givenName>
                <surName>Gariépy</surName>
            </individualName>
            <organizationName>Herbier du Québec, Gouvernement du Québec, ministère des Forêts, de la Faune et des Parcs</organizationName>
            <positionName>Technicien de la faune</positionName>
            <address>
                <deliveryPoint>Direction de la recherche forestière, 2700 rue Einstein</deliveryPoint>
                <city>Québec</city>
                <administrativeArea>Québec</administrativeArea>
                <postalCode>G1P 3W8</postalCode>
                <country>CANADA</country>
            </address>
            <phone>418-643-7994 poste 6681</phone>
            <electronicMailAddress>thierry.gariepy@mffp.gouv.qc.ca</electronicMailAddress>
            <onlineUrl>http://www.mffp.gouv.qc.ca/publications/enligne/forets/activites-recherche/soutien/herbier.asp</onlineUrl>
        </metadataProvider>
        <associatedParty>
            <individualName>
                <givenName>Norman</givenName>
                <surName>Dignard</surName>
            </individualName>
            <organizationName>Herbier du Québec, Gouvernement du Québec, ministère des Forêts, de la Faune et des Parcs</organizationName>
            <positionName>Conservateur</positionName>
            <address>
                <deliveryPoint>Direction de la recherche forestière, 2700 rue Einstein</deliveryPoint>
                <city>Québec</city>
                <administrativeArea>Québec</administrativeArea>
                <postalCode>G1P 3W8</postalCode>
                <country>CANADA</country>
            </address>
            <phone>418-643-7994 poste 6682</phone>
            <electronicMailAddress>norman.dignard@mffp.gouv.qc.ca</electronicMailAddress>
            <onlineUrl>http://www.mffp.gouv.qc.ca/publications/enligne/forets/activites-recherche/soutien/herbier.asp</onlineUrl>
            <role>CURATOR</role>
        </associatedParty>
        <associatedParty>
            <individualName>
                <givenName>Thierry</givenName>
                <surName>Gariépy</surName>
            </individualName>
            <organizationName>Herbier du Québec, Gouvernement du Québec, ministère des Forêts, de la Faune et des Parcs</organizationName>
            <positionName>Technicien de la faune</positionName>
            <address>
                <deliveryPoint>Direction de la recherche forestière, 2700 rue Einstein</deliveryPoint>
                <city>Québec</city>
                <administrativeArea>Québec</administrativeArea>
                <postalCode>G1P 3W8</postalCode>
                <country>CANADA</country>
            </address>
            <phone>418-643-7994 poste 6681</phone>
            <electronicMailAddress>thierry.gariepy@mffp.gouv.qc.ca</electronicMailAddress>
            <onlineUrl>http://www.mffp.gouv.qc.ca/publications/enligne/forets/activites-recherche/soutien/herbier.asp</onlineUrl>
            <role>CUSTODIAN_STEWARD</role>
        </associatedParty>
        <associatedParty>
            <individualName>
                <givenName>Amélie</givenName>
                <surName>Picard</surName>
            </individualName>
            <organizationName>Herbier du Québec, Gouvernement du Québec, Ministère de l&apos;Agriculture, des Pêcheries et de l&apos;Alimentation</organizationName>
            <positionName>Conservatrice associée</positionName>
            <address>
                <deliveryPoint>Direction de la recherche forestière, 2700 rue Einstein</deliveryPoint>
                <city>Québec</city>
                <administrativeArea>Québec</administrativeArea>
                <postalCode>G1P 3W8</postalCode>
                <country>CANADA</country>
            </address>
            <phone>418-643-5027 poste 2713</phone>
            <electronicMailAddress>amelie.picard@mapaq.gouv.qc.ca</electronicMailAddress>
            <role>CURATOR</role>
        </associatedParty>
        <pubDate>
                2024-06-06
        </pubDate>
        <language>FRENCH</language>
        <abstract>
            L&amp;#39;Herbier du Québec comprend près de 171 000 spécimens dont 145 000 plantes vasculaires, 22 000 bryophytes et lichens, 3 500 plantules de plantes vasculaires, une importante collection de graines et une petite collection d’algues marines (moins de 200 spécimens). Les  mauvaises herbes et autres plantes d’intérêt agronomique y sont bien représentées. Ces collections proviennent majoritairement des régions tempérée, boréale et arctique du Québec, de l’Est du Canada et du nord-est des États-Unis. La quasi-totalité des spécimens de plantes vasculaires du Québec est informatisée. Cependant, leur numérisation débute à peine. Ce jeu de données comprend 101 919 spécimens de plantes vasculaires provenant principalement du Québec. L’Herbier du Québec héberge aussi l’herbier Campagna-Dubé (QSA, 15 656 spécimens), anciennement de l’Institut de technologie agroalimentaire de La Pocatière, dont l’informatisation est en voie d’être complétée. En 2017, les collections phycologiques Jules-Brunel et Irénée-Marie (algues marines et d’eau douce) ont été cédées à l’Herbier du Québec par l’Université de Montréal. / The Herbier du Québec houses about 171 000 specimens among which 145 000 vascular plants, 22 000 bryophytes and lichens, 3 500 vascular plant seedlings, a large collection of seeds and a small number of marine algae (under 200 vouchers). Weeds and other plants of agricultural interest are well represented. Collections are mainly from the temperate, boreal and arctic regions of Québec, Eastern Canada and Northeastern United States. The bulk of the Québec vascular plants specimens is already computerized while digitization is in its early stage. This dataset includes 101 919 specimens of vascular plants mostly from Québec. L’Herbier du Québec is now housing the Campagna-Dubé herbarium, formerly from the Institut agroalimentaire de La Pocatière (QSA, about 15 000 specimens). Its computerization is nearly completed. In 2017, the Jules-Brunel and Irénée-Marie phycological collections were donated to the Herbier du Québec by the Université de Montréal.
        </abstract>
        <keywordSet>
            <keyword>Specimen</keyword>
            <keywordThesaurus>GBIF Dataset Subtype Vocabulary: http://rs.gbif.org/vocabulary/gbif/dataset_subtype.xml</keywordThesaurus>
        </keywordSet>
        <keywordSet>
            <keyword>Occurrence</keyword>
            <keywordThesaurus>GBIF Dataset Type Vocabulary: http://rs.gbif.org/vocabulary/gbif/dataset_type.xml</keywordThesaurus>
        </keywordSet>
        <keywordSet>
            <keyword>Occurrence</keyword>
            <keywordThesaurus>GBIF Dataset Type Vocabulary: http://rs.gbif.org/vocabulary/gbif/dataset_type_2015-07-10.xml</keywordThesaurus>
        </keywordSet>
        <intellectualRights>
            <para>To the extent possible under law, the publisher has waived all rights to these data and has dedicated them to the <ulink url="http://creativecommons.org/publicdomain/zero/1.0/legalcode"><citetitle>Public Domain (CC0 1.0)</citetitle></ulink>. Users may copy, modify, distribute and use the work, including for commercial purposes, without restriction.</para>
        </intellectualRights>
        <licensed>
            <licenseName>Creative Commons Zero v1.0 Universal</licenseName>
            <url>https://spdx.org/licenses/CC0-1.0.html</url>
            <identifier>CC0-1.0</identifier>
        </licensed>
        <distribution scope="document">
            <online>
                <url function="information">http://www.mapaq.gouv.qc.ca/dgpar/arico/herbierv/</url>
            </online>
        </distribution>
        <distribution scope="document">
            <online>
                <url function="download">https://data.canadensys.net/ipt/archive.do?r=que-specimens</url>
            </online>
        </distribution>
        <coverage>
            <geographicCoverage>
                <geographicDescription>L&apos;Herbier du Québec accorde une priorité aux espèces tempérées, boréales et arctiques du Québec et de l’est du Canada. Ce jeu de données présente des spécimens provenant principalement du Québec mais aussi d’autres provinces canadiennes. / The Herbier du Québec grants a priority to the temperate, boreal and arctic species from Québec. This dataset is mainly composed of specimens collected in Québec but also includes specimens collected in other canadian provinces.</geographicDescription>
                <boundingCoordinates>
                    <westBoundingCoordinate>-142.59</westBoundingCoordinate>
                    <eastBoundingCoordinate>-61.17</eastBoundingCoordinate>
                    <northBoundingCoordinate>72.78</northBoundingCoordinate>
                    <southBoundingCoordinate>41.76</southBoundingCoordinate>
                </boundingCoordinates>
            </geographicCoverage>
            <taxonomicCoverage>
                <generalTaxonomicCoverage>Le jeu de données comprend des plantes vasculaires de 176 familles différentes. Les familles les mieux représentées sont les Asteraceae (11,7%), Poaceae (10,2%), Cyperaceae (10,1%), Rosaceae (5,0%), Brassicaceae (3,2%), Ericaceae (2,9%), Polygonaceae (2,7%), Juncaceae (2,5%), Ranunculaceae (2,4%) et Orchidaceae (2,0%). / This dataset includes vascular plants of 176 different families. The most represented families are the Asteraceae (11,7%), Poaceae (10,2%), Cyperaceae (10,1%), Rosaceae (5,0%), Brassicaceae (3,2%), Ericaceae (2,9%), Polygonaceae (2,7%), Juncaceae (2,5%), Ranunculaceae (2,4%) et Orchidaceae (2,0%).</generalTaxonomicCoverage>
                <taxonomicClassification>
                    <taxonRankName>Family</taxonRankName>
                    <taxonRankValue>Asteraceae</taxonRankValue>
                    <commonName>Asteracées</commonName>
                </taxonomicClassification>
                <taxonomicClassification>
                    <taxonRankName>Family</taxonRankName>
                    <taxonRankValue>Poaceae</taxonRankValue>
                    <commonName>Poacées</commonName>
                </taxonomicClassification>
                <taxonomicClassification>
                    <taxonRankName>Family</taxonRankName>
                    <taxonRankValue>Cyperaceae</taxonRankValue>
                    <commonName>Cyperacées</commonName>
                </taxonomicClassification>
                <taxonomicClassification>
                    <taxonRankName>Family</taxonRankName>
                    <taxonRankValue>Rosaceae</taxonRankValue>
                    <commonName>Rosacées</commonName>
                </taxonomicClassification>
                <taxonomicClassification>
                    <taxonRankName>Family</taxonRankName>
                    <taxonRankValue>Brassicaceae</taxonRankValue>
                    <commonName>Brassicacées</commonName>
                </taxonomicClassification>
                <taxonomicClassification>
                    <taxonRankName>Family</taxonRankName>
                    <taxonRankValue>Ericaceae</taxonRankValue>
                    <commonName>Éricacées</commonName>
                </taxonomicClassification>
                <taxonomicClassification>
                    <taxonRankName>Family</taxonRankName>
                    <taxonRankValue>Polygonaceae</taxonRankValue>
                    <commonName>Polygonacées</commonName>
                </taxonomicClassification>
                <taxonomicClassification>
                    <taxonRankName>Family</taxonRankName>
                    <taxonRankValue>Juncaceae</taxonRankValue>
                    <commonName>Joncacées</commonName>
                </taxonomicClassification>
                <taxonomicClassification>
                    <taxonRankName>Family</taxonRankName>
                    <taxonRankValue>Ranunculaceae</taxonRankValue>
                    <commonName>Renonculacées</commonName>
                </taxonomicClassification>
                <taxonomicClassification>
                    <taxonRankName>Family</taxonRankName>
                    <taxonRankValue>Orchidaceae</taxonRankValue>
                    <commonName>Orchidacées</commonName>
                </taxonomicClassification>
            </taxonomicCoverage>
        </coverage>
        <maintenance>
            <description>
                <para></para>
            </description>
            <maintenanceUpdateFrequency>unkown</maintenanceUpdateFrequency>
        </maintenance>
        <contact>
            <individualName>
                <givenName>Norman</givenName>
                <surName>Dignard</surName>
            </individualName>
            <organizationName>Herbier du Québec, Gouvernement du Québec, ministère des Forêts, de la Faune et des Parcs</organizationName>
            <positionName>Conservateur associé</positionName>
            <address>
                <deliveryPoint>Direction de la recherche forestière, 2700 rue Einstein</deliveryPoint>
                <city>Québec</city>
                <administrativeArea>Québec</administrativeArea>
                <postalCode>G1P 3W8</postalCode>
                <country>CANADA</country>
            </address>
            <phone>418-643-7994 poste 6682</phone>
            <electronicMailAddress>norman.dignard@mffp.gouv.qc.ca</electronicMailAddress>
            <onlineUrl>http://www.mffp.gouv.qc.ca/publications/enligne/forets/activites-recherche/soutien/herbier.asp</onlineUrl>
        </contact>

    </dataset>

    <additionalMetadata>
        <metadata>
            <gbif>
                <dateStamp>2024-11-04T13:25:04Z</dateStamp>
                <citation identifier="doi:10.5886/jd11sg3p">Gariépy T (2024). Herbier du Québec (QUE) - Collection de plantes vasculaires. Version 2.9. Gouvernement du Québec. Occurrence dataset https://doi.org/10.5886/jd11sg3p accessed via GBIF.org on 2024-11-04.</citation>
                <physical>
                    <objectName>GBIF data portal</objectName>
                    <characterEncoding>UTF-8</characterEncoding>
                    <dataFormat>
                        <externallyDefinedFormat>
                            <formatName>HTML</formatName>
                        </externallyDefinedFormat>
                    </dataFormat>
                    <distribution>
                        <online>
                            <url function="download">http://www.gbif.org/dataset/c4a5efee-4c61-45d8-bd7a-6275b2388308</url>
                        </online>
                    </distribution>
                </physical>
                <physical>
                    <objectName>Old Canadensys explorer</objectName>
                    <characterEncoding>UTF-8</characterEncoding>
                    <dataFormat>
                        <externallyDefinedFormat>
                            <formatName>HTML</formatName>
                        </externallyDefinedFormat>
                    </dataFormat>
                    <distribution>
                        <online>
                            <url function="download">http://data.canadensys.net/explorer/en/resources/que-specimens</url>
                        </online>
                    </distribution>
                </physical>
                <physical>
                    <objectName>Canadensys Explorer</objectName>
                    <characterEncoding>UTF-8</characterEncoding>
                    <dataFormat>
                        <externallyDefinedFormat>
                            <formatName>HTML</formatName>
                        </externallyDefinedFormat>
                    </dataFormat>
                    <distribution>
                        <online>
                            <url function="download">http://explorer.canadensys.net/occurrences/search?q=data_resource_uid:dr0#tab_mapView</url>
                        </online>
                    </distribution>
                </physical>
                <resourceLogoUrl>http://data.canadensys.net/ipt/logo.do?r=que-specimens</resourceLogoUrl>
                <collection>
                    <parentCollectionIdentifier>QUE</parentCollectionIdentifier>
                    <collectionIdentifier>QUE</collectionIdentifier>
                    <collectionName>Herbier du Québec</collectionName>
                </collection>
                <formationPeriod>1792-présent</formationPeriod>
                <specimenPreservationMethod>MOUNTED</specimenPreservationMethod>
            </gbif>
        </metadata>
    </additionalMetadata>
    </eml:eml>
