<?xml version="1.0" encoding="utf-8"?>
<eml:eml xmlns:eml="https://eml.ecoinformatics.org/eml-2.2.0" xmlns:xsi="http://www.w3.org/2001/XMLSchema-instance"
         xsi:schemaLocation="https://eml.ecoinformatics.org/eml-2.2.0 https://rs.gbif.org/schema/eml-gbif-profile/1.3/eml.xsd"
packageId="cd096ec0-a8a0-4c65-92cc-48b00fb934ce"  system="http://gbif.org" scope="system"
xml:lang="en">
    <dataset>
        <alternateIdentifier>10.15468/g85t8z</alternateIdentifier>
        <alternateIdentifier>https://ipt.tacc.utexas.edu/resource?r=prc</alternateIdentifier>
        <alternateIdentifier>cd096ec0-a8a0-4c65-92cc-48b00fb934ce</alternateIdentifier>
        <alternateIdentifier>http://ipt.tacc.utexas.edu/resource?r=prc</alternateIdentifier>
        <title>Plant Resources Center</title>
        <creator>
            <individualName>
                <givenName>George</givenName>
                <surName>Yatskievych</surName>
            </individualName>
            <organizationName>Plant Resources Center</organizationName>
            <positionName>Curator</positionName>
        </creator>
        <metadataProvider>
            <individualName>
                <givenName>George</givenName>
                <surName>Yatskievych</surName>
            </individualName>
            <organizationName>Plant Resources Center</organizationName>
            <positionName>Curator</positionName>
        </metadataProvider>
        <associatedParty>
            <individualName>
                <givenName>Tomislav</givenName>
                <surName>Urban</surName>
            </individualName>
            <electronicMailAddress>turban@tacc.utexas.edu</electronicMailAddress>
            <role>USER</role>
        </associatedParty>
        <pubDate>
                2024-11-01
        </pubDate>
        <language>ENGLISH</language>
        <abstract>
            <para>The Plant Resources Center of the University of Texas at Austin houses the University of Texas (TEX) and Lundell (LL) herbaria, which combined comprise over a million specimens. The database presented here includes over 210,000 Texas specimens from both herbaria, presented using the Symbiota interface and software. Future development will soon expand the on-line data to the Mexican and type specimens in TEX-LL, and interfaces will then be provided to allow other herbaria in Texas and Mexico (and elsewhere) to database their collections and serve their specimen data and images through the Lundell Portal.</para>
        </abstract>
        <keywordSet>
            <keyword>Occurrence</keyword>
            <keywordThesaurus>GBIF Dataset Type Vocabulary: http://rs.gbif.org/vocabulary/gbif/dataset_type.xml</keywordThesaurus>
        </keywordSet>
        <keywordSet>
            <keyword>Specimen</keyword>
            <keywordThesaurus>GBIF Dataset Subtype Vocabulary: http://rs.gbif.org/vocabulary/gbif/dataset_subtype.xml</keywordThesaurus>
        </keywordSet>
        <keywordSet>
            <keyword>Occurrence</keyword>
            <keywordThesaurus>GBIF Dataset Type Vocabulary: http://rs.gbif.org/vocabulary/gbif/dataset_type_2015-07-10.xml</keywordThesaurus>
        </keywordSet>
        <intellectualRights>
            <para>To the extent possible under law, the publisher has waived all rights to these data and has dedicated them to the <ulink url="http://creativecommons.org/publicdomain/zero/1.0/legalcode"><citetitle>Public Domain (CC0 1.0)</citetitle></ulink>. Users may copy, modify, distribute and use the work, including for commercial purposes, without restriction.</para>
        </intellectualRights>
        <licensed>
            <licenseName>Creative Commons Zero v1.0 Universal</licenseName>
            <url>https://spdx.org/licenses/CC0-1.0.html</url>
            <identifier>CC0-1.0</identifier>
        </licensed>
        <distribution scope="document">
            <online>
                <url function="download">https://ipt.tacc.utexas.edu/archive.do?r=prc</url>
            </online>
        </distribution>
        <maintenance>
            <description>
                <para></para>
            </description>
            <maintenanceUpdateFrequency>weekly</maintenanceUpdateFrequency>
        </maintenance>
        <contact>
            <individualName>
                <givenName>George</givenName>
                <surName>Yatskievych</surName>
            </individualName>
            <organizationName>Plant Resources Center</organizationName>
            <positionName>Curator</positionName>
        </contact>

    </dataset>

    <additionalMetadata>
        <metadata>
            <gbif>
                <dateStamp>2024-11-04T13:24:43Z</dateStamp>
                <citation>Yatskievych G (2024). Plant Resources Center. Version 1.134. University of Texas at Austin, Biodiversity Collections. Occurrence dataset https://doi.org/10.15468/g85t8z accessed via GBIF.org on 2024-11-04.</citation>
            </gbif>
        </metadata>
    </additionalMetadata>
    </eml:eml>
