<?xml version="1.0" encoding="utf-8"?>
<eml:eml xmlns:eml="https://eml.ecoinformatics.org/eml-2.2.0" xmlns:xsi="http://www.w3.org/2001/XMLSchema-instance"
         xsi:schemaLocation="https://eml.ecoinformatics.org/eml-2.2.0 https://rs.gbif.org/schema/eml-gbif-profile/1.3/eml.xsd"
packageId="db56e8b7-3850-4808-8c7a-7ec2b588894b"  system="http://gbif.org" scope="system"
xml:lang="fr">
    <dataset>
        <alternateIdentifier>10.26071/ogsl-a5125bd3-60e3</alternateIdentifier>
        <alternateIdentifier>db56e8b7-3850-4808-8c7a-7ec2b588894b</alternateIdentifier>
        <alternateIdentifier>https://ipt.iobis.org/obiscanada/resource?r=zip-rne_marais-bergeronnes</alternateIdentifier>
        <title>The Bergeronnes Marshes - Characterization of Important Coastal Habitats on the North Shore of the St. Lawrence Maritime Estuary | Les marais des Bergeronnes - Caractérisation des habitats littoraux d’importance de la rive nord de l’estuaire maritime du Saint-Laurent</title>
        <creator>
            <individualName>
                <surName>Comité Zip de la Rive Nord de l&apos;Estuaire</surName>
            </individualName>
            <organizationName>Comité Zip de la Rive Nord de l&apos;Estuaire</organizationName>
            <positionName>Data collector</positionName>
            <address>
                <city>Baie-Comeau</city>
                <country>CANADA</country>
            </address>
            <onlineUrl>https://www.zipnord.qc.ca/</onlineUrl>
        </creator>
        <associatedParty>
            <individualName>
                <surName>OGSL</surName>
            </individualName>
            <organizationName>Observatoire global du Saint-Laurent</organizationName>
            <positionName>Data Curation and Stewardship</positionName>
            <address>
                <city>Rimouski</city>
                <administrativeArea>Québec</administrativeArea>
                <country>CANADA</country>
            </address>
            <electronicMailAddress>data@ogsl.ca</electronicMailAddress>
            <onlineUrl>https://ogsl.ca/fr/accueil/</onlineUrl>
            <role>PUBLISHER</role>
        </associatedParty>
        <pubDate>
                2023-04-24
        </pubDate>
        <language>FRENCH</language>
        <abstract>
            <para>A project to characterize important coastal habitats on the north shore of the St. Lawrence Maritime Estuary was funded for a period of 4 years (2018-2022). The purpose of this project is to generate ecological reference data to draw a global portrait of the state of six coastal marshes, namely the marshes of Portneuf-sur-Mer, Mille-Vaches Bay, Pointe des Fortin, Pointe-aux-Outardes and the bays of Grandes and Petites Bergeronnes. This dataset covers two sectors in the municipality of Les Bergeronnes, two marshes located in the bays of Grandes and Petites Bergeronnes. In order to improve knowledge of these ecosystems, floristic and faunal inventories (ichthyological and benthic) were carried out and the various abiotic factors characterized. Geomorphological data has also been collected, but it is not included in this dataset. However, they remain available, contact the Comité ZIP de la Rive Nord de l&amp;#39;Estuaire (RNE) directly to access them. The ZIP RNE Committee holds orthomosaics of these two marshes as well as two ecogeomorphological boundaries (lower limit of marsh vegetation and coastline). A characterization report of the floristic, ichthyological and geomorphological aspects of the Grandes and Petites Bergeronnes marshes is also available. This project is part of Fisheries and Oceans Canada&amp;#39;s Coastal Environmental Baseline Program under the Ocean Protection Plan.</para>
<para>Un projet de caractérisation des habitats littoraux d’importance de la rive nord de l’estuaire maritime du Saint-Laurent a été subventionné pour une période de 4 ans (2018-2022). Ce projet a pour but de générer des données écologiques de référence pour tracer un portrait global de l’état de six marais littoraux, soit les marais de Portneuf-sur-Mer, de la baie de Mille-Vaches, de la pointe des Fortin, de la Pointe-aux-Outardes et des baies des Grandes et des Petites Bergeronnes. Ce jeu de données couvre deux secteurs dans la municipalité des Bergeronnes, deux marais situés dans les baies des Grandes et Petites Bergeronnes. Afin d’améliorer les connaissances de ces écosystèmes, des inventaires floristiques et fauniques (ichtyologiques et benthiques) ont été réalisés et les différents facteurs abiotiques caractérisés. Des données géomorphologiques ont aussi été collectés, mais elles ne sont pas incluses dans ce jeu de données. Elles restent toutefois disponibles, contactez directement le Comité ZIP de la Rive Nord de l’Estuaire (RNE) pour y avoir accès. Le Comité ZIP RNE détient des orthomosaïques de ces deux marais ainsi que deux limites écogéomorphologiques (limite inférieure de la végétation du marais et le trait de côte). Un rapport de caractérisation des volets floristique, ichtyologique et géomorphologique des marais des Grandes et des Petites Bergeronnes est également accessible. Ce projet fait partie du Programme sur les données environnementales côtières de référence de Pêches et Océan Canada dans le cadre du Plan de protection des océans.</para>
        </abstract>
        <keywordSet>
            <keyword>habitat characterization; sampling; coastal flora; important habitat; wildlife inventory; fish inventory; benthic macrofauna; wetlands; marsh; DFO Baseline Program ; caractérisation des habitats; échantillonnage; flore côtière; habitats important; inventaire faunique; inventaire poisson; macrofaune benthique; marais; MPO Programme Baseline</keyword>
            <keywordThesaurus>n/a</keywordThesaurus>
        </keywordSet>
        <keywordSet>
            <keyword>Samplingevent</keyword>
            <keywordThesaurus>GBIF Dataset Type Vocabulary: http://rs.gbif.org/vocabulary/gbif/dataset_type_2015-07-10.xml</keywordThesaurus>
        </keywordSet>
        <keywordSet>
            <keyword>Fish abundance and distribution; Seagrass cover and composition; Composition et couverture des herbiers marins; Abondance et distribution de poissons</keyword>
            <keywordThesaurus>GOOS EOVs</keywordThesaurus>
        </keywordSet>
        <intellectualRights>
            <para>This work is licensed under a <ulink url="http://creativecommons.org/licenses/by/4.0/legalcode"><citetitle>Creative Commons Attribution (CC-BY) 4.0 License</citetitle></ulink>.</para>
        </intellectualRights>
        <licensed>
            <licenseName>Creative Commons Attribution 4.0 International</licenseName>
            <url>https://spdx.org/licenses/CC-BY-4.0.html</url>
            <identifier>CC-BY-4.0</identifier>
        </licensed>
        <distribution scope="document">
            <online>
                <url function="information">https://catalogue.ogsl.ca/fr/dataset/ca-cioos_a5125bd3-60e3-4c89-89b6-2d3a8728d10f</url>
            </online>
        </distribution>
        <distribution scope="document">
            <online>
                <url function="download">https://ipt.iobis.org/obiscanada/archive.do?r=zip-rne_marais-bergeronnes</url>
            </online>
        </distribution>
        <coverage>
            <geographicCoverage>
                <geographicDescription>This dataset covers two sectors in the municipality of Les Bergeronnes, two marshes located in the bays of Grandes and Petites Bergeronnes. | Ce jeu de données couvre deux secteurs dans la municipalité des Bergeronnes, deux marais situés dans les baies des Grandes et Petites Bergeronnes.</geographicDescription>
                <boundingCoordinates>
                    <westBoundingCoordinate>-69.6</westBoundingCoordinate>
                    <eastBoundingCoordinate>-69.53</eastBoundingCoordinate>
                    <northBoundingCoordinate>48.24</northBoundingCoordinate>
                    <southBoundingCoordinate>48.22</southBoundingCoordinate>
                </boundingCoordinates>
            </geographicCoverage>
            <temporalCoverage>
                <rangeOfDates>
                    <beginDate>
                        <calendarDate>                2021-06-25
</calendarDate>
                    </beginDate>
                    <endDate>
                        <calendarDate>                2021-06-25
</calendarDate>
                    </endDate>
                </rangeOfDates>
            </temporalCoverage>
        </coverage>
        <maintenance>
            <description>
                <para></para>
            </description>
            <maintenanceUpdateFrequency>asNeeded</maintenanceUpdateFrequency>
        </maintenance>
        <contact>
            <individualName>
                <givenName>Valérie</givenName>
                <surName>Desrochers</surName>
            </individualName>
            <organizationName>Comité Zip de la Rive Nord de l&apos;Estuaire</organizationName>
            <positionName>Data Manager</positionName>
            <address>
                <city>Baie-Comeau</city>
                <administrativeArea>Québec</administrativeArea>
                <country>CANADA</country>
            </address>
            <electronicMailAddress>valerie.desrochers@zipnord.qc.ca</electronicMailAddress>
        </contact>
        <methods>
            <methodStep>
                <description>
                    <para>-Préparation du terrain
-Collecte de données
-Saisie des données électronique
-Plan de gestion de données avec l&apos;OGSL
-Normalisation des données en format DwC
-Validation du format DwC
-Diffusion des données par l&apos;OGSL dans son catalogue, application biodiversité et plateformes OBIS et GBIF</para>
                </description>
            </methodStep>
            <sampling>
                <studyExtent>
                    <description>
                        <para>Ce jeu de données couvre deux secteurs dans la municipalité des Bergeronnes, deux marais situés dans les baies des Grandes et Petites Bergeronnes dans la province du Québec au Canada. Les données ont été récoltées en été 2021 et sont toujours en cours de collecte pour les prochaines été.</para>
                    </description>
                </studyExtent>
                <samplingDescription>
                    <para>Des inventaires floristiques et fauniques (ichtyologiques et benthiques) ont été réalisés et les différents facteurs abiotiques caractérisés.</para>
                </samplingDescription>
            </sampling>
            <qualityControl>
                <description>
                    <para>Outil de validation basé su r obis et pyobis.</para>
                </description>
            </qualityControl>
        </methods>

    </dataset>

    <additionalMetadata>
        <metadata>
            <gbif>
                <dateStamp>2024-11-04T13:25:03Z</dateStamp>
                <citation identifier="https://doi.org/10.26071/ogsl-a5125bd3-60e3">Comité Zip de la Rive Nord de l&apos;Estuaire (2023). The Bergeronnes Marshes - Characterization of Important Coastal Habitats on the North Shore of the St. Lawrence Maritime Estuary | Les marais des Bergeronnes - Caractérisation des habitats littoraux d’importance de la rive nord de l’estuaire maritime du Saint-Laurent. Version 1.26. Observatoire Global du Saint-Laurent. Sampling event dataset https://doi.org/10.26071/ogsl-a5125bd3-60e3 accessed via GBIF.org on 2024-11-04.</citation>
                <resourceLogoUrl>https://ogsl.ca/commons/projet/ckan/logo/zip-nord-estuaire.png</resourceLogoUrl>
            </gbif>
        </metadata>
    </additionalMetadata>
    </eml:eml>
