<?xml version="1.0" encoding="utf-8"?>
<eml:eml xmlns:eml="https://eml.ecoinformatics.org/eml-2.2.0" xmlns:xsi="http://www.w3.org/2001/XMLSchema-instance"
         xsi:schemaLocation="https://eml.ecoinformatics.org/eml-2.2.0 https://rs.gbif.org/schema/eml-gbif-profile/1.3/eml.xsd"
packageId="10.15468/dl.xtqa5k"  system="http://gbif.org" scope="system"
xml:lang="en">
    <dataset>
        <alternateIdentifier>0021014-241024112534372</alternateIdentifier>
        <title>GBIF Occurrence Download 10.15468/dl.xtqa5k</title>
        <creator>
            <individualName>
                <surName>GBIF Download Service</surName>
            </individualName>
            <electronicMailAddress>support@gbif.org</electronicMailAddress>
        </creator>
        <metadataProvider>
            <individualName>
                <surName>GBIF Download Service</surName>
            </individualName>
            <electronicMailAddress>support@gbif.org</electronicMailAddress>
        </metadataProvider>
        <pubDate>
                2024-11-04
        </pubDate>
        <language>ENGLISH</language>
        <abstract>
            A dataset containing all occurrences available in GBIF matching the query:
{
  "and" : [
    "TaxonKey is Vaccinium deliciosum Piper",
    "BasisOfRecord is one of (Specimen, Human Observation, Occurrence evidence, Material sample, Living Specimen)",
    "HasCoordinate is true",
    "Country is one of (Canada, United States of America, Mexico)"
  ]
}
The dataset includes records from the following constituent datasets. The full metadata for each constituent is also included in this archive:
1 records from College of Idaho Herbarium
18 records from Mount Rainier National Park (USA) Vascular Plants
6 records from Eastern Washington University Herbarium Vascular Plants.
46 records from University of British Columbia Herbarium (UBC) - Vascular Plant Collection
3 records from Pacific Northwest Herbarium (Western Washington University, Washington, USA)
1 records from University of British Columbia Botanical Garden Collections (UBCBG)
3 records from HSC - Humboldt State University Vascular Plant Herbarium
1 records from H.J. Andrews Experimental Forest
1 records from DAV - University of California, Davis Center for Plant Diversity - Vascular Plants
26 records from Royal BC Museum - Herbarium (V)
3 records from CAS Botany (BOT)
391 records from A global database for the distributions of crop wild relatives
2 records from CHSC - Ahart Herbarium, CSU Chico - Vascular Plants
3 records from NMNH Extant Specimen Records (USNM, US)
2 records from Bell Museum plants
49 records from Vascular Plant Collection - University of Washington Herbarium (WTU)
61 records from Washington State University Marion Ownbey Herbarium
10 records from University of Puget Sound, Slater Museum Herbarium Vascular Plants
5 records from University of Idaho, Stillinger Herbarium Vascular Plants
1 records from Pittsburg State University, Theodore M. Sperry Herbarium
9 records from The University and Jepson Herbaria -- Vascular Plants
1 records from Tropicos Specimens Non-MO
1 records from Quaternary Environments Collections (Royal Alberta Museum)
1 records from Tropicos MO Specimen Data
6 records from RSA - California Botanic Garden Herbarium
2 records from INSDC Sequences
1 records from North Carolina State University Vascular Plant Herbarium
1 records from Pl@ntNet automatically identified occurrences
24 records from Oregon State University Vascular Plant Collection
8 records from United States National Plant Germplasm System Collection
1 records from Portland State Universtiy Herbarium Vascular Plants
1 records from The New York Botanical Garden Herbarium (NY)
59 records from Washington State University Herbarium
4 records from Pacific Lutheran University Vascular Plants
154 records from iNaturalist Research-grade Observations
1 records from Snake River Plain Herbarium (Boise State University, Idaho, USA)

        </abstract>
        <contact>
            <individualName>
                <surName>GBIF Download Service</surName>
            </individualName>
            <electronicMailAddress>support@gbif.org</electronicMailAddress>
        </contact>

    </dataset>

    <additionalMetadata>
        <metadata>
            <gbif>
                <dateStamp>2024-11-04T13:47:54Z</dateStamp>
                <citation identifier="10.15468/dl.xtqa5k">GBIF Occurrence Download 10.15468/dl.xtqa5k</citation>
                <physical>
                    <objectName>Darwin Core Archive</objectName>
                    <characterEncoding>UTF-8</characterEncoding>
                    <dataFormat>
                        <externallyDefinedFormat>
                            <formatName>Darwin Core Archive</formatName>
                        </externallyDefinedFormat>
                    </dataFormat>
                    <distribution>
                        <online>
                            <url function="download">https://api.gbif.org/v1/occurrence/download/request/0021014-241024112534372.zip</url>
                        </online>
                    </distribution>
                </physical>
            </gbif>
        </metadata>
    </additionalMetadata>
    </eml:eml>
