<?xml version="1.0" encoding="utf-8"?>
<eml:eml xmlns:eml="https://eml.ecoinformatics.org/eml-2.2.0" xmlns:xsi="http://www.w3.org/2001/XMLSchema-instance"
         xsi:schemaLocation="https://eml.ecoinformatics.org/eml-2.2.0 https://rs.gbif.org/schema/eml-gbif-profile/1.3/eml.xsd"
packageId="10.15468/dl.4bzze7"  system="http://gbif.org" scope="system"
xml:lang="en">
    <dataset>
        <alternateIdentifier>0021033-241024112534372</alternateIdentifier>
        <title>GBIF Occurrence Download 10.15468/dl.4bzze7</title>
        <creator>
            <individualName>
                <surName>GBIF Download Service</surName>
            </individualName>
            <electronicMailAddress>support@gbif.org</electronicMailAddress>
        </creator>
        <metadataProvider>
            <individualName>
                <surName>GBIF Download Service</surName>
            </individualName>
            <electronicMailAddress>support@gbif.org</electronicMailAddress>
        </metadataProvider>
        <pubDate>
                2024-11-04
        </pubDate>
        <language>ENGLISH</language>
        <abstract>
            A dataset containing all occurrences available in GBIF matching the query:
{
  "and" : [
    "TaxonKey is Vaccinium erythrocarpum Michx.",
    "BasisOfRecord is one of (Specimen, Human Observation, Occurrence evidence, Material sample, Living Specimen)",
    "HasCoordinate is true",
    "Country is one of (Canada, United States of America, Mexico)"
  ]
}
The dataset includes records from the following constituent datasets. The full metadata for each constituent is also included in this archive:
3 records from World Plant Specimen from the Herbaria in China
1 records from Naturalis Biodiversity Center (NL) - Botany
2 records from Plant Resources Center
2 records from Western Carolina University Herbarium
5 records from G. S. Torrey Herbarium at the University of Connecticut (CONN)
5 records from Duke University Vascular Plant Collection
3 records from Botanical Research Institute of Texas, Philecology Herbarium
1 records from Deaver Herbarium (Northern Arizona University)
2 records from University of South Carolina, A. C. Moore Herbarium Vascular Plant Collection
1 records from Mississippi State University
2 records from A global database for the distributions of crop wild relatives
7 records from Academy of Natural Sciences of Drexel University
1 records from West Virginia Natural Heritage Program Herbarium
2 records from Baylor University Herbarium
46 records from University of North Carolina at Chapel Hill Herbarium: Vascular Plants
1 records from Bell Museum plants
2 records from Fairchild Tropical Botanic Garden (FTG)
6 records from Carnegie Museum of Natural History Herbarium
1 records from University of Idaho, Stillinger Herbarium Vascular Plants
1 records from Pittsburg State University, Theodore M. Sperry Herbarium
5 records from Tropicos Specimens Non-MO
8 records from Tropicos MO Specimen Data
1 records from Clemson University Herbarium
3 records from LOB - California State University, Long Beach Herbarium
1 records from Pl@ntNet observations
2 records from University of Florida Herbarium (FLAS)
25 records from North Carolina State University Vascular Plant Herbarium
2 records from Appalachian State University, I. W. Carpenter, Jr. Herbarium
2 records from Pl@ntNet automatically identified occurrences
1 records from Mississippi Museum of Natural Science Herbarium
2 records from The New York Botanical Garden Herbarium (NY)
5 records from United States National Plant Germplasm System Collection
5 records from East Tennessee State University, John C. Warden Herbarium
2 records from Old Dominion University Herbarium
1 records from University of Georgia Herbarium
295 records from iNaturalist Research-grade Observations

        </abstract>
        <contact>
            <individualName>
                <surName>GBIF Download Service</surName>
            </individualName>
            <electronicMailAddress>support@gbif.org</electronicMailAddress>
        </contact>

    </dataset>

    <additionalMetadata>
        <metadata>
            <gbif>
                <dateStamp>2024-11-04T14:01:40Z</dateStamp>
                <citation identifier="10.15468/dl.4bzze7">GBIF Occurrence Download 10.15468/dl.4bzze7</citation>
                <physical>
                    <objectName>Darwin Core Archive</objectName>
                    <characterEncoding>UTF-8</characterEncoding>
                    <dataFormat>
                        <externallyDefinedFormat>
                            <formatName>Darwin Core Archive</formatName>
                        </externallyDefinedFormat>
                    </dataFormat>
                    <distribution>
                        <online>
                            <url function="download">https://api.gbif.org/v1/occurrence/download/request/0021033-241024112534372.zip</url>
                        </online>
                    </distribution>
                </physical>
            </gbif>
        </metadata>
    </additionalMetadata>
    </eml:eml>
