<?xml version="1.0" encoding="utf-8"?>
<eml:eml xmlns:eml="https://eml.ecoinformatics.org/eml-2.2.0" xmlns:xsi="http://www.w3.org/2001/XMLSchema-instance"
         xsi:schemaLocation="https://eml.ecoinformatics.org/eml-2.2.0 https://rs.gbif.org/schema/eml-gbif-profile/1.3/eml.xsd"
packageId="02058ecd-1f96-4940-9504-d3e1c7b7e434"  system="http://gbif.org" scope="system"
xml:lang="en">
    <dataset>
        <alternateIdentifier>10.15468/hkskhr</alternateIdentifier>
        <alternateIdentifier>https://intermountainbiota.org/portal/collections/misc/collprofiles.php?collid=107</alternateIdentifier>
        <title>Utah Valley University Herbarium</title>
        <creator>
            <organizationName>Consortium of Intermountain Herbaria</organizationName>
            <electronicMailAddress>seinetAdmin@asu.edu</electronicMailAddress>
            <onlineUrl>https://intermountainbiota.org/portal/index.php</onlineUrl>
        </creator>
        <metadataProvider>
            <organizationName>Consortium of Intermountain Herbaria</organizationName>
            <electronicMailAddress>seinetAdmin@asu.edu</electronicMailAddress>
            <onlineUrl>https://intermountainbiota.org/portal/index.php</onlineUrl>
        </metadataProvider>
        <associatedParty>
            <individualName>
                <surName>Erin Riggs</surName>
            </individualName>
            <electronicMailAddress>Erin.Riggs@uvu.edu</electronicMailAddress>
            <role>CONTENT_PROVIDER</role>
        </associatedParty>
        <pubDate>
                2024-11-01
        </pubDate>
        <language>ENGLISH</language>
        <abstract>
            <para>The Utah Valley University Herbarium (UVSC) was established in 1987 as a research and teaching facility by Dr. James G. Harris. As a result of his research, the herbarium contains a diverse collection of specimens from Greenland, Canada, and high elevation mountain ranges in the Intermountain Region. In addition, UVSC has one of the most comprehensive collections of the genus Braya (Brassicaceae) outside of Canada and the genus Draba (Brassicaceae) in Utah. The herbarium has extensive Utah collections from the deserts of the San Rafael Swell, high elevation mountain peaks in along the Wasatch Front (i.e. Mt. Timpanogos, Mt. Nebo) and the Deep Creek Range. Recently, vouchers from Dr. Renee Van Buren&amp;#39;s book, Woody Plant of Utah, have been processed and integrated into the herbarium. Currently the herbarium houses over 17,000 accessioned herbarium sheets, with an average of 1,500 specimens being added to the collection each year. The current curator, Dr. Jason A. Alexander, is a specialist in desert floras, specifically the Mojave Desert and the Great Basin, and the genus Astragalus (Fabaceae).</para>
        </abstract>
        <intellectualRights>
            <para>This work is licensed under a <ulink url="http://creativecommons.org/licenses/by/4.0/legalcode"><citetitle>Creative Commons Attribution (CC-BY) 4.0 License</citetitle></ulink>.</para>
        </intellectualRights>
        <licensed>
            <licenseName>Creative Commons Attribution 4.0 International</licenseName>
            <url>https://spdx.org/licenses/CC-BY-4.0.html</url>
            <identifier>CC-BY-4.0</identifier>
        </licensed>
        <distribution scope="document">
            <online>
                <url function="download">https://intermountainbiota.org/portal/content/dwca/UVSC_DwC-A.zip</url>
            </online>
        </distribution>
        <contact>
            <organizationName>Utah Valley University Herbarium</organizationName>
            <phone>[1] 801/ 863-6806</phone>
            <electronicMailAddress>Erin.Riggs@uvu.edu</electronicMailAddress>
            <onlineUrl>http://herbarium.uvu.edu</onlineUrl>
        </contact>

    </dataset>

    <additionalMetadata>
        <metadata>
            <gbif>
                <dateStamp>2024-11-04T13:49:07Z</dateStamp>
                <citation>Utah Valley University (UVSC) (2024). Utah Valley University Herbarium. Occurrence dataset https://doi.org/10.15468/hkskhr accessed via GBIF.org on 2024-11-04.</citation>
            </gbif>
        </metadata>
    </additionalMetadata>
    </eml:eml>
