<?xml version="1.0" encoding="utf-8"?>
<eml:eml xmlns:eml="https://eml.ecoinformatics.org/eml-2.2.0" xmlns:xsi="http://www.w3.org/2001/XMLSchema-instance"
         xsi:schemaLocation="https://eml.ecoinformatics.org/eml-2.2.0 https://rs.gbif.org/schema/eml-gbif-profile/1.3/eml.xsd"
packageId="7827f68d-c981-4023-bace-288a03434044"  system="http://gbif.org" scope="system"
xml:lang="en">
    <dataset>
        <alternateIdentifier>10.15468/t43wjj</alternateIdentifier>
        <alternateIdentifier>https://intermountainbiota.org/portal/collections/misc/collprofiles.php?collid=16</alternateIdentifier>
        <alternateIdentifier>http://intermountainbiota.org/portal/collections/misc/collprofiles.php?collid=16</alternateIdentifier>
        <title>Intermountain Herbarium (Vasc. &amp; Algae)</title>
        <creator>
            <organizationName>Consortium of Intermountain Herbaria</organizationName>
            <electronicMailAddress>seinetAdmin@asu.edu</electronicMailAddress>
            <onlineUrl>https://intermountainbiota.org/portal/index.php</onlineUrl>
        </creator>
        <metadataProvider>
            <organizationName>Consortium of Intermountain Herbaria</organizationName>
            <electronicMailAddress>seinetAdmin@asu.edu</electronicMailAddress>
            <onlineUrl>https://intermountainbiota.org/portal/index.php</onlineUrl>
        </metadataProvider>
        <associatedParty>
            <individualName>
                <surName>Kristian R. Valles ( Herbarium Manager)</surName>
            </individualName>
            <electronicMailAddress>kristian.valles@usu.edu</electronicMailAddress>
            <role>CONTENT_PROVIDER</role>
        </associatedParty>
        <pubDate>
                2024-11-01
        </pubDate>
        <language>ENGLISH</language>
        <abstract>
            <para>Records in this database are of the vascular plants and algae (of which there are very few) in the Intermountain Herbarium. Records for fungi, lichens and bryophytes are now being posted to the taxon-specific networks. The geographic focus of the Intermountain Herbarium is the Intermountain Region of western North America but its holdings come from many different countries. It even has one or more specimens from each of the seven continents. The collection is particularly rich in the Scrophulariaceae (traditional sense), Eriogonum, and grasses, including voucher specimens of plants used by the late D.R. Dewey in his cytogenetic studies of the Triticeae.</para>
        </abstract>
        <intellectualRights>
            <para>To the extent possible under law, the publisher has waived all rights to these data and has dedicated them to the <ulink url="http://creativecommons.org/publicdomain/zero/1.0/legalcode"><citetitle>Public Domain (CC0 1.0)</citetitle></ulink>. Users may copy, modify, distribute and use the work, including for commercial purposes, without restriction.</para>
        </intellectualRights>
        <licensed>
            <licenseName>Creative Commons Zero v1.0 Universal</licenseName>
            <url>https://spdx.org/licenses/CC0-1.0.html</url>
            <identifier>CC0-1.0</identifier>
        </licensed>
        <distribution scope="document">
            <online>
                <url function="download">https://intermountainbiota.org/portal/content/dwca/USU-UTC_DwC-A.zip</url>
            </online>
        </distribution>
        <contact>
            <organizationName>Intermountain Herbarium (Vasc. &amp; Algae)</organizationName>
            <phone>435-797-4034</phone>
            <electronicMailAddress>kristian.valles@usu.edu</electronicMailAddress>
            <onlineUrl>http://herbarium.usu.edu/default.htm</onlineUrl>
        </contact>

    </dataset>

    <additionalMetadata>
        <metadata>
            <gbif>
                <dateStamp>2024-11-04T13:49:02Z</dateStamp>
                <citation>Utah State University (2024). Intermountain Herbarium (Vasc. &amp; Algae). Occurrence dataset https://doi.org/10.15468/t43wjj accessed via GBIF.org on 2024-11-04.</citation>
            </gbif>
        </metadata>
    </additionalMetadata>
    </eml:eml>
