<?xml version="1.0" encoding="utf-8"?>
<eml:eml xmlns:eml="https://eml.ecoinformatics.org/eml-2.2.0" xmlns:xsi="http://www.w3.org/2001/XMLSchema-instance"
         xsi:schemaLocation="https://eml.ecoinformatics.org/eml-2.2.0 https://rs.gbif.org/schema/eml-gbif-profile/1.3/eml.xsd"
packageId="7c5e863f-3f70-4933-b05d-fc57c66dd3f3"  system="http://gbif.org" scope="system"
xml:lang="en">
    <dataset>
        <alternateIdentifier>10.15468/wyofjv</alternateIdentifier>
        <alternateIdentifier>https://botanydb.colorado.edu/collections/misc/collprofiles.php?collid=1</alternateIdentifier>
        <alternateIdentifier>https://botanydb.colorado.edu:443/collections/misc/collprofiles.php?collid=1</alternateIdentifier>
        <title>University of Colorado Museum of Natural History Herbarium Vascular Plant Collection</title>
        <creator>
            <organizationName>University of Colorado Museum of Natural History Herbarium</organizationName>
            <onlineUrl>https://botanydb.colorado.edu/index.php</onlineUrl>
        </creator>
        <metadataProvider>
            <organizationName>University of Colorado Museum of Natural History Herbarium</organizationName>
            <onlineUrl>https://botanydb.colorado.edu/index.php</onlineUrl>
        </metadataProvider>
        <associatedParty>
            <individualName>
                <givenName>J Ryan</givenName>
                <surName>Allen</surName>
            </individualName>
            <positionName>Biodiversity Informatics Manager (Database inquiries)</positionName>
            <electronicMailAddress>james.r.allen@colorado.edu</electronicMailAddress>
            <userId directory="https://orcid.org/">0000-0002-4240-0809</userId>
            <role>CONTENT_PROVIDER</role>
        </associatedParty>
        <associatedParty>
            <individualName>
                <givenName>Amber</givenName>
                <surName>Horning</surName>
            </individualName>
            <positionName>Collection Manager  (Loan and other inquiries)</positionName>
            <electronicMailAddress>amber.horning@colorado.edu</electronicMailAddress>
            <userId directory="https://orcid.org/">0000-0003-2639-6720</userId>
            <role>CONTENT_PROVIDER</role>
        </associatedParty>
        <pubDate>
                2024-09-04
        </pubDate>
        <language>ENGLISH</language>
        <abstract>
            Herbarium COLO is the Botany Section of the University of Colorado Museum of Natural History on the Boulder campus. The Herbarium is available to anyone with an interest in botany. Users include faculty and students, visiting scholars, private consultants, local naturalists, and botanists from a variety of public and private agencies.     Collection Specimens Transcribed Specimens Skeletal Records Images Verified Georeferences   Vascular Plants 320,000 150,138 107,941 257,197 107,625   Lichens 102,000 74,063 26,109 90,246 0   Bryophytes 119,000 52,158 11,120 63,278 0      Collection strengths:  Colorado, Southern Rocky Mountains and Western North American vascular plants and cryptogams, worldwide arctic and alpine, Appalachia, Galapagos Lichens, Australia, New Guinea, Altai, Mexico and the Seville Flowers Bryophyte Collection. Digitization:Digitization efforts have been focused on North American vascular plants, lichens and bryophytes with an emphasis on Colorado specimens. All Colorado vascular and cryptogam specimens have been imaged and entered into the database. Images for North American vascular plants are captured for 18 families under the Tri-Trophic TCN. North American lichen packets have been imaged and transcribed http://lichenportal.org/portal. All North American bryophyte packets have been imaged and all Colorado specimens have been transcribed and are available at http://bryophyteportal.org/portal. 110,000 vascular plant specimens worldwide and 55,000 bryophytes and 47,000 lichens from outside of North America have not been digitized.
        </abstract>
        <intellectualRights>
            <para>This work is licensed under a <ulink url="http://creativecommons.org/licenses/by/4.0/legalcode"><citetitle>Creative Commons Attribution (CC-BY) 4.0 License</citetitle></ulink>.</para>
        </intellectualRights>
        <licensed>
            <licenseName>Creative Commons Attribution 4.0 International</licenseName>
            <url>https://spdx.org/licenses/CC-BY-4.0.html</url>
            <identifier>CC-BY-4.0</identifier>
        </licensed>
        <distribution scope="document">
            <online>
                <url function="download">https://botanydb.colorado.edu:443/content/dwca/COLO-V_DwC-A.zip</url>
            </online>
        </distribution>
        <contact>
            <organizationName>University of Colorado Museum of Natural History Herbarium Vascular Plant Collection</organizationName>
            <electronicMailAddress>james.r.allen@colorado.edu</electronicMailAddress>
            <onlineUrl>https://botanydb.colorado.edu</onlineUrl>
            <userId directory="https://orcid.org/">0000-0002-4240-0809</userId>
        </contact>

    </dataset>

    <additionalMetadata>
        <metadata>
            <gbif>
                <dateStamp>2024-11-04T13:49:01Z</dateStamp>
                <citation>University of Colorado Museum of Natural History (2024). University of Colorado Museum of Natural History Herbarium Vascular Plant Collection. Occurrence dataset https://doi.org/10.15468/wyofjv accessed via GBIF.org on 2024-11-04.</citation>
            </gbif>
        </metadata>
    </additionalMetadata>
    </eml:eml>
