<?xml version="1.0" encoding="utf-8"?>
<eml:eml xmlns:eml="https://eml.ecoinformatics.org/eml-2.2.0" xmlns:xsi="http://www.w3.org/2001/XMLSchema-instance"
         xsi:schemaLocation="https://eml.ecoinformatics.org/eml-2.2.0 https://rs.gbif.org/schema/eml-gbif-profile/1.3/eml.xsd"
packageId="858d51e0-f762-11e1-a439-00145eb45e9a"  system="http://gbif.org" scope="system"
xml:lang="en">
    <dataset>
        <alternateIdentifier>10.15468/sookye</alternateIdentifier>
        <alternateIdentifier>http://id.snsb.info/snsb/projects/3</alternateIdentifier>
        <alternateIdentifier>1440</alternateIdentifier>
        <title>The Erysiphales Collection at the Botanische Staatssammlung München</title>
        <creator>
            <individualName>
                <surName>Dagmar Triebel</surName>
            </individualName>
            <electronicMailAddress>triebel@snsb.de</electronicMailAddress>
        </creator>
        <associatedParty>
            <individualName>
                <surName>Staatliche Naturwissenschaftliche Sammlungen Bayerns – SNSB IT Center, München</surName>
            </individualName>
            <electronicMailAddress>snsb-it-center@snsb.de</electronicMailAddress>
            <role>TECHNICAL_POINT_OF_CONTACT</role>
        </associatedParty>
        <language>en</language>
        <abstract>
            http://www.botanischestaatssammlung.de/DatabaseClients/BSMeryscoll/About.cfm
        </abstract>
        <intellectualRights>
            <para>This work is licensed under a <ulink url="http://creativecommons.org/licenses/by/4.0/legalcode"><citetitle>Creative Commons Attribution (CC-BY) 4.0 License</citetitle></ulink>.</para>
        </intellectualRights>
        <licensed>
            <licenseName>Creative Commons Attribution 4.0 International</licenseName>
            <url>https://spdx.org/licenses/CC-BY-4.0.html</url>
            <identifier>CC-BY-4.0</identifier>
        </licensed>
        <distribution scope="document">
            <online>
                <url function="information">http://www.botanischestaatssammlung.de/DatabaseClients/BSMeryscoll/About.cfm</url>
            </online>
        </distribution>
        <contact>
            <individualName>
                <surName>Dagmar Triebel</surName>
            </individualName>
            <electronicMailAddress>triebel@snsb.de</electronicMailAddress>
        </contact>

    </dataset>

    <additionalMetadata>
        <metadata>
            <gbif>
                <dateStamp>2024-11-04T13:49:05Z</dateStamp>
                <citation>Staatliche Naturwissenschaftliche Sammlungen Bayerns. The Erysiphales Collection at the Botanische Staatssammlung München. Occurrence dataset https://doi.org/10.15468/sookye accessed via GBIF.org on 2024-11-04.</citation>
                <resourceLogoUrl>http://pictures.snsb.info/Logos/BSM/bot-staatss-muc-wbm.png</resourceLogoUrl>
            </gbif>
        </metadata>
    </additionalMetadata>
    </eml:eml>
