<?xml version="1.0" encoding="utf-8"?>
<eml:eml xmlns:eml="https://eml.ecoinformatics.org/eml-2.2.0" xmlns:xsi="http://www.w3.org/2001/XMLSchema-instance"
         xsi:schemaLocation="https://eml.ecoinformatics.org/eml-2.2.0 https://rs.gbif.org/schema/eml-gbif-profile/1.3/eml.xsd"
packageId="b9f2645b-a5e0-4f24-aa97-eef1f6968fe8"  system="http://gbif.org" scope="system"
xml:lang="en">
    <dataset>
        <alternateIdentifier>10.15468/kzjtjg</alternateIdentifier>
        <alternateIdentifier>https://oregonflora.org/collections/misc/collprofiles.php?collid=8</alternateIdentifier>
        <title>Oregon State University Vascular Plant Collection</title>
        <creator>
            <organizationName>OregonFlora</organizationName>
            <electronicMailAddress>info@oregonflora.org</electronicMailAddress>
            <onlineUrl>https://oregonflora.org/index.php</onlineUrl>
        </creator>
        <metadataProvider>
            <organizationName>OregonFlora</organizationName>
            <electronicMailAddress>info@oregonflora.org</electronicMailAddress>
            <onlineUrl>https://oregonflora.org/index.php</onlineUrl>
        </metadataProvider>
        <associatedParty>
            <individualName>
                <givenName>James</givenName>
                <surName>Mickley</surName>
            </individualName>
            <positionName>Herbarium Curator</positionName>
            <electronicMailAddress>James.Mickley@oregonstate.edu</electronicMailAddress>
            <userId directory="https://orcid.org/">0000-0002-5988-5275</userId>
            <role>CONTENT_PROVIDER</role>
        </associatedParty>
        <associatedParty>
            <individualName>
                <givenName>Aaron</givenName>
                <surName>Liston</surName>
            </individualName>
            <positionName>Herbarium Director</positionName>
            <electronicMailAddress>Aaron.Liston@oregonstate.edu</electronicMailAddress>
            <role>CONTENT_PROVIDER</role>
        </associatedParty>
        <pubDate>
                2024-09-18
        </pubDate>
        <language>ENGLISH</language>
        <abstract>
            Previous dataset version: 
The Oregon State University Herbarium (OSC) houses approximately 700,000 vascular plant, bryophyte, algal, and fungal specimens. The collections are worldwide in scope, with a focus on the state of Oregon and the Pacific Northwest of the United States and Canada. Our vascular plant collection also includes the ORE and WILLU herbaria, and specimens should be cited based on the original herbarium. Square brackets indicate interpreted information not on the original label.
        </abstract>
        <intellectualRights>
            <para>This work is licensed under a <ulink url="http://creativecommons.org/licenses/by-nc/4.0/legalcode"><citetitle>Creative Commons Attribution Non Commercial (CC-BY-NC) 4.0 License</citetitle></ulink>.</para>
        </intellectualRights>
        <licensed>
            <licenseName>Creative Commons Attribution Non Commercial 4.0 International</licenseName>
            <url>https://spdx.org/licenses/CC-BY-NC-4.0.html</url>
            <identifier>CC-BY-NC-4.0</identifier>
        </licensed>
        <distribution scope="document">
            <online>
                <url function="download">https://oregonflora.org/content/dwca/OSU-V_DwC-A.zip</url>
            </online>
        </distribution>
        <contact>
            <organizationName>Oregon State University Vascular Plant Collection</organizationName>
            <phone>[1] 541 737 4106</phone>
            <electronicMailAddress>James.Mickley@oregonstate.edu</electronicMailAddress>
            <onlineUrl>https://bpp.oregonstate.edu/herbarium</onlineUrl>
            <userId directory="https://orcid.org/">0000-0002-5988-5275</userId>
        </contact>

    </dataset>

    <additionalMetadata>
        <metadata>
            <gbif>
                <dateStamp>2024-11-04T13:49:06Z</dateStamp>
                <citation>Oregon State University (2024). Oregon State University Vascular Plant Collection. Occurrence dataset https://doi.org/10.15468/kzjtjg accessed via GBIF.org on 2024-11-04.</citation>
            </gbif>
        </metadata>
    </additionalMetadata>
    </eml:eml>
