<?xml version="1.0" encoding="utf-8"?>
<eml:eml xmlns:eml="https://eml.ecoinformatics.org/eml-2.2.0" xmlns:xsi="http://www.w3.org/2001/XMLSchema-instance"
         xsi:schemaLocation="https://eml.ecoinformatics.org/eml-2.2.0 https://rs.gbif.org/schema/eml-gbif-profile/1.3/eml.xsd"
packageId="1cb0f057-172b-4c10-99d8-cd38966dab31"  system="http://gbif.org" scope="system"
xml:lang="en">
    <dataset>
        <alternateIdentifier>10.5886/5shhh7wb</alternateIdentifier>
        <alternateIdentifier>http://data.canadensys.net/ipt/resource?r=hibg-specimens</alternateIdentifier>
        <alternateIdentifier>10.15468/uzuoyw</alternateIdentifier>
        <alternateIdentifier>http://data.canadensys.net/ipt/resource.do?r=hibg-specimens</alternateIdentifier>
        <alternateIdentifier>1cb0f057-172b-4c10-99d8-cd38966dab31</alternateIdentifier>
        <alternateIdentifier>14476</alternateIdentifier>
        <title>Harriet Irving Botanical Gardens (HIBG)</title>
        <creator>
            <individualName>
                <givenName>Melanie</givenName>
                <surName>Priesnitz</surName>
            </individualName>
            <organizationName>Acadia University</organizationName>
            <positionName>Conservation Horticulturist</positionName>
            <address>
                <deliveryPoint>K.C. Irving Environmental Science Centre, Acadia University</deliveryPoint>
                <city>Wolfville</city>
                <administrativeArea>Nova Scotia</administrativeArea>
                <postalCode>B4P 2R6</postalCode>
                <country>CANADA</country>
            </address>
            <phone>902-585-1916</phone>
            <electronicMailAddress>melanie.priesnitz@acadiau.ca</electronicMailAddress>
        </creator>
        <metadataProvider>
            <individualName>
                <givenName>Melanie</givenName>
                <surName>Priesnitz</surName>
            </individualName>
            <organizationName>Acadia University</organizationName>
            <positionName>Conservation Horticulturist</positionName>
            <address>
                <deliveryPoint>K.C. Irving Environmental Science Centre, Acadia University</deliveryPoint>
                <city>Wolfville</city>
                <administrativeArea>Nova Scotia</administrativeArea>
                <postalCode>B4P 2R6</postalCode>
                <country>CANADA</country>
            </address>
            <phone>902-585-1916</phone>
            <electronicMailAddress>melanie.priesnitz@acadiau.ca</electronicMailAddress>
        </metadataProvider>
        <associatedParty>
            <individualName>
                <givenName>Steve</givenName>
                <surName>MacNeil</surName>
            </individualName>
            <positionName>IT Consultant</positionName>
            <address>
                <city>Wolfville</city>
                <administrativeArea>Nova Scotia</administrativeArea>
                <postalCode>B4P 2K4</postalCode>
                <country>CANADA</country>
            </address>
            <electronicMailAddress>steve@acadiau.ca</electronicMailAddress>
            <role>PROGRAMMER</role>
        </associatedParty>
        <associatedParty>
            <individualName>
                <givenName>Rodger</givenName>
                <surName>Evans</surName>
            </individualName>
            <organizationName>Acadia University, Biology Department</organizationName>
            <positionName>Professor</positionName>
            <address>
                <deliveryPoint>33 Westwood Avenue</deliveryPoint>
                <city>Wolfville</city>
                <administrativeArea>Nova Scotia</administrativeArea>
                <postalCode>B4P 2R6</postalCode>
                <country>CANADA</country>
            </address>
            <phone>9025851710</phone>
            <electronicMailAddress>rodger.evans@acadiau.ca</electronicMailAddress>
            <onlineUrl>http://www.acadiau.ca/~revans/Acadia_Website/Home_Page.html</onlineUrl>
            <role>POINT_OF_CONTACT</role>
        </associatedParty>
        <associatedParty>
            <organizationName>Acadia University</organizationName>
            <address>
                <deliveryPoint>K.C. Irving Environmental Science Centre, Acadia University</deliveryPoint>
                <city>Wolfville</city>
                <administrativeArea>Nova Scotia</administrativeArea>
                <postalCode>B4P 2R6</postalCode>
                <country>CANADA</country>
            </address>
            <role>PUBLISHER</role>
        </associatedParty>
        <pubDate>
                2016-02-15
        </pubDate>
        <language>ENGLISH</language>
        <abstract>
            The main collection of the Gardens is laid out in nine native habitats of the Acadian Forest Region. All of the plants found in these habitats are native species to the region. Other features of the Gardens include: Medicinal and Food Garden, Conservatory, Walled Garden and Experimental Garden.
        </abstract>
        <keywordSet>
            <keyword>New Brunswick</keyword>
            <keyword>Canada</keyword>
            <keyword>Harriet Irving Botanical Gardens</keyword>
            <keyword>Prince Edward Island</keyword>
            <keyword>Nova Scotia</keyword>
            <keyword>United States</keyword>
            <keyword>Maine</keyword>
            <keyword>specimens</keyword>
            <keyword>Canadensys</keyword>
            <keyword>Acadia University</keyword>
            <keywordThesaurus>n/a</keywordThesaurus>
        </keywordSet>
        <keywordSet>
            <keyword>Occurrence</keyword>
            <keywordThesaurus>GBIF Dataset Type Vocabulary: http://rs.gbif.org/vocabulary/gbif/dataset_type.xml</keywordThesaurus>
        </keywordSet>
        <intellectualRights>
            <para>To the extent possible under law, the publisher has waived all rights to these data and has dedicated them to the <ulink url="http://creativecommons.org/publicdomain/zero/1.0/legalcode"><citetitle>Public Domain (CC0 1.0)</citetitle></ulink>. Users may copy, modify, distribute and use the work, including for commercial purposes, without restriction.</para>
        </intellectualRights>
        <licensed>
            <licenseName>Creative Commons Zero v1.0 Universal</licenseName>
            <url>https://spdx.org/licenses/CC0-1.0.html</url>
            <identifier>CC0-1.0</identifier>
        </licensed>
        <distribution scope="document">
            <online>
                <url function="information">http://botanicalgardens.acadiau.ca/</url>
            </online>
        </distribution>
        <distribution scope="document">
            <online>
                <url function="download">http://data.canadensys.net/ipt/archive.do?r=hibg-specimens</url>
            </online>
        </distribution>
        <coverage>
            <geographicCoverage>
                <geographicDescription>Primarily the Flora of the Acadian Forest Region.</geographicDescription>
                <boundingCoordinates>
                    <westBoundingCoordinate>-71</westBoundingCoordinate>
                    <eastBoundingCoordinate>-59.52</eastBoundingCoordinate>
                    <northBoundingCoordinate>48.13</northBoundingCoordinate>
                    <southBoundingCoordinate>43.11</southBoundingCoordinate>
                </boundingCoordinates>
            </geographicCoverage>
            <taxonomicCoverage>
                <generalTaxonomicCoverage>The dataset includes all vascular plants (seeded and non-seeded) planted within the Harriet Irving Botanical Gardens.</generalTaxonomicCoverage>
                <taxonomicClassification>
                    <taxonRankName>Kingdom</taxonRankName>
                    <taxonRankValue>Plantae</taxonRankValue>
                    <commonName>Plants</commonName>
                </taxonomicClassification>
            </taxonomicCoverage>
        </coverage>
        <contact>
            <individualName>
                <givenName>Peter</givenName>
                <surName>Romkey</surName>
            </individualName>
            <organizationName>Acadia University</organizationName>
            <positionName>Executive Director</positionName>
            <address>
                <deliveryPoint>K.C. Irving Environmental Science Centre, Acadia University</deliveryPoint>
                <city>Wolfville</city>
                <administrativeArea>Nova Scotia</administrativeArea>
                <postalCode>B4P 2R6</postalCode>
                <country>CANADA</country>
            </address>
            <phone>902-585-1757</phone>
            <electronicMailAddress>peter.romkey@acadiau.ca</electronicMailAddress>
        </contact>
        <methods>
            <methodStep>
                <description>
                    <para>n/a</para>
                </description>
            </methodStep>
            <sampling>
                <studyExtent>
                    <description>
                        <para>Inventory of plants from the Harriet Irving Botanical Gardens with a focus on plants of the Acadian Forest Region.</para>
                    </description>
                </studyExtent>
                <samplingDescription>
                    <para>The data supplied by the HIBG contain mutliple specimens with the same accession number. As the data are loaded, if the accession number already existed, the UTM coordinates are appended to that record&apos;s UTM coordinates. Thus, more than one coordinate may exist for a specimen because multiple clones of the specimen were planted throughout the gardens.</para>
                </samplingDescription>
            </sampling>
            <qualityControl>
                <description>
                    <para>n/a</para>
                </description>
            </qualityControl>
        </methods>

            <project >
                <title>Harriet Irving Botanical Gardens</title>
                <personnel>
                    <individualName>
                    <givenName>Peter</givenName>
                    <surName>Romkey</surName>
                    </individualName>
                    <role>POINT_OF_CONTACT</role>
                </personnel>
                <abstract>
                    <para></para>
                </abstract>
                <funding>
                    <para>Canadian Foundation for Innovation</para>
                </funding>
                <studyAreaDescription>
                    <descriptor name="generic" citableClassificationSystem="false">
                        <descriptorValue>Database and Geolocate living specimens in the Harriet Irving Botanical Gardens
Collect representative herbarium specimens for the E. C. Smith Herbarium</descriptorValue>
                    </descriptor>
                </studyAreaDescription>
            </project>
    </dataset>

    <additionalMetadata>
        <metadata>
            <gbif>
                <dateStamp>2024-11-04T13:41:12Z</dateStamp>
                <citation identifier="doi:10.5886/5shhh7wb">Priesnitz M (2016). Harriet Irving Botanical Gardens (HIBG). Version 6.1. Acadia University. Occurrence dataset https://doi.org/10.5886/5shhh7wb accessed via GBIF.org on 2024-11-04.</citation>
                <physical>
                    <objectName>Canadensys explorer</objectName>
                    <characterEncoding>UTF-8</characterEncoding>
                    <dataFormat>
                        <externallyDefinedFormat>
                            <formatName>HTML</formatName>
                        </externallyDefinedFormat>
                    </dataFormat>
                    <distribution>
                        <online>
                            <url function="download">http://data.canadensys.net/explorer/en/resources/hibg-specimens</url>
                        </online>
                    </distribution>
                </physical>
                <physical>
                    <objectName>GBIF data portal</objectName>
                    <characterEncoding>UTF-8</characterEncoding>
                    <dataFormat>
                        <externallyDefinedFormat>
                            <formatName>HTML</formatName>
                        </externallyDefinedFormat>
                    </dataFormat>
                    <distribution>
                        <online>
                            <url function="download">http://www.gbif.org/dataset/1cb0f057-172b-4c10-99d8-cd38966dab31</url>
                        </online>
                    </distribution>
                </physical>
                <resourceLogoUrl>http://data.canadensys.net/ipt/logo.do?r=hibg-specimens</resourceLogoUrl>
                <collection>
                    <parentCollectionIdentifier>ACAD</parentCollectionIdentifier>
                    <collectionIdentifier>HIBG</collectionIdentifier>
                    <collectionName>Harriet Irving Botanical Gardens</collectionName>
                </collection>
                <formationPeriod>1999-present (Planted during the construction of the KC Irving Environmental Science Centre)</formationPeriod>
                <specimenPreservationMethod>NO_TREATMENT</specimenPreservationMethod>
            </gbif>
        </metadata>
    </additionalMetadata>
    </eml:eml>
