<?xml version="1.0" encoding="utf-8"?>
<eml:eml xmlns:eml="https://eml.ecoinformatics.org/eml-2.2.0" xmlns:xsi="http://www.w3.org/2001/XMLSchema-instance"
         xsi:schemaLocation="https://eml.ecoinformatics.org/eml-2.2.0 https://rs.gbif.org/schema/eml-gbif-profile/1.3/eml.xsd"
packageId="4300f8d5-1ae5-49e5-a101-63894b005868"  system="http://gbif.org" scope="system"
xml:lang="en">
    <dataset>
        <alternateIdentifier>10.15468/7ep9i2</alternateIdentifier>
        <alternateIdentifier>https://ipt.jbrj.gov.br/jbrj/resource?r=jbrj_rb</alternateIdentifier>
        <alternateIdentifier>https://ipt-teste.jbrj.gov.br/jbrj/resource?r=jbrj_rb</alternateIdentifier>
        <alternateIdentifier>http://ipt.jbrj.gov.br/jbrj/resource?r=jbrj_rb</alternateIdentifier>
        <alternateIdentifier>http://dados.jbrj.gov.br/ipt/resource?r=jbrj_rb</alternateIdentifier>
        <alternateIdentifier>http://ipt.jbrj.gov.br/ipt/resource.do?r=jbrj_rb</alternateIdentifier>
        <alternateIdentifier>4300f8d5-1ae5-49e5-a101-63894b005868</alternateIdentifier>
        <alternateIdentifier>15017</alternateIdentifier>
        <title>RB - Rio de Janeiro Botanical Garden Herbarium Collection</title>
        <creator>
            <individualName>
                <givenName>Rafaela</givenName>
                <surName>Forzza</surName>
            </individualName>
            <organizationName>Rio de Janeiro Botanical Garden</organizationName>
            <positionName>Curator</positionName>
            <address>
                <deliveryPoint>Rua Pacheco Leão 915</deliveryPoint>
                <city>Rio de Janeiro</city>
                <administrativeArea>RJ</administrativeArea>
                <postalCode>22460-030</postalCode>
                <country>BRAZIL</country>
            </address>
            <phone>55 21 3204 2082</phone>
            <electronicMailAddress>rafaela@jbrj.gov.br</electronicMailAddress>
        </creator>
        <creator>
            <individualName>
                <givenName>Luís Alexandre</givenName>
                <surName>Silva</surName>
            </individualName>
            <organizationName>Jardim Botânico do Rio de Janeiro</organizationName>
            <positionName>Coordenador do Núcleo de Computação Científica e Geoprocessameno</positionName>
            <address>
                <deliveryPoint>Rua Pacheco Leão 915</deliveryPoint>
                <city>Rio de Janeiro</city>
                <administrativeArea>RJ</administrativeArea>
                <postalCode>22460-030</postalCode>
                <country>BRAZIL</country>
            </address>
            <phone>55 21 32042116</phone>
            <electronicMailAddress>estevao@jbrj.gov.br</electronicMailAddress>
        </creator>
        <metadataProvider>
            <individualName>
                <givenName>Eduardo</givenName>
                <surName>Dalcin</surName>
            </individualName>
            <organizationName>Jardim Botânico do Rio de Janeiro</organizationName>
            <address>
                <deliveryPoint>R. Pacheco Leão 915 - sl 203</deliveryPoint>
                <city>Rio de Janeiro</city>
                <administrativeArea>RJ</administrativeArea>
                <postalCode>22460-030</postalCode>
                <country>BRAZIL</country>
            </address>
            <phone>55 21 32042116</phone>
            <electronicMailAddress>edalcin@jbrj.gov.br</electronicMailAddress>
        </metadataProvider>
        <associatedParty>
            <individualName>
                <givenName>Rafaela</givenName>
                <surName>Forzza</surName>
            </individualName>
            <organizationName>Rio de Janeiro Botanical Garden</organizationName>
            <positionName>Curator</positionName>
            <address>
                <deliveryPoint>Rua Pacheco Leão 915</deliveryPoint>
                <city>Rio de Janeiro</city>
                <administrativeArea>RJ</administrativeArea>
                <postalCode>22460-030</postalCode>
                <country>BRAZIL</country>
            </address>
            <phone>55 21 3204 2082</phone>
            <electronicMailAddress>rafaela@jbrj.gov.br</electronicMailAddress>
            <role>CURATOR</role>
        </associatedParty>
        <pubDate>
                2024-11-01
        </pubDate>
        <language>PORTUGUESE</language>
        <abstract>
            <para>Created over a century ago, the RB currently comprises ca. 750,000 mounted specimens, with a strong representation of Brazilian flora, mainly from the Atlantic and Amazon forests. Nearly 100% of these specimens have been entered into the database and imaged and, at present, about 17% have been geo-referenced. This data paper is focused exclusively on RB&amp;#39;s exsiccatae collection of land plants and algae, which is currently increasing by about twenty to thirty thousand specimens per year thanks to fieldwork, exchange and donations. Since 2005, many national and international projects have been implemented, improving the quality and accessibility of the collection. The most important facilitating factor in this process was the creation of the institutional system for plants collection and management, named JABOT. Since the RB is continuously growing, the dataset is updated weekly on SiBBr and GBIF portals.</para><para>The most represented environments are the Atlantic and Amazon forests, a biodiversity hotspot and the world&amp;#39;s largest rain forest, respectively. The dataset described in this article contains the data and metadata of plants and algae specimens in the RB collection and the link to access the respective images. Currently, the RB data is publicly available online at several biodiversity portals, such as our institutional database JABOT, the Reflora Virtual Herbarium, the SiBBr and the GBIF portal. However, a description of the RB dataset as a whole is not available in the literature.</para>
        </abstract>
        <keywordSet>
            <keyword>Specimen</keyword>
            <keywordThesaurus>GBIF Dataset Subtype Vocabulary: http://rs.gbif.org/vocabulary/gbif/dataset_subtype.xml</keywordThesaurus>
        </keywordSet>
        <keywordSet>
            <keyword>Occurrence</keyword>
            <keywordThesaurus>GBIF Dataset Type Vocabulary: http://rs.gbif.org/vocabulary/gbif/dataset_type.xml</keywordThesaurus>
        </keywordSet>
        <keywordSet>
            <keyword>Occurrence</keyword>
            <keywordThesaurus>GBIF Dataset Type Vocabulary: http://rs.gbif.org/vocabulary/gbif/dataset_type_2015-07-10.xml</keywordThesaurus>
        </keywordSet>
        <intellectualRights>
            <para>This work is licensed under a <ulink url="http://creativecommons.org/licenses/by/4.0/legalcode"><citetitle>Creative Commons Attribution (CC-BY) 4.0 License</citetitle></ulink>.</para>
        </intellectualRights>
        <licensed>
            <licenseName>Creative Commons Attribution 4.0 International</licenseName>
            <url>https://spdx.org/licenses/CC-BY-4.0.html</url>
            <identifier>CC-BY-4.0</identifier>
        </licensed>
        <distribution scope="document">
            <online>
                <url function="information">http://www.jbrj.gov.br/jabot/</url>
            </online>
        </distribution>
        <distribution scope="document">
            <online>
                <url function="download">https://ipt.jbrj.gov.br/jbrj/archive.do?r=jbrj_rb</url>
            </online>
        </distribution>
        <coverage>
            <geographicCoverage>
                <geographicDescription>The majority of specimens were collected in Brazil (ca. 90%) and the country’s most widely represented region is the Southeast, where the herbarium is based (ca. 349.000 specimens, 50% of the total). The south-eastern states of Rio de Janeiro (ca. 189,000 specimens) and Minas Gerais (ca. 90,000) are represented by the largest number of specimens (Fig. 5). It should be noted that most of this region is part of the Atlantic Forest and Rio de Janeiro state is positioned entirely within this biome.
North Brazil ranks second in number of specimens and the states of Amazonas and Pará are the best represented, with ca. 29,000 (ca. 4%) and 28,000 (ca. 4%), respectively (Fig. 5). One of the first great plant collectors in the region, especially with regard to Amazonian flora, was Adolf Ducke, who conducted expeditions in the states of Amazonas and Pará, mainly in the first half of the 20th century.</geographicDescription>
                <boundingCoordinates>
                    <westBoundingCoordinate>-74.18</westBoundingCoordinate>
                    <eastBoundingCoordinate>-34.453</eastBoundingCoordinate>
                    <northBoundingCoordinate>5.529</northBoundingCoordinate>
                    <southBoundingCoordinate>-34.162</southBoundingCoordinate>
                </boundingCoordinates>
            </geographicCoverage>
            <taxonomicCoverage>
                <taxonomicClassification>
                    <taxonRankName>Kingdom</taxonRankName>
                    <taxonRankValue>Plantae</taxonRankValue>
                </taxonomicClassification>
                <taxonomicClassification>
                    <taxonRankName>Kingdom</taxonRankName>
                    <taxonRankValue>Fungi</taxonRankValue>
                </taxonomicClassification>
            </taxonomicCoverage>
        </coverage>
        <maintenance>
            <description>
                <para></para>
            </description>
            <maintenanceUpdateFrequency>weekly</maintenanceUpdateFrequency>
        </maintenance>
        <contact>
            <individualName>
                <givenName>Rafaela</givenName>
                <surName>Forzza</surName>
            </individualName>
            <organizationName>Rio de Janeiro Botanical Garden</organizationName>
            <positionName>Curator</positionName>
            <address>
                <deliveryPoint>Rua Pacheco Leão 915</deliveryPoint>
                <city>Rio de Janeiro</city>
                <administrativeArea>RJ</administrativeArea>
                <postalCode>22460-030</postalCode>
                <country>BRAZIL</country>
            </address>
            <phone>55 21 3204 2082</phone>
            <electronicMailAddress>rafaela@jbrj.gov.br</electronicMailAddress>
        </contact>
        <methods>
            <methodStep>
                <description>
                    <para>Plant processing procedures:
The herbarium follows the usual procedures for processing specimens (Bridson and Forman 2000, Simpson 2006). Fresh materials are pressed and dried over a stove or in an oven. Once they are dry, specimens are glued on to acid-free paper, with gummed cloth tape or thread for bulky plants. Bryophytes, fungi and lichens are placed into acid-free packets. Algae can also be mounted on acid-free paper with gummed cloth tape or stored in plastic boxes in the case of calcareous algae.
Collection</para>
                </description>
            </methodStep>
            <sampling>
                <studyExtent>
                    <description>
                        <para>Not described</para>
                    </description>
                </studyExtent>
                <samplingDescription>
                    <para>The herbarium specimen collection combines specimens from institutional projects, undergraduate and post-graduate research and exchanges or donations from other herbaria. In addition, from 1970 onwards, relevant national projects of flora documentation sent specimens to RB, such as RADAMBRASIL Project (1970-1985) and the Flora Program CNPq (1975-1983, MCT/CNPq 1987). Furthermore, as the official custodian for the Ministry of Environment, RB also receives many specimens from private companies with activities related to environmental impact studies and phytochemical products and most of these specimens are donated in exchange for identification. The institution includes 53 associate researchers and hosts around 550 visiting taxonomists every year, standing out as the most visited herbarium in Brazil.
Quality</para>
                </samplingDescription>
            </sampling>
            <qualityControl>
                <description>
                    <para>The RB uses the institutional system JABOT to perform all functions regarding herbarium management (i.e. loans, donations, new specimen registration, database management, quality control and web publication). The JABOT is a PostgreSQL database management system with 117 tables specifically created for botanical collections. The data insertion can be made directly into the JABOT interface or via uploading spreadsheets, with controlled and free text fields (Silva et al. 2017).</para>
                </description>
            </qualityControl>
        </methods>

    </dataset>

    <additionalMetadata>
        <metadata>
            <gbif>
                <dateStamp>2024-11-04T13:41:09Z</dateStamp>
                <citation identifier="http://www.jbrj.gov.br/jabot/formularios/comocitar_jabot.php">Forzza R, Silva L A, Dalcin E (2024). RB - Rio de Janeiro Botanical Garden Herbarium Collection. Version 84.261. Instituto de Pesquisas Jardim Botanico do Rio de Janeiro. Occurrence dataset https://doi.org/10.15468/7ep9i2 accessed via GBIF.org on 2024-11-04.</citation>
                <bibliography>
                <citation identifier="https://doi.org/10.3897/BDJ.6.e22757">Lanna J, da Silva L, Morim M, Leitman P, Queiroz N, Filardi F, Dalcin E, Oliveira F, Forzza R (2018) Herbarium collection of the Rio de Janeiro Botanical Garden (RB), Brazil. Biodiversity Data Journal 6: e22757.</citation>
                </bibliography>
                <resourceLogoUrl>https://ipt.jbrj.gov.br/jbrj/logo.do?r=jbrj_rb</resourceLogoUrl>
                <collection>
                    <parentCollectionIdentifier>RB</parentCollectionIdentifier>
                    <collectionIdentifier>http://sweetgum.nybg.org/ih/herbarium.php?irn=124982</collectionIdentifier>
                    <collectionName>Herbário Dimitri Sucre Benjamin</collectionName>
                </collection>
                <specimenPreservationMethod>DRIED_AND_PRESSED</specimenPreservationMethod>
            </gbif>
        </metadata>
    </additionalMetadata>
    </eml:eml>
