<?xml version="1.0" encoding="utf-8"?>
<eml:eml xmlns:eml="https://eml.ecoinformatics.org/eml-2.2.0" xmlns:xsi="http://www.w3.org/2001/XMLSchema-instance"
         xsi:schemaLocation="https://eml.ecoinformatics.org/eml-2.2.0 https://rs.gbif.org/schema/eml-gbif-profile/1.3/eml.xsd"
packageId="6958627a-e1cd-489f-b4f3-6e7760203b9d"  system="http://gbif.org" scope="system"
xml:lang="en">
    <dataset>
        <alternateIdentifier>10.15468/qguk7r</alternateIdentifier>
        <alternateIdentifier>https://cch2.org/portal/collections/misc/collprofiles.php?collid=45</alternateIdentifier>
        <title>HSC - Humboldt State University Vascular Plant Herbarium</title>
        <creator>
            <organizationName>CCH2 Portal</organizationName>
            <electronicMailAddress>jyost@calpoly.edu</electronicMailAddress>
            <onlineUrl>https://cch2.org/portal/index.php</onlineUrl>
        </creator>
        <metadataProvider>
            <organizationName>CCH2 Portal</organizationName>
            <electronicMailAddress>jyost@calpoly.edu</electronicMailAddress>
            <onlineUrl>https://cch2.org/portal/index.php</onlineUrl>
        </metadataProvider>
        <associatedParty>
            <individualName>
                <surName>Robin Bencie</surName>
            </individualName>
            <electronicMailAddress>mrb1@humboldt.edu</electronicMailAddress>
            <role>CONTENT_PROVIDER</role>
        </associatedParty>
        <pubDate>
                2024-11-01
        </pubDate>
        <language>ENGLISH</language>
        <abstract>
            <para>The Humboldt State University Vascular Plant Herbarium (HSC) consists of ~104,000 specimens, with a strong emphasis in the flora of northwest California and southwest Oregon. Established in 1960, the Herbarium serves as a botanical resource for students and faculty, as well as, community members and professional botanists. Our collections offer excellent opportunities to learn more about the rich diversity of our native flora, as well as, our exotic and invasive weeds. The Herbarium also participates in loan and exchange programs with other herbaria throughout the country.</para>
        </abstract>
        <intellectualRights>
            <para>This work is licensed under a <ulink url="http://creativecommons.org/licenses/by-nc/4.0/legalcode"><citetitle>Creative Commons Attribution Non Commercial (CC-BY-NC) 4.0 License</citetitle></ulink>.</para>
        </intellectualRights>
        <licensed>
            <licenseName>Creative Commons Attribution Non Commercial 4.0 International</licenseName>
            <url>https://spdx.org/licenses/CC-BY-NC-4.0.html</url>
            <identifier>CC-BY-NC-4.0</identifier>
        </licensed>
        <distribution scope="document">
            <online>
                <url function="download">https://cch2.org/portal/content/dwca/HSC_DwC-A.zip</url>
            </online>
        </distribution>
        <contact>
            <organizationName>HSC - Humboldt State University Vascular Plant Herbarium</organizationName>
            <phone>(707) 826-4801</phone>
            <electronicMailAddress>mrb1@humboldt.edu</electronicMailAddress>
            <onlineUrl>https://www2.humboldt.edu/herbarium/</onlineUrl>
        </contact>

    </dataset>

    <additionalMetadata>
        <metadata>
            <gbif>
                <dateStamp>2024-11-04T13:41:10Z</dateStamp>
                <citation>Humboldt State University (2024). HSC - Humboldt State University Vascular Plant Herbarium. Occurrence dataset https://doi.org/10.15468/qguk7r accessed via GBIF.org on 2024-11-04.</citation>
            </gbif>
        </metadata>
    </additionalMetadata>
    </eml:eml>
