<?xml version="1.0" encoding="utf-8"?>
<eml:eml xmlns:eml="https://eml.ecoinformatics.org/eml-2.2.0" xmlns:xsi="http://www.w3.org/2001/XMLSchema-instance"
         xsi:schemaLocation="https://eml.ecoinformatics.org/eml-2.2.0 https://rs.gbif.org/schema/eml-gbif-profile/1.3/eml.xsd"
packageId="a6f37a35-cb18-4395-9a0c-5be222c8e6c8"  system="http://gbif.org" scope="system"
xml:lang="en">
    <dataset>
        <alternateIdentifier>10.15468/uyakmh</alternateIdentifier>
        <alternateIdentifier>https://portal.torcherbaria.org/portal/collections/misc/collprofiles.php?collid=387</alternateIdentifier>
        <title>Texas Tech University, E. L. Reed Herbarium</title>
        <creator>
            <organizationName>TORCH Portal</organizationName>
            <electronicMailAddress>jbest@brit.org</electronicMailAddress>
            <onlineUrl>https://portal.torcherbaria.org/portal/index.php</onlineUrl>
        </creator>
        <metadataProvider>
            <organizationName>TORCH Portal</organizationName>
            <electronicMailAddress>jbest@brit.org</electronicMailAddress>
            <onlineUrl>https://portal.torcherbaria.org/portal/index.php</onlineUrl>
        </metadataProvider>
        <associatedParty>
            <individualName>
                <surName>Johnson, Matt</surName>
            </individualName>
            <electronicMailAddress>matt.johnson@ttu.edu</electronicMailAddress>
            <role>CONTENT_PROVIDER</role>
        </associatedParty>
        <pubDate>
                2024-11-02
        </pubDate>
        <language>ENGLISH</language>
        <abstract>
            <para>The E.L. Reed Herbarium was founded in 1925 as part of the Texas Technological College (TTC). Located on the roof of the Biology building, the herbarium was founded by Reed and R.A. Studhalter, who provided key collections from the South Plains and Panhandle region of Texas. In the 1970s, Burgess and Northington led the first vegetative survey of the newly founded Guadalupe Mountains National Park in Culberson County, Texas, and TTC houses their collections.</para>
        </abstract>
        <intellectualRights>
            <para>To the extent possible under law, the publisher has waived all rights to these data and has dedicated them to the <ulink url="http://creativecommons.org/publicdomain/zero/1.0/legalcode"><citetitle>Public Domain (CC0 1.0)</citetitle></ulink>. Users may copy, modify, distribute and use the work, including for commercial purposes, without restriction.</para>
        </intellectualRights>
        <licensed>
            <licenseName>Creative Commons Zero v1.0 Universal</licenseName>
            <url>https://spdx.org/licenses/CC0-1.0.html</url>
            <identifier>CC0-1.0</identifier>
        </licensed>
        <distribution scope="document">
            <online>
                <url function="download">https://portal.torcherbaria.org/portal/content/dwca/TTC_DwC-A.zip</url>
            </online>
        </distribution>
        <contact>
            <organizationName>Texas Tech University, E. L. Reed Herbarium</organizationName>
            <phone>806-834-5750</phone>
            <electronicMailAddress>matt.johnson@ttu.edu</electronicMailAddress>
            <onlineUrl>http://www.mossmatters.com/herbarium</onlineUrl>
        </contact>

    </dataset>

    <additionalMetadata>
        <metadata>
            <gbif>
                <dateStamp>2024-11-04T13:41:17Z</dateStamp>
                <citation>E.L. Reed Herbarium at Texas Tech University (TTC) (2024). Texas Tech University, E. L. Reed Herbarium. Occurrence dataset https://doi.org/10.15468/uyakmh accessed via GBIF.org on 2024-11-04.</citation>
            </gbif>
        </metadata>
    </additionalMetadata>
    </eml:eml>
