<?xml version="1.0" encoding="utf-8"?>
<eml:eml xmlns:eml="https://eml.ecoinformatics.org/eml-2.2.0" xmlns:xsi="http://www.w3.org/2001/XMLSchema-instance"
         xsi:schemaLocation="https://eml.ecoinformatics.org/eml-2.2.0 https://rs.gbif.org/schema/eml-gbif-profile/1.3/eml.xsd"
packageId="c267909d-184f-4138-9e67-a074d478d52b"  system="http://gbif.org" scope="system"
xml:lang="en">
    <dataset>
        <alternateIdentifier>10.15468/on4axg</alternateIdentifier>
        <alternateIdentifier>https://www.cch2.org/portal/collections/misc/collprofiles.php?collid=39</alternateIdentifier>
        <alternateIdentifier>https://cch2.org/portal/collections/misc/collprofiles.php?collid=39</alternateIdentifier>
        <alternateIdentifier>http://cch2.org/portal/collections/misc/collprofiles.php?collid=39</alternateIdentifier>
        <title>DAV - University of California, Davis Center for Plant Diversity - Vascular Plants</title>
        <creator>
            <organizationName>CCH2 Portal</organizationName>
            <electronicMailAddress>jyost@calpoly.edu</electronicMailAddress>
            <onlineUrl>https://cch2.org/portal/index.php</onlineUrl>
        </creator>
        <metadataProvider>
            <organizationName>CCH2 Portal</organizationName>
            <electronicMailAddress>jyost@calpoly.edu</electronicMailAddress>
            <onlineUrl>https://cch2.org/portal/index.php</onlineUrl>
        </metadataProvider>
        <associatedParty>
            <individualName>
                <givenName>Teri</givenName>
                <surName>Barry</surName>
            </individualName>
            <positionName>Collections Manager</positionName>
            <electronicMailAddress>tcbarry@ucdavis.edu</electronicMailAddress>
            <role>CONTENT_PROVIDER</role>
        </associatedParty>
        <associatedParty>
            <individualName>
                <givenName>Alison</givenName>
                <surName>Colwell</surName>
            </individualName>
            <positionName>Curator</positionName>
            <electronicMailAddress>aelcolwell@ucdavis.edu</electronicMailAddress>
            <userId directory="https://orcid.org/">0000-0002-3011-3933</userId>
            <role>CONTENT_PROVIDER</role>
        </associatedParty>
        <pubDate>
                2024-11-01
        </pubDate>
        <language>ENGLISH</language>
        <abstract>
            <para>
University of California, Davis herbarium vascular plant collections are worldwide, with emphasis on California, North America, and neotropics (especially Ecuador and Baja California).
Our collections are especially strong in the following taxa: Quercus, Fagaceae, and Arctostaphylos, Ericaceae of New World; Euphorbiaceae worldwide; Poaceae of North America; Streptanthaus (Brassicaceae); Clarkia (Onagraceae); Lycianthes and Lycopersicon (Solanaceae); Stephanomeria and tarweed genera (Asteraceae); Navarretia (Polemoniaceae); Allium (Alliaceae); Trifolium (Fabaceae);Prunus (Rosaceae).
Our regional strengths are: Central Valley of California vernal pool species; weedy and poisonous species of California and Mediterranean-climate regions; range plants of California; alpine flora of western North America.
Estimated size of collection: 320,000 specimens, 50% from California. 95% of the California specimens have label data online, 60% also have images online. Specimens outside of California acquired in the past 7 years have label data online and most are also imaged. 4.4% of older non-California specimens are databased. Specimens not online are imaged and databased on request.
</para>
        </abstract>
        <intellectualRights>
            <para>This work is licensed under a <ulink url="http://creativecommons.org/licenses/by-nc/4.0/legalcode"><citetitle>Creative Commons Attribution Non Commercial (CC-BY-NC) 4.0 License</citetitle></ulink>.</para>
        </intellectualRights>
        <licensed>
            <licenseName>Creative Commons Attribution Non Commercial 4.0 International</licenseName>
            <url>https://spdx.org/licenses/CC-BY-NC-4.0.html</url>
            <identifier>CC-BY-NC-4.0</identifier>
        </licensed>
        <distribution scope="document">
            <online>
                <url function="download">https://cch2.org/portal/content/dwca/DAV-VascularPlants_DwC-A.zip</url>
            </online>
        </distribution>
        <contact>
            <organizationName>DAV - University of California, Davis Center for Plant Diversity - Vascular Plants</organizationName>
            <phone>(530) 752-1091</phone>
            <electronicMailAddress>tcbarry@ucdavis.edu</electronicMailAddress>
            <onlineUrl>http://herbarium.ucdavis.edu</onlineUrl>
        </contact>

    </dataset>

    <additionalMetadata>
        <metadata>
            <gbif>
                <dateStamp>2024-11-04T13:41:18Z</dateStamp>
                <citation>University of California, Davis (2024). DAV - University of California, Davis Center for Plant Diversity - Vascular Plants. Occurrence dataset https://doi.org/10.15468/on4axg accessed via GBIF.org on 2024-11-04.</citation>
            </gbif>
        </metadata>
    </additionalMetadata>
    </eml:eml>
