<?xml version="1.0" encoding="utf-8"?>
<eml:eml xmlns:eml="https://eml.ecoinformatics.org/eml-2.2.0" xmlns:xsi="http://www.w3.org/2001/XMLSchema-instance"
         xsi:schemaLocation="https://eml.ecoinformatics.org/eml-2.2.0 https://rs.gbif.org/schema/eml-gbif-profile/1.3/eml.xsd"
packageId="cbd0e918-f98b-41e4-b91f-007dd2ac7414"  system="http://gbif.org" scope="system"
xml:lang="en">
    <dataset>
        <alternateIdentifier>10.15468/t8ar55</alternateIdentifier>
        <alternateIdentifier>https://sernecportal.org/portal/collections/misc/collprofiles.php?collid=228</alternateIdentifier>
        <alternateIdentifier>https://www.sernecportal.org/portal/collections/misc/collprofiles.php?collid=228</alternateIdentifier>
        <title>George Mason University, Ted R. Bradley Herbarium</title>
        <creator>
            <organizationName>SERNEC</organizationName>
            <electronicMailAddress>hbrown@mailbox.sc.edu</electronicMailAddress>
            <onlineUrl>https://sernecportal.org/portal/index.php</onlineUrl>
        </creator>
        <metadataProvider>
            <organizationName>SERNEC</organizationName>
            <electronicMailAddress>hbrown@mailbox.sc.edu</electronicMailAddress>
            <onlineUrl>https://sernecportal.org/portal/index.php</onlineUrl>
        </metadataProvider>
        <associatedParty>
            <individualName>
                <givenName>Andrea</givenName>
                <surName>Weeks</surName>
            </individualName>
            <positionName>Director &amp; Curator</positionName>
            <electronicMailAddress>aweeks3@gmu.edu</electronicMailAddress>
            <role>CONTENT_PROVIDER</role>
        </associatedParty>
        <pubDate>
                2024-11-02
        </pubDate>
        <language>ENGLISH</language>
        <abstract>
            <para>Specialty: Virginia; Missouri; Andros Island, Bahamas; Puerto Rico. Date Founded: 1967.</para>
        </abstract>
        <intellectualRights>
            <para>This work is licensed under a <ulink url="http://creativecommons.org/licenses/by/4.0/legalcode"><citetitle>Creative Commons Attribution (CC-BY) 4.0 License</citetitle></ulink>.</para>
        </intellectualRights>
        <licensed>
            <licenseName>Creative Commons Attribution 4.0 International</licenseName>
            <url>https://spdx.org/licenses/CC-BY-4.0.html</url>
            <identifier>CC-BY-4.0</identifier>
        </licensed>
        <distribution scope="document">
            <online>
                <url function="download">https://sernecportal.org/portal/content/dwca/GMUF-Plants_DwC-A.zip</url>
            </online>
        </distribution>
        <contact>
            <organizationName>George Mason University, Ted R. Bradley Herbarium</organizationName>
            <electronicMailAddress>aweeks3@gmu.edu</electronicMailAddress>
            <onlineUrl>http://biology.gmu.edu/herbarium/</onlineUrl>
        </contact>

    </dataset>

    <additionalMetadata>
        <metadata>
            <gbif>
                <dateStamp>2024-11-04T13:41:15Z</dateStamp>
                <citation>George Mason University Herbarium (GMUF) (2024). George Mason University, Ted R. Bradley Herbarium. Occurrence dataset https://doi.org/10.15468/t8ar55 accessed via GBIF.org on 2024-11-04.</citation>
            </gbif>
        </metadata>
    </additionalMetadata>
    </eml:eml>
