<?xml version="1.0" encoding="utf-8"?>
<eml:eml xmlns:eml="https://eml.ecoinformatics.org/eml-2.2.0" xmlns:xsi="http://www.w3.org/2001/XMLSchema-instance"
         xsi:schemaLocation="https://eml.ecoinformatics.org/eml-2.2.0 https://rs.gbif.org/schema/eml-gbif-profile/1.3/eml.xsd"
packageId="ce899b3c-5ee0-4d05-a7f0-28cd29eb8894"  system="http://gbif.org" scope="system"
xml:lang="en">
    <dataset>
        <alternateIdentifier>10.15468/zgqfxk</alternateIdentifier>
        <alternateIdentifier>https://ngpherbaria.org/portal/collections/misc/collprofiles.php?collid=275</alternateIdentifier>
        <title>Putnam Museum and Science Center</title>
        <creator>
            <organizationName>Great Plains Herbaria</organizationName>
            <electronicMailAddress>seinetAdmin@asu.edu</electronicMailAddress>
            <onlineUrl>https://ngpherbaria.org/portal/index.php</onlineUrl>
        </creator>
        <metadataProvider>
            <organizationName>Great Plains Herbaria</organizationName>
            <electronicMailAddress>seinetAdmin@asu.edu</electronicMailAddress>
            <onlineUrl>https://ngpherbaria.org/portal/index.php</onlineUrl>
        </metadataProvider>
        <associatedParty>
            <individualName>
                <surName>Nick Stoynoff</surName>
            </individualName>
            <electronicMailAddress>mr_sto@att.net</electronicMailAddress>
            <role>CONTENT_PROVIDER</role>
        </associatedParty>
        <pubDate>
                2024-11-01
        </pubDate>
        <language>ENGLISH</language>
        <abstract>
            <para>The Putnam Museum &amp;amp; Science Center herbarium holds nearly 19,000 specimens. Contributions to the collection, made by approximately 450 botanists, span the years 1834 to 1989 and represent 20 countries. The herbarium is largely of North American origin (92%). Though 46 U.S. states and Washington, D.C. are represented, nearly half of the specimens are from Iowa and Illinois (48%), due to extensive collecting completed to document the flora of the Quad Cities region. Angiosperms predominate (92%), but pteridophytes (3.5%), bryophytes (2.6%), and algae (1.2%) are also present. Of the approximately 1450 genera in 314 families in the herbarium, the Asteraceae, Cyperaceae, Fabaceae, Poaceae, and Rosaceae combined make up 38% of the total.</para>
        </abstract>
        <intellectualRights>
            <para>To the extent possible under law, the publisher has waived all rights to these data and has dedicated them to the <ulink url="http://creativecommons.org/publicdomain/zero/1.0/legalcode"><citetitle>Public Domain (CC0 1.0)</citetitle></ulink>. Users may copy, modify, distribute and use the work, including for commercial purposes, without restriction.</para>
        </intellectualRights>
        <licensed>
            <licenseName>Creative Commons Zero v1.0 Universal</licenseName>
            <url>https://spdx.org/licenses/CC0-1.0.html</url>
            <identifier>CC0-1.0</identifier>
        </licensed>
        <distribution scope="document">
            <online>
                <url function="download">https://ngpherbaria.org/portal/content/dwca/BDI_DwC-A.zip</url>
            </online>
        </distribution>
        <contact>
            <organizationName>Putnam Museum and Science Center</organizationName>
            <electronicMailAddress>mr_sto@att.net</electronicMailAddress>
            <onlineUrl>http://www.putnam.org/</onlineUrl>
        </contact>

    </dataset>

    <additionalMetadata>
        <metadata>
            <gbif>
                <dateStamp>2024-11-04T13:41:05Z</dateStamp>
                <citation>Putnam Museum and Science Center Herbarium (2024). Putnam Museum and Science Center. Occurrence dataset https://doi.org/10.15468/zgqfxk accessed via GBIF.org on 2024-11-04.</citation>
            </gbif>
        </metadata>
    </additionalMetadata>
    </eml:eml>
