<?xml version="1.0" encoding="utf-8"?>
<eml:eml xmlns:eml="https://eml.ecoinformatics.org/eml-2.2.0" xmlns:xsi="http://www.w3.org/2001/XMLSchema-instance"
         xsi:schemaLocation="https://eml.ecoinformatics.org/eml-2.2.0 https://rs.gbif.org/schema/eml-gbif-profile/1.3/eml.xsd"
packageId="0c7a975e-9f63-4a0f-b8ce-e37f8f70e777"  system="http://gbif.org" scope="system"
xml:lang="en">
    <dataset>
        <alternateIdentifier>10.15468/zmt7jk</alternateIdentifier>
        <alternateIdentifier>https://intermountainbiota.org/portal/collections/misc/collprofiles.php?collid=442</alternateIdentifier>
        <alternateIdentifier>http://intermountainbiota.org/portal/collections/misc/collprofiles.php?collid=442</alternateIdentifier>
        <title>Weber State University Herbarium</title>
        <creator>
            <organizationName>Consortium of Intermountain Herbaria</organizationName>
            <electronicMailAddress>seinetAdmin@asu.edu</electronicMailAddress>
            <onlineUrl>https://intermountainbiota.org/portal/index.php</onlineUrl>
        </creator>
        <metadataProvider>
            <organizationName>Consortium of Intermountain Herbaria</organizationName>
            <electronicMailAddress>seinetAdmin@asu.edu</electronicMailAddress>
            <onlineUrl>https://intermountainbiota.org/portal/index.php</onlineUrl>
        </metadataProvider>
        <associatedParty>
            <individualName>
                <surName>Jim Cohen, Herbarium Curator</surName>
            </individualName>
            <electronicMailAddress>jamescohen@weber.edu</electronicMailAddress>
            <role>CONTENT_PROVIDER</role>
        </associatedParty>
        <associatedParty>
            <individualName>
                <givenName>General</givenName>
                <surName>Inquiries</surName>
            </individualName>
            <electronicMailAddress>herbarium@weber.edu</electronicMailAddress>
            <role>CONTENT_PROVIDER</role>
        </associatedParty>
        <pubDate>
                2024-11-01
        </pubDate>
        <language>ENGLISH</language>
        <abstract>
            <para>The collection is estimated to include 29,080 specimens of vascular and nonvascular specimens.</para>
        </abstract>
        <intellectualRights>
            <para>To the extent possible under law, the publisher has waived all rights to these data and has dedicated them to the <ulink url="http://creativecommons.org/publicdomain/zero/1.0/legalcode"><citetitle>Public Domain (CC0 1.0)</citetitle></ulink>. Users may copy, modify, distribute and use the work, including for commercial purposes, without restriction.</para>
        </intellectualRights>
        <licensed>
            <licenseName>Creative Commons Zero v1.0 Universal</licenseName>
            <url>https://spdx.org/licenses/CC0-1.0.html</url>
            <identifier>CC0-1.0</identifier>
        </licensed>
        <distribution scope="document">
            <online>
                <url function="download">https://intermountainbiota.org/portal/content/dwca/WeberStateUniversity-WSCO_DwC-A.zip</url>
            </online>
        </distribution>
        <contact>
            <organizationName>Weber State University Herbarium</organizationName>
            <phone>[1] (801) 626-6182.</phone>
            <electronicMailAddress>jamescohen@weber.edu</electronicMailAddress>
        </contact>

    </dataset>

    <additionalMetadata>
        <metadata>
            <gbif>
                <dateStamp>2024-11-04T13:27:00Z</dateStamp>
                <citation>Weber State University (2024). Weber State University Herbarium. Occurrence dataset https://doi.org/10.15468/zmt7jk accessed via GBIF.org on 2024-11-04.</citation>
            </gbif>
        </metadata>
    </additionalMetadata>
    </eml:eml>
