<?xml version="1.0" encoding="utf-8"?>
<eml:eml xmlns:eml="https://eml.ecoinformatics.org/eml-2.2.0" xmlns:xsi="http://www.w3.org/2001/XMLSchema-instance"
         xsi:schemaLocation="https://eml.ecoinformatics.org/eml-2.2.0 https://rs.gbif.org/schema/eml-gbif-profile/1.3/eml.xsd"
packageId="12b7c386-c9f3-4cd1-b6be-71122f2745c3"  system="http://gbif.org" scope="system"
xml:lang="en">
    <dataset>
        <alternateIdentifier>10.15468/dat897</alternateIdentifier>
        <alternateIdentifier>https://sernecportal.org/portal/collections/misc/collprofiles.php?collid=321</alternateIdentifier>
        <title>University of Central Arkansas Herbarium</title>
        <creator>
            <organizationName>SERNEC</organizationName>
            <electronicMailAddress>hbrown@mailbox.sc.edu</electronicMailAddress>
            <onlineUrl>https://sernecportal.org/portal/index.php</onlineUrl>
        </creator>
        <metadataProvider>
            <organizationName>SERNEC</organizationName>
            <electronicMailAddress>hbrown@mailbox.sc.edu</electronicMailAddress>
            <onlineUrl>https://sernecportal.org/portal/index.php</onlineUrl>
        </metadataProvider>
        <associatedParty>
            <individualName>
                <givenName>Rick</givenName>
                <surName>Noyes</surName>
            </individualName>
            <positionName>Curator</positionName>
            <electronicMailAddress>rnoyes@uca.edu</electronicMailAddress>
            <role>CONTENT_PROVIDER</role>
        </associatedParty>
        <associatedParty>
            <individualName>
                <givenName>Diana</givenName>
                <surName>Soteropoulos</surName>
            </individualName>
            <positionName>Arkansas Herbarium Digitization Coordinator</positionName>
            <electronicMailAddress>diana_soteropoulos@natureserve.org</electronicMailAddress>
            <userId directory="https://orcid.org/">0000-0002-4247-1375</userId>
            <role>CONTENT_PROVIDER</role>
        </associatedParty>
        <pubDate>
                2024-11-02
        </pubDate>
        <language>ENGLISH</language>
        <abstract>
            <para>UCAC comprises approximately 19000 specimens, concentrating on the flora of Arkansas with a majority of specimens from central Arkansas. Significant collectors include Donald E. Culwell, Jewel E. Moore, Brent Baker, Elizabeth M. Getz, Flora A. and George C. Haas, and Celia Ison.</para>
        </abstract>
        <intellectualRights>
            <para>To the extent possible under law, the publisher has waived all rights to these data and has dedicated them to the <ulink url="http://creativecommons.org/publicdomain/zero/1.0/legalcode"><citetitle>Public Domain (CC0 1.0)</citetitle></ulink>. Users may copy, modify, distribute and use the work, including for commercial purposes, without restriction.</para>
        </intellectualRights>
        <licensed>
            <licenseName>Creative Commons Zero v1.0 Universal</licenseName>
            <url>https://spdx.org/licenses/CC0-1.0.html</url>
            <identifier>CC0-1.0</identifier>
        </licensed>
        <distribution scope="document">
            <online>
                <url function="download">https://sernecportal.org/portal/content/dwca/UCAC_DwC-A.zip</url>
            </online>
        </distribution>
        <contact>
            <organizationName>University of Central Arkansas Herbarium</organizationName>
            <electronicMailAddress>rnoyes@uca.edu</electronicMailAddress>
            <onlineUrl>http://sweetgum.nybg.org/science/ih/herbarium_details.php?irn=126635</onlineUrl>
        </contact>

    </dataset>

    <additionalMetadata>
        <metadata>
            <gbif>
                <dateStamp>2024-11-04T13:26:46Z</dateStamp>
                <citation>University of Central Arkansas (2024). University of Central Arkansas Herbarium. Occurrence dataset https://doi.org/10.15468/dat897 accessed via GBIF.org on 2024-11-04.</citation>
            </gbif>
        </metadata>
    </additionalMetadata>
    </eml:eml>
