<?xml version="1.0" encoding="utf-8"?>
<eml:eml xmlns:eml="https://eml.ecoinformatics.org/eml-2.2.0" xmlns:xsi="http://www.w3.org/2001/XMLSchema-instance"
         xsi:schemaLocation="https://eml.ecoinformatics.org/eml-2.2.0 https://rs.gbif.org/schema/eml-gbif-profile/1.3/eml.xsd"
packageId="1a09688f-920a-44e8-b759-4cc71b4669c2"  system="http://gbif.org" scope="system"
xml:lang="en">
    <dataset>
        <alternateIdentifier>10.15468/87ejg7</alternateIdentifier>
        <alternateIdentifier>https://neherbaria.org/portal/collections/misc/collprofiles.php?collid=51</alternateIdentifier>
        <title>Herbarium SUNY Oswego</title>
        <creator>
            <organizationName>CNH Portal</organizationName>
            <electronicMailAddress>patrick.sweeney@yale.edu</electronicMailAddress>
            <onlineUrl>https://neherbaria.org/portal/index.php</onlineUrl>
        </creator>
        <metadataProvider>
            <organizationName>CNH Portal</organizationName>
            <electronicMailAddress>patrick.sweeney@yale.edu</electronicMailAddress>
            <onlineUrl>https://neherbaria.org/portal/index.php</onlineUrl>
        </metadataProvider>
        <associatedParty>
            <individualName>
                <surName>Andrew Nelson</surName>
            </individualName>
            <electronicMailAddress>andrew.nelson@oswego.edu</electronicMailAddress>
            <role>CONTENT_PROVIDER</role>
        </associatedParty>
        <associatedParty>
            <individualName>
                <givenName>Kamal</givenName>
                <surName>Mohamed</surName>
            </individualName>
            <electronicMailAddress>kamal.mohamed@oswego.edu</electronicMailAddress>
            <role>CONTENT_PROVIDER</role>
        </associatedParty>
        <associatedParty>
            <individualName>
                <givenName>Kristen</givenName>
                <surName>Haynes</surName>
            </individualName>
            <electronicMailAddress>kristen.haynes@oswego.edu</electronicMailAddress>
            <role>CONTENT_PROVIDER</role>
        </associatedParty>
        <pubDate>
                2024-11-01
        </pubDate>
        <language>ENGLISH</language>
        <abstract>
            <para>The Oswego Herbarium is comprised of approximately 40,000 specimens with global distribution, dating from the early 1800s through the present. The greatest coverage is from upstate New York and the Lake Ontario region. The collection includes primarily vascular plants with a small bryophyte collection.&amp;nbsp;A large portion of this collection is the orphaned Syracuse University Herbarium.
The OSW is in the process of being fully curated and digitized as part of NSF award #2204516.
&amp;nbsp;</para>
        </abstract>
        <intellectualRights>
            <para>This work is licensed under a <ulink url="http://creativecommons.org/licenses/by-nc/4.0/legalcode"><citetitle>Creative Commons Attribution Non Commercial (CC-BY-NC) 4.0 License</citetitle></ulink>.</para>
        </intellectualRights>
        <licensed>
            <licenseName>Creative Commons Attribution Non Commercial 4.0 International</licenseName>
            <url>https://spdx.org/licenses/CC-BY-NC-4.0.html</url>
            <identifier>CC-BY-NC-4.0</identifier>
        </licensed>
        <distribution scope="document">
            <online>
                <url function="download">https://neherbaria.org/portal/content/dwca/StateUniversityofNewYorkatOswego-OSW_DwC-A.zip</url>
            </online>
        </distribution>
        <contact>
            <organizationName>Herbarium SUNY Oswego</organizationName>
            <phone>[1] 315 312 6562</phone>
            <electronicMailAddress>andrew.nelson@oswego.edu</electronicMailAddress>
            <onlineUrl>https://ww1.oswego.edu/biological-sciences/herbarium</onlineUrl>
        </contact>

    </dataset>

    <additionalMetadata>
        <metadata>
            <gbif>
                <dateStamp>2024-11-04T13:26:50Z</dateStamp>
                <citation>Oswego Herbarium, SUNY Oswego (2024). Herbarium SUNY Oswego. Occurrence dataset https://doi.org/10.15468/87ejg7 accessed via GBIF.org on 2024-11-04.</citation>
            </gbif>
        </metadata>
    </additionalMetadata>
    </eml:eml>
