<?xml version="1.0" encoding="utf-8"?>
<eml:eml xmlns:eml="https://eml.ecoinformatics.org/eml-2.2.0" xmlns:xsi="http://www.w3.org/2001/XMLSchema-instance"
         xsi:schemaLocation="https://eml.ecoinformatics.org/eml-2.2.0 https://rs.gbif.org/schema/eml-gbif-profile/1.3/eml.xsd"
packageId="1edd3c3f-cfd7-4fd5-bfba-2c67737a17ba"  system="http://gbif.org" scope="system"
xml:lang="en">
    <dataset>
        <alternateIdentifier>10.15468/ok8qvz</alternateIdentifier>
        <alternateIdentifier>https://sernecportal.org/portal/collections/misc/collprofiles.php?collid=312</alternateIdentifier>
        <alternateIdentifier>http://sernecportal.org/portal/collections/misc/collprofiles.php?collid=312</alternateIdentifier>
        <title>University of Tennessee Vascular Herbarium</title>
        <creator>
            <organizationName>SERNEC</organizationName>
            <electronicMailAddress>hbrown@mailbox.sc.edu</electronicMailAddress>
            <onlineUrl>https://sernecportal.org/portal/index.php</onlineUrl>
        </creator>
        <metadataProvider>
            <organizationName>SERNEC</organizationName>
            <electronicMailAddress>hbrown@mailbox.sc.edu</electronicMailAddress>
            <onlineUrl>https://sernecportal.org/portal/index.php</onlineUrl>
        </metadataProvider>
        <associatedParty>
            <individualName>
                <givenName>Herbarium</givenName>
                <surName>Email</surName>
            </individualName>
            <electronicMailAddress>tennherbarium@utk.edu</electronicMailAddress>
            <role>CONTENT_PROVIDER</role>
        </associatedParty>
        <associatedParty>
            <individualName>
                <givenName>Dr. Jessica</givenName>
                <surName>Budke</surName>
            </individualName>
            <positionName>Herbarium Director</positionName>
            <electronicMailAddress>jbudke@utk.edu</electronicMailAddress>
            <role>CONTENT_PROVIDER</role>
        </associatedParty>
        <pubDate>
                2024-11-02
        </pubDate>
        <language>ENGLISH</language>
        <abstract>
            <para>The TENN vascular collection has a strong emphasis on widespread and/or temperate taxa. Even though the collection houses representative specimens of the world&amp;#39;s flora, it is unique in having the largest collection of specimens from the state of Tennessee, the historical collections documenting the flora of the Great Smoky Mountains National Park (a World Biosphere Reserve), and the large, general collection from throughout the southern Appalachians. Significant and representative collections are also present from the remainder of the U. S., including Alaska, Central and South America, and Afro-Eurasia. The pteridophyte collection is more cosmopolitan than the rest of the vascular plant collection due, in large part, to the collecting and exchange of A. M. Evans and A. J. Sharp.</para>
        </abstract>
        <intellectualRights>
            <para>To the extent possible under law, the publisher has waived all rights to these data and has dedicated them to the <ulink url="http://creativecommons.org/publicdomain/zero/1.0/legalcode"><citetitle>Public Domain (CC0 1.0)</citetitle></ulink>. Users may copy, modify, distribute and use the work, including for commercial purposes, without restriction.</para>
        </intellectualRights>
        <licensed>
            <licenseName>Creative Commons Zero v1.0 Universal</licenseName>
            <url>https://spdx.org/licenses/CC0-1.0.html</url>
            <identifier>CC0-1.0</identifier>
        </licensed>
        <distribution scope="document">
            <online>
                <url function="download">https://sernecportal.org/portal/content/dwca/TENN_DwC-A.zip</url>
            </online>
        </distribution>
        <contact>
            <organizationName>University of Tennessee Vascular Herbarium</organizationName>
            <phone>[1] 865 974 6213</phone>
            <electronicMailAddress>tennherbarium@utk.edu</electronicMailAddress>
            <onlineUrl>https://herbarium.utk.edu/vascular/index.php</onlineUrl>
        </contact>

    </dataset>

    <additionalMetadata>
        <metadata>
            <gbif>
                <dateStamp>2024-11-04T13:27:00Z</dateStamp>
                <citation>University of Tennessee Herbarium (2024). University of Tennessee Vascular Herbarium. Occurrence dataset https://doi.org/10.15468/ok8qvz accessed via GBIF.org on 2024-11-04.</citation>
            </gbif>
        </metadata>
    </additionalMetadata>
    </eml:eml>
