<?xml version="1.0" encoding="utf-8"?>
<eml:eml xmlns:eml="https://eml.ecoinformatics.org/eml-2.2.0" xmlns:xsi="http://www.w3.org/2001/XMLSchema-instance"
         xsi:schemaLocation="https://eml.ecoinformatics.org/eml-2.2.0 https://rs.gbif.org/schema/eml-gbif-profile/1.3/eml.xsd"
packageId="564a7780-2cd8-4f6f-8b41-468a2fc73c24"  system="http://gbif.org" scope="system"
xml:lang="en">
    <dataset>
        <alternateIdentifier>10.15468/eyj57h</alternateIdentifier>
        <alternateIdentifier>https://midwestherbaria.org/portal/collections/misc/collprofiles.php?collid=546</alternateIdentifier>
        <title>Oakland University Herbarium Collection</title>
        <creator>
            <organizationName>Consortium of Midwest Herbaria</organizationName>
            <electronicMailAddress>seinetAdmin@asu.edu</electronicMailAddress>
            <onlineUrl>https://midwestherbaria.org/portal/index.php</onlineUrl>
        </creator>
        <metadataProvider>
            <organizationName>Consortium of Midwest Herbaria</organizationName>
            <electronicMailAddress>seinetAdmin@asu.edu</electronicMailAddress>
            <onlineUrl>https://midwestherbaria.org/portal/index.php</onlineUrl>
        </metadataProvider>
        <associatedParty>
            <individualName>
                <givenName>Oakland University</givenName>
                <surName>Dept. Biological Sciences</surName>
            </individualName>
            <electronicMailAddress>bioresearch@oakland.edu</electronicMailAddress>
            <role>CONTENT_PROVIDER</role>
        </associatedParty>
        <pubDate>
                2024-11-01
        </pubDate>
        <language>ENGLISH</language>
        <abstract>
            <para>The Oakland University Herbarium collection contains approximately 2000 specimens, made up primarily of vascular plants. A large portion of the specimens in the collection came from an original donation by the Cranbrook Institute of Science to Oakland University, with many other specimens having been contributed by students. Collection dates range from the late 1800&amp;#39;s to present, and the geographic range is primarily focused in Lower Michigan with more sparse representation throughout Michigan and the Northeast US.</para>
        </abstract>
        <intellectualRights>
            <para>This work is licensed under a <ulink url="http://creativecommons.org/licenses/by-nc/4.0/legalcode"><citetitle>Creative Commons Attribution Non Commercial (CC-BY-NC) 4.0 License</citetitle></ulink>.</para>
        </intellectualRights>
        <licensed>
            <licenseName>Creative Commons Attribution Non Commercial 4.0 International</licenseName>
            <url>https://spdx.org/licenses/CC-BY-NC-4.0.html</url>
            <identifier>CC-BY-NC-4.0</identifier>
        </licensed>
        <distribution scope="document">
            <online>
                <url function="download">https://midwestherbaria.org/portal/content/dwca/OUHC_DwC-A.zip</url>
            </online>
        </distribution>
        <contact>
            <organizationName>Oakland University Herbarium Collection</organizationName>
            <electronicMailAddress>bioresearch@oakland.edu</electronicMailAddress>
        </contact>

    </dataset>

    <additionalMetadata>
        <metadata>
            <gbif>
                <dateStamp>2024-11-04T13:26:46Z</dateStamp>
                <citation>Oakland University Herbarium (2024). Oakland University Herbarium Collection. Occurrence dataset https://doi.org/10.15468/eyj57h accessed via GBIF.org on 2024-11-04.</citation>
            </gbif>
        </metadata>
    </additionalMetadata>
    </eml:eml>
