<?xml version="1.0" encoding="utf-8"?>
<eml:eml xmlns:eml="https://eml.ecoinformatics.org/eml-2.2.0" xmlns:xsi="http://www.w3.org/2001/XMLSchema-instance"
         xsi:schemaLocation="https://eml.ecoinformatics.org/eml-2.2.0 https://rs.gbif.org/schema/eml-gbif-profile/1.3/eml.xsd"
packageId="5766cfff-b03e-4d3e-961c-1e196c3d01e7"  system="http://gbif.org" scope="system"
xml:lang="en">
    <dataset>
        <alternateIdentifier>10.15468/taw892</alternateIdentifier>
        <alternateIdentifier>5766cfff-b03e-4d3e-961c-1e196c3d01e7</alternateIdentifier>
        <alternateIdentifier>https://ipt.pnwherbaria.org/resource?r=wwb</alternateIdentifier>
        <title>Pacific Northwest Herbarium (Western Washington University, Washington, USA)</title>
        <creator>
            <individualName>
                <givenName>Eric</givenName>
                <surName>Dechaine</surName>
            </individualName>
            <organizationName>Western Washington University</organizationName>
            <positionName>Curator</positionName>
            <address>
                <city>Bellingham</city>
                <administrativeArea>Washington</administrativeArea>
                <country>UNITED_STATES</country>
            </address>
            <electronicMailAddress>dechaie@wwu.edu</electronicMailAddress>
        </creator>
        <associatedParty>
            <individualName>
                <givenName>David</givenName>
                <surName>Giblin</surName>
            </individualName>
            <electronicMailAddress>dgiblin@uw.edu</electronicMailAddress>
            <role>USER</role>
        </associatedParty>
        <pubDate>
                2024-11-01
        </pubDate>
        <language>ENGLISH</language>
        <abstract>
            <para>Vascular plants.</para>
        </abstract>
        <keywordSet>
            <keyword>Occurrence</keyword>
            <keywordThesaurus>GBIF Dataset Type Vocabulary: http://rs.gbif.org/vocabulary/gbif/dataset_type_2015-07-10.xml</keywordThesaurus>
        </keywordSet>
        <keywordSet>
            <keyword>Specimen</keyword>
            <keywordThesaurus>GBIF Dataset Subtype Vocabulary: http://rs.gbif.org/vocabulary/gbif/dataset_subtype.xml</keywordThesaurus>
        </keywordSet>
        <intellectualRights>
            <para>This work is licensed under a <ulink url="http://creativecommons.org/licenses/by/4.0/legalcode"><citetitle>Creative Commons Attribution (CC-BY) 4.0 License</citetitle></ulink>.</para>
        </intellectualRights>
        <licensed>
            <licenseName>Creative Commons Attribution 4.0 International</licenseName>
            <url>https://spdx.org/licenses/CC-BY-4.0.html</url>
            <identifier>CC-BY-4.0</identifier>
        </licensed>
        <distribution scope="document">
            <online>
                <url function="download">https://ipt.pnwherbaria.org/archive.do?r=wwb</url>
            </online>
        </distribution>
        <maintenance>
            <description>
                <para></para>
            </description>
            <maintenanceUpdateFrequency>monthly</maintenanceUpdateFrequency>
        </maintenance>
        <contact>
            <individualName>
                <givenName>Eric</givenName>
                <surName>DeChaine</surName>
            </individualName>
            <organizationName>Western Washington University</organizationName>
            <positionName>Curator</positionName>
            <address>
                <city>Bellingham</city>
                <administrativeArea>Washington</administrativeArea>
                <country>UNITED_STATES</country>
            </address>
            <electronicMailAddress>dechaie@wwu.edu</electronicMailAddress>
        </contact>

    </dataset>

    <additionalMetadata>
        <metadata>
            <gbif>
                <dateStamp>2024-11-04T13:26:44Z</dateStamp>
                <citation>Dechaine E (2024). Pacific Northwest Herbarium (Western Washington University, Washington, USA). Version 1.19. Consortium of Pacific Northwest Herbaria. Occurrence dataset https://doi.org/10.15468/taw892 accessed via GBIF.org on 2024-11-04.</citation>
            </gbif>
        </metadata>
    </additionalMetadata>
    </eml:eml>
