<?xml version="1.0" encoding="utf-8"?>
<eml:eml xmlns:eml="https://eml.ecoinformatics.org/eml-2.2.0" xmlns:xsi="http://www.w3.org/2001/XMLSchema-instance"
         xsi:schemaLocation="https://eml.ecoinformatics.org/eml-2.2.0 https://rs.gbif.org/schema/eml-gbif-profile/1.3/eml.xsd"
packageId="5b5cf455-a448-4c0a-aecd-3e0956f27f10"  system="http://gbif.org" scope="system"
xml:lang="pt">
    <dataset>
        <alternateIdentifier>10.15468/wogetb</alternateIdentifier>
        <alternateIdentifier>5b5cf455-a448-4c0a-aecd-3e0956f27f10</alternateIdentifier>
        <alternateIdentifier>http://ipt1.cria.org.br/ipt/resource?r=alcb</alternateIdentifier>
        <title>ALCB - Herbário Alexandre Leal Costa</title>
        <creator>
            <individualName>
                <givenName>Nádia</givenName>
                <surName>Roque</surName>
            </individualName>
            <organizationName>Universidade Federal da Bahia UFBA</organizationName>
            <positionName>Curador</positionName>
            <address>
                <deliveryPoint>Universidade Federal da Bahia, Instituto de Biologia; Av. Barão de Jeremoabo s/n - Campus de Ondina; Telefone: (71) 3283-6590</deliveryPoint>
                <city>Salvador</city>
                <administrativeArea>Bahia</administrativeArea>
                <postalCode>40170-115</postalCode>
                <country>BRAZIL</country>
            </address>
            <phone>+55 71 3283-6529</phone>
            <electronicMailAddress>nadiaroque@gmail.com</electronicMailAddress>
            <onlineUrl>http://splink.cria.org.br/manager/detail?resource=ALCB</onlineUrl>
        </creator>
        <metadataProvider>
            <individualName>
                <givenName>Nádia</givenName>
                <surName>Roque</surName>
            </individualName>
            <organizationName>Universidade Federal da Bahia UFBA</organizationName>
            <positionName>Curador</positionName>
            <address>
                <deliveryPoint>Universidade Federal da Bahia, Instituto de Biologia; Av. Barão de Jeremoabo s/n - Campus de Ondina; Telefone: (71) 3283-6590</deliveryPoint>
                <city>Salvador</city>
                <administrativeArea>Bahia</administrativeArea>
                <postalCode>40170-115</postalCode>
                <country>BRAZIL</country>
            </address>
            <phone>+55 71 3283-6529</phone>
            <electronicMailAddress>nadiaroque@gmail.com</electronicMailAddress>
            <onlineUrl>http://splink.cria.org.br/manager/detail?resource=ALCB</onlineUrl>
        </metadataProvider>
        <associatedParty>
            <individualName>
                <surName>speciesLink Network</surName>
            </individualName>
            <organizationName>Centro de Referência em Informação Ambiental, CRIA</organizationName>
            <positionName>Network</positionName>
            <address>
                <deliveryPoint>Av. Dr. Romeu Tórtima, 388</deliveryPoint>
                <city>Campinas</city>
                <administrativeArea>São Paulo</administrativeArea>
                <postalCode>13084-791</postalCode>
                <country>BRAZIL</country>
            </address>
            <phone>+55 19 3288-0466</phone>
            <electronicMailAddress>splink@cria.org.br</electronicMailAddress>
            <onlineUrl>http://splink.cria.org.br</onlineUrl>
            <role>CUSTODIAN_STEWARD</role>
        </associatedParty>
        <pubDate>
                2024-09-24
        </pubDate>
        <language>PORTUGUESE</language>
        <abstract>
            O Herbário ALCB é um dos mais importantes do estado pois têm em seu acervo espécimes representantes de todos os ecossistemas brasileiros e coleções botânicas históricas, como as do Padre Caminhoá e Pierre Verger. Atualmente, o acervo consta de 109.700 exsicatas, entre as quais 87.603 são fanerógamas, 11.731 briófitas, sendo oito espécimes tipo oriundos da Floresta Atlântica da Bahia, 7.108 algas, 1.900 Pteridófitas (Lycophyta e Monilophyta), 555 fungos e 803 amostras de madeiras, grande parte referente aos diversos biomas da Bahia, e em menor número a outros estados do nordeste ou doações de outras regiões do Brasil. As classificações utilizadas para a organização do acervo levam em conta aquelas propostas por: Wynne (2011) para algas; Goffinet et al. (2008) para Bryophyta; Crandall-Stotler et al. (2009) para Marchantiophyta; Duff et al. (2007) para as Anthocerotophyta; Smith et al. (2004) para Pteridófitas e APG III (2009) para as Angiospermas.
        </abstract>
        <keywordSet>
            <keyword>Occurrence</keyword>
            <keywordThesaurus>GBIF Dataset Type Vocabulary: http://rs.gbif.org/vocabulary/gbif/dataset_type.xml</keywordThesaurus>
        </keywordSet>
        <keywordSet>
            <keyword>Specimen</keyword>
            <keywordThesaurus>GBIF Dataset Subtype Vocabulary: http://rs.gbif.org/vocabulary/gbif/dataset_subtype.xml</keywordThesaurus>
        </keywordSet>
        <keywordSet>
            <keyword>Occurrence</keyword>
            <keywordThesaurus>GBIF Dataset Type Vocabulary: http://rs.gbif.org/vocabulary/gbif/dataset_type_2015-07-10.xml</keywordThesaurus>
        </keywordSet>
        <intellectualRights>
            <para>This work is licensed under a <ulink url="http://creativecommons.org/licenses/by-nc/4.0/legalcode"><citetitle>Creative Commons Attribution Non Commercial (CC-BY-NC) 4.0 License</citetitle></ulink>.</para>
        </intellectualRights>
        <licensed>
            <licenseName>Creative Commons Attribution Non Commercial 4.0 International</licenseName>
            <url>https://spdx.org/licenses/CC-BY-NC-4.0.html</url>
            <identifier>CC-BY-NC-4.0</identifier>
        </licensed>
        <distribution scope="document">
            <online>
                <url function="information">http://splink.cria.org.br/manager/detail?resource=ALCB</url>
            </online>
        </distribution>
        <distribution scope="document">
            <online>
                <url function="download">http://ipt1.cria.org.br/ipt/archive.do?r=alcb</url>
            </online>
        </distribution>
        <coverage>
            <geographicCoverage>
                <geographicDescription>Predominantemente Brasil</geographicDescription>
                <boundingCoordinates>
                    <westBoundingCoordinate>-74</westBoundingCoordinate>
                    <eastBoundingCoordinate>-30</eastBoundingCoordinate>
                    <northBoundingCoordinate>5.27</northBoundingCoordinate>
                    <southBoundingCoordinate>-33.75</southBoundingCoordinate>
                </boundingCoordinates>
            </geographicCoverage>
            <taxonomicCoverage>
                <taxonomicClassification>
                    <taxonRankName>Kingdom</taxonRankName>
                    <taxonRankValue>Plantae</taxonRankValue>
                </taxonomicClassification>
            </taxonomicCoverage>
        </coverage>
        <maintenance>
            <description>
                <para></para>
            </description>
            <maintenanceUpdateFrequency>monthly</maintenanceUpdateFrequency>
        </maintenance>
        <contact>
            <individualName>
                <givenName>Nádia</givenName>
                <surName>Roque</surName>
            </individualName>
            <organizationName>Universidade Federal da Bahia UFBA</organizationName>
            <positionName>Curador</positionName>
            <address>
                <deliveryPoint>Universidade Federal da Bahia, Instituto de Biologia; Av. Barão de Jeremoabo s/n - Campus de Ondina; Telefone: (71) 3283-6590</deliveryPoint>
                <city>Salvador</city>
                <administrativeArea>Bahia</administrativeArea>
                <postalCode>40170-115</postalCode>
                <country>BRAZIL</country>
            </address>
            <phone>+55 71 3283-6529</phone>
            <electronicMailAddress>nadiaroque@gmail.com</electronicMailAddress>
            <onlineUrl>http://splink.cria.org.br/manager/detail?resource=ALCB</onlineUrl>
        </contact>
        <contact>
            <individualName>
                <givenName>José Marcos</givenName>
                <surName>de Castro Nunes</surName>
            </individualName>
            <organizationName>Universidade Federal da Bahia UFBA</organizationName>
            <positionName>Curador substituto</positionName>
            <address>
                <deliveryPoint>Universidade Federal da Bahia, Instituto de Biologia; Av. Barão de Jeremoabo s/n - Campus de Ondina; Telefone: (71) 3283-6590</deliveryPoint>
                <city>Salvador</city>
                <administrativeArea>Bahia</administrativeArea>
                <postalCode>40170-115</postalCode>
                <country>BRAZIL</country>
            </address>
            <phone>+55 71 3283-6598</phone>
            <electronicMailAddress>jmcnunes@ufba.br</electronicMailAddress>
            <onlineUrl>http://splink.cria.org.br/manager/detail?resource=ALCB</onlineUrl>
        </contact>

            <project >
                <title>INCT - Herbário Virtual da Flora e dos Fungos</title>
                <personnel>
                    <individualName>
                    <givenName>Leonor</givenName>
                    <surName>Costa Maia</surName>
                    </individualName>
                    <role>DISTRIBUTOR</role>
                </personnel>
                <abstract>
                    <para>O Instituto Nacional de Ciência e Tecnologia, INCT - Herbário Virtual da Flora e dos Fungos, financiado pelo Conselho Nacional de Desenvolvimento Científico e Tecnológico, CNPq, visa prover à sociedade, ao poder público e à comunidade científica infraestrutura de dados de acesso público e aberto integrando informações de acervos dos herbários do país e repatriando dados sobre coletas realizadas em solo brasileiro depositadas no exterior</para>
                </abstract>
                <funding>
                    <para>Conselho Nacional de Desenvolvimento Científico e Tecnológico, CNPq</para>
                </funding>
                <studyAreaDescription>
                    <descriptor name="generic" citableClassificationSystem="false">
                        <descriptorValue>Ocorrência de espécies de plantas e fungos no Brasil</descriptorValue>
                    </descriptor>
                </studyAreaDescription>
            </project>
    </dataset>

    <additionalMetadata>
        <metadata>
            <gbif>
                <dateStamp>2024-11-04T13:26:48Z</dateStamp>
                <citation identifier="  http://splink.cria.org.br/manager/detail?resource=ALCB">Roque N (2024). ALCB - Herbário Alexandre Leal Costa. Version 1.124. Universidade Federal da Bahia. Occurrence dataset https://doi.org/10.15468/wogetb accessed via GBIF.org on 2024-11-04.</citation>
                <resourceLogoUrl>http://ipt1.cria.org.br/ipt/logo.do?r=alcb</resourceLogoUrl>
            </gbif>
        </metadata>
    </additionalMetadata>
    </eml:eml>
