<?xml version="1.0" encoding="utf-8"?>
<eml:eml xmlns:eml="https://eml.ecoinformatics.org/eml-2.2.0" xmlns:xsi="http://www.w3.org/2001/XMLSchema-instance"
         xsi:schemaLocation="https://eml.ecoinformatics.org/eml-2.2.0 https://rs.gbif.org/schema/eml-gbif-profile/1.3/eml.xsd"
packageId="61a9ca38-b62f-11e2-afcb-00145eb45e9a"  system="http://gbif.org" scope="system"
xml:lang="en">
    <dataset>
        <alternateIdentifier>10.15468/0bhhip</alternateIdentifier>
        <alternateIdentifier>http://smnk.diversityworkbench.de/Projects_smnk/614</alternateIdentifier>
        <alternateIdentifier>14940</alternateIdentifier>
        <title>Fungus Collections at Staatliches Museum für Naturkunde Karlsruhe (Herbarium KR)</title>
        <creator>
            <individualName>
                <surName>Markus Scholler</surName>
            </individualName>
            <electronicMailAddress>scholler@naturkundeka-bw.de</electronicMailAddress>
        </creator>
        <associatedParty>
            <individualName>
                <surName>Staatliche Naturwissenschaftliche Sammlungen Bayerns – SNSB IT Center, München</surName>
            </individualName>
            <electronicMailAddress>it-center@snsb.de</electronicMailAddress>
            <role>TECHNICAL_POINT_OF_CONTACT</role>
        </associatedParty>
        <language>en</language>
        <abstract>
            http://www.smnk.de/en/collections/botany/fungi/
        </abstract>
        <intellectualRights>
            <para>This work is licensed under a <ulink url="http://creativecommons.org/licenses/by/4.0/legalcode"><citetitle>Creative Commons Attribution (CC-BY) 4.0 License</citetitle></ulink>.</para>
        </intellectualRights>
        <licensed>
            <licenseName>Creative Commons Attribution 4.0 International</licenseName>
            <url>https://spdx.org/licenses/CC-BY-4.0.html</url>
            <identifier>CC-BY-4.0</identifier>
        </licensed>
        <distribution scope="document">
            <online>
                <url function="information">http://www.smnk.de/en/collections/botany/fungi/</url>
            </online>
        </distribution>
        <contact>
            <individualName>
                <surName>Markus Scholler</surName>
            </individualName>
            <electronicMailAddress>scholler@naturkundeka-bw.de</electronicMailAddress>
        </contact>

    </dataset>

    <additionalMetadata>
        <metadata>
            <gbif>
                <dateStamp>2024-11-04T13:26:53Z</dateStamp>
                <citation>Staatliche Naturwissenschaftliche Sammlungen Bayerns. Fungus Collections at Staatliches Museum für Naturkunde Karlsruhe (Herbarium KR). Occurrence dataset https://doi.org/10.15468/0bhhip accessed via GBIF.org on 2024-11-04.</citation>
                <resourceLogoUrl>http://www.snsb.info/DatabaseClients/SMNKspidercoll/Pictures/SMNKmitSchrift.gif</resourceLogoUrl>
            </gbif>
        </metadata>
    </additionalMetadata>
    </eml:eml>
