<?xml version="1.0" encoding="utf-8"?>
<eml:eml xmlns:eml="https://eml.ecoinformatics.org/eml-2.2.0" xmlns:xsi="http://www.w3.org/2001/XMLSchema-instance"
         xsi:schemaLocation="https://eml.ecoinformatics.org/eml-2.2.0 https://rs.gbif.org/schema/eml-gbif-profile/1.3/eml.xsd"
packageId="61ae6670-5a7d-414f-84f7-77211ac7ad46"  system="http://gbif.org" scope="system"
xml:lang="en">
    <dataset>
        <alternateIdentifier>10.15468/bwqz3a</alternateIdentifier>
        <alternateIdentifier>https://sernecportal.org/portal/collections/misc/collprofiles.php?collid=362</alternateIdentifier>
        <title>East Tennessee State University, John C. Warden Herbarium</title>
        <creator>
            <organizationName>SERNEC</organizationName>
            <electronicMailAddress>hbrown@mailbox.sc.edu</electronicMailAddress>
            <onlineUrl>https://sernecportal.org/portal/index.php</onlineUrl>
        </creator>
        <metadataProvider>
            <organizationName>SERNEC</organizationName>
            <electronicMailAddress>hbrown@mailbox.sc.edu</electronicMailAddress>
            <onlineUrl>https://sernecportal.org/portal/index.php</onlineUrl>
        </metadataProvider>
        <associatedParty>
            <individualName>
                <givenName>Tim</givenName>
                <surName>McDowell</surName>
            </individualName>
            <positionName>ETSU Curator, retired</positionName>
            <electronicMailAddress>MCDOWELT@mail.etsu.edu</electronicMailAddress>
            <role>CONTENT_PROVIDER</role>
        </associatedParty>
        <associatedParty>
            <individualName>
                <givenName>Margaret</givenName>
                <surName>Oliver</surName>
            </individualName>
            <positionName>Collections Manager</positionName>
            <electronicMailAddress>molive18@utk.edu</electronicMailAddress>
            <role>CONTENT_PROVIDER</role>
        </associatedParty>
        <associatedParty>
            <individualName>
                <givenName>Jessica</givenName>
                <surName>Budke</surName>
            </individualName>
            <positionName>Herbarium Director</positionName>
            <electronicMailAddress>jbudke@utk.edu</electronicMailAddress>
            <role>CONTENT_PROVIDER</role>
        </associatedParty>
        <pubDate>
                2024-11-02
        </pubDate>
        <language>ENGLISH</language>
        <abstract>
            <para>Permanently closed and transferred to the University of Tennessee - Knoxville Herbarium (TENN) in April 2024.</para>
        </abstract>
        <intellectualRights>
            <para>To the extent possible under law, the publisher has waived all rights to these data and has dedicated them to the <ulink url="http://creativecommons.org/publicdomain/zero/1.0/legalcode"><citetitle>Public Domain (CC0 1.0)</citetitle></ulink>. Users may copy, modify, distribute and use the work, including for commercial purposes, without restriction.</para>
        </intellectualRights>
        <licensed>
            <licenseName>Creative Commons Zero v1.0 Universal</licenseName>
            <url>https://spdx.org/licenses/CC0-1.0.html</url>
            <identifier>CC0-1.0</identifier>
        </licensed>
        <distribution scope="document">
            <online>
                <url function="download">https://sernecportal.org/portal/content/dwca/ETSU_DwC-A.zip</url>
            </online>
        </distribution>
        <contact>
            <organizationName>East Tennessee State University, John C. Warden Herbarium</organizationName>
            <phone>[1] 865 974 6213</phone>
            <electronicMailAddress>MCDOWELT@mail.etsu.edu</electronicMailAddress>
            <onlineUrl>https://herbarium.utk.edu/</onlineUrl>
        </contact>

    </dataset>

    <additionalMetadata>
        <metadata>
            <gbif>
                <dateStamp>2024-11-04T13:26:54Z</dateStamp>
                <citation>University of Tennessee Herbarium (2024). East Tennessee State University, John C. Warden Herbarium. Occurrence dataset https://doi.org/10.15468/bwqz3a accessed via GBIF.org on 2024-11-04.</citation>
            </gbif>
        </metadata>
    </additionalMetadata>
    </eml:eml>
