<?xml version="1.0" encoding="utf-8"?>
<eml:eml xmlns:eml="https://eml.ecoinformatics.org/eml-2.2.0" xmlns:xsi="http://www.w3.org/2001/XMLSchema-instance"
         xsi:schemaLocation="https://eml.ecoinformatics.org/eml-2.2.0 https://rs.gbif.org/schema/eml-gbif-profile/1.3/eml.xsd"
packageId="821cc27a-e3bb-4bc5-ac34-89ada245069d"  system="http://gbif.org" scope="system"
xml:lang="en">
    <dataset>
        <alternateIdentifier>10.15468/hnhrg3</alternateIdentifier>
        <alternateIdentifier>https://collections.nmnh.si.edu/ipt/resource?r=nmnh_extant_dwc-a</alternateIdentifier>
        <alternateIdentifier>821cc27a-e3bb-4bc5-ac34-89ada245069d</alternateIdentifier>
        <alternateIdentifier>http://collections.nmnh.si.edu/ipt/resource?r=nmnh_extant_dwc-a</alternateIdentifier>
        <title>NMNH Extant Specimen Records (USNM, US)</title>
        <creator>
            <individualName>
                <givenName>Thomas</givenName>
                <surName>Orrell</surName>
            </individualName>
            <organizationName>National Museum of Natural History, Smithsonian Institution</organizationName>
            <positionName>Deputy Director, Research Informatics Program</positionName>
            <address>
                <deliveryPoint>P.O. Box 37012, MRC 136</deliveryPoint>
                <city>Washington</city>
                <administrativeArea>DC</administrativeArea>
                <postalCode>20013-7012</postalCode>
                <country>UNITED_STATES</country>
            </address>
            <phone>202-633-2151</phone>
            <electronicMailAddress>orrellt@si.edu</electronicMailAddress>
            <onlineUrl>http://collections.nmnh.si.edu</onlineUrl>
            <userId directory="https://orcid.org/">0000-0003-1038-3028</userId>
        </creator>
        <creator>
            <individualName>
                <surName>Informatics and Data Science Center - Digital Stewardship</surName>
            </individualName>
            <organizationName>National Museum of Natural History, Smithsonian Institution</organizationName>
            <positionName>IPT Administrator</positionName>
            <address>
                <deliveryPoint>P.O. Box 37012, MRC 136</deliveryPoint>
                <city>Washington</city>
                <administrativeArea>DC</administrativeArea>
                <postalCode>20013-7012</postalCode>
                <country>UNITED_STATES</country>
            </address>
            <phone>202-633-0850</phone>
            <electronicMailAddress>informaticshelp@si.edu</electronicMailAddress>
            <onlineUrl>http://collections.nmnh.si.edu</onlineUrl>
        </creator>
        <metadataProvider>
            <individualName>
                <givenName>Thomas</givenName>
                <surName>Orrell</surName>
            </individualName>
            <organizationName>National Museum of Natural History, Smithsonian Institution</organizationName>
            <positionName>Deputy Director, Research Informatics Program</positionName>
            <address>
                <deliveryPoint>P.O. Box 37012, MRC 136</deliveryPoint>
                <city>Washington</city>
                <administrativeArea>DC</administrativeArea>
                <postalCode>20013-7012</postalCode>
                <country>UNITED_STATES</country>
            </address>
            <phone>202-633-2151</phone>
            <electronicMailAddress>orrellt@si.edu</electronicMailAddress>
            <onlineUrl>http://collections.nmnh.si.edu</onlineUrl>
            <userId directory="https://orcid.org/">0000-0003-1038-3028</userId>
        </metadataProvider>
        <metadataProvider>
            <individualName>
                <surName>Informatics and Data Science Center - Digital Stewardship</surName>
            </individualName>
            <organizationName>National Museum of Natural History, Smithsonian Institution</organizationName>
            <positionName>IPT Administrator</positionName>
            <address>
                <deliveryPoint>P.O. Box 37012, MRC 136</deliveryPoint>
                <city>Washington</city>
                <administrativeArea>DC</administrativeArea>
                <postalCode>20013-7012</postalCode>
                <country>UNITED_STATES</country>
            </address>
            <phone>202-633-0850</phone>
            <electronicMailAddress>informaticshelp@si.edu</electronicMailAddress>
            <onlineUrl>http://collections.nmnh.si.edu</onlineUrl>
        </metadataProvider>
        <associatedParty>
            <individualName>
                <givenName>Chris</givenName>
                <surName>Tuccinardi</surName>
            </individualName>
            <organizationName>Department of Botany, NMNH, Smithsonian Institution</organizationName>
            <positionName>Information Management</positionName>
            <address>
                <deliveryPoint>P.O. Box 37012, MRC 166</deliveryPoint>
                <city>Washington</city>
                <administrativeArea>DC</administrativeArea>
                <postalCode>20013-7012</postalCode>
                <country>UNITED_STATES</country>
            </address>
            <phone>202-633-0900</phone>
            <electronicMailAddress>tuccinar@si.edu</electronicMailAddress>
            <onlineUrl>http://collections.nmnh.si.edu/search/botany/</onlineUrl>
            <role>POINT_OF_CONTACT</role>
        </associatedParty>
        <associatedParty>
            <individualName>
                <givenName>Karen</givenName>
                <surName>Reed</surName>
            </individualName>
            <organizationName>Department of Invertebrate Zoology, NMNH, Smithsonian Institution</organizationName>
            <positionName>Data Manager</positionName>
            <address>
                <deliveryPoint>Museum Support Center, MRC 534, 4210 Silver Hill Road</deliveryPoint>
                <city>Suitland</city>
                <administrativeArea>MD</administrativeArea>
                <postalCode>20746</postalCode>
                <country>UNITED_STATES</country>
            </address>
            <phone>301-238-1763</phone>
            <electronicMailAddress>reedk@si.edu</electronicMailAddress>
            <onlineUrl>http://collections.nmnh.si.edu/search/iz/</onlineUrl>
            <role>POINT_OF_CONTACT</role>
        </associatedParty>
        <associatedParty>
            <individualName>
                <givenName>Jessica</givenName>
                <surName>Bird</surName>
            </individualName>
            <organizationName>Department of Entomology, NMNH, Smithsonian Institution</organizationName>
            <positionName>Collections Information Manager</positionName>
            <address>
                <deliveryPoint>P.O. Box 37012, MRC 165</deliveryPoint>
                <city>Washington</city>
                <administrativeArea>DC</administrativeArea>
                <postalCode>20013-7012</postalCode>
                <country>UNITED_STATES</country>
            </address>
            <phone>502-599-3157</phone>
            <electronicMailAddress>birdj@si.edu</electronicMailAddress>
            <onlineUrl>http://collections.nmnh.si.edu/search/ento/</onlineUrl>
            <role>POINT_OF_CONTACT</role>
        </associatedParty>
        <associatedParty>
            <individualName>
                <givenName>Diane</givenName>
                <surName>Pitassy</surName>
            </individualName>
            <organizationName>Division of Fishes, NMNH, Smithsonian Institution</organizationName>
            <positionName>Acting Collection Manager/Data Manager</positionName>
            <address>
                <deliveryPoint>Museum Support Center, MRC 534, 4210 Silver Hill Road</deliveryPoint>
                <city>Suitland</city>
                <administrativeArea>MD</administrativeArea>
                <postalCode>20746</postalCode>
                <country>UNITED_STATES</country>
            </address>
            <phone>301-238-1732</phone>
            <electronicMailAddress>pitassyd@si.edu</electronicMailAddress>
            <onlineUrl>http://collections.nmnh.si.edu/search/fishes/</onlineUrl>
            <role>POINT_OF_CONTACT</role>
        </associatedParty>
        <associatedParty>
            <individualName>
                <surName>Collection Managers</surName>
            </individualName>
            <organizationName>Division of Amphibians and Reptiles, NMNH, Smithsonian Institution</organizationName>
            <positionName>Collection Managers</positionName>
            <address>
                <deliveryPoint>Museum Support Center, MRC 534, 4210 Silver Hill Road</deliveryPoint>
                <city>Suitland</city>
                <administrativeArea>MD</administrativeArea>
                <postalCode>20746</postalCode>
                <country>UNITED_STATES</country>
            </address>
            <electronicMailAddress>NMNH-HerpsCM@si.edu</electronicMailAddress>
            <onlineUrl>http://collections.nmnh.si.edu/search/herps/</onlineUrl>
            <role>POINT_OF_CONTACT</role>
        </associatedParty>
        <associatedParty>
            <individualName>
                <givenName>Brian</givenName>
                <surName>Schmidt</surName>
            </individualName>
            <organizationName>Division of Birds, NMNH, Smithsonian Institution</organizationName>
            <positionName>Data Manager</positionName>
            <address>
                <deliveryPoint>P.O. Box 37012, MRC 116</deliveryPoint>
                <city>Washington</city>
                <administrativeArea>DC</administrativeArea>
                <postalCode>20013-7012</postalCode>
                <country>UNITED_STATES</country>
            </address>
            <phone>202-633-0796</phone>
            <electronicMailAddress>schmidtb@si.edu</electronicMailAddress>
            <onlineUrl>http://collections.nmnh.si.edu/search/birds/</onlineUrl>
            <role>POINT_OF_CONTACT</role>
        </associatedParty>
        <associatedParty>
            <individualName>
                <givenName>Ingrid</givenName>
                <surName>Rochon</surName>
            </individualName>
            <organizationName>Division of Mammals, NMNH, Smithsonian Institution</organizationName>
            <positionName>Scientific Data Manager</positionName>
            <address>
                <deliveryPoint>P.O. Box 37012, MRC 108</deliveryPoint>
                <city>Washington</city>
                <administrativeArea>DC</administrativeArea>
                <postalCode>20013-7012</postalCode>
                <country>UNITED_STATES</country>
            </address>
            <phone>202-633-1247</phone>
            <electronicMailAddress>rochoni@si.edu</electronicMailAddress>
            <onlineUrl>http://collections.mnh.si.edu/search/mammals/</onlineUrl>
            <role>POINT_OF_CONTACT</role>
        </associatedParty>
        <pubDate>
                2024-11-02
        </pubDate>
        <language>ENGLISH</language>
        <abstract>
            <para>Public records of accessioned specimens and observations curated by the National Museum of Natural History, Smithsonian Institution. These data are from the Departments of Botany, Entomology, Invertebrate Zoology and Vertebrate Zoology (Amphibians &amp; Reptiles, Birds, Fishes, and Mammals) and include more than 270,000 primary type specimen records.</para>
        </abstract>
        <keywordSet>
            <keyword>Occurrence</keyword>
            <keywordThesaurus>GBIF Dataset Type Vocabulary: http://rs.gbif.org/vocabulary/gbif/dataset_type.xml</keywordThesaurus>
        </keywordSet>
        <keywordSet>
            <keyword>Specimen</keyword>
            <keywordThesaurus>GBIF Dataset Subtype Vocabulary: http://rs.gbif.org/vocabulary/gbif/dataset_subtype.xml</keywordThesaurus>
        </keywordSet>
        <keywordSet>
            <keyword>Occurrence</keyword>
            <keywordThesaurus>GBIF Dataset Type Vocabulary: http://rs.gbif.org/vocabulary/gbif/dataset_type_2015-07-10.xml</keywordThesaurus>
        </keywordSet>
        <additionalInfo>
            <para>While every effort is made to provide accurate information, use of these databases is entirely at your own risk. The National Museum of Natural History makes no warranty, either express or implied, regarding the completeness, accuracy, or currency of the information in the databases or its suitability for any particular purpose. Where the use of this data is critical to scientific investigation, scholarly publication, or policy decisions, the user is responsible for verifying identities and provenance against specimens and other primary data sources.</para>
        </additionalInfo>
        <intellectualRights>
            <para>To the extent possible under law, the publisher has waived all rights to these data and has dedicated them to the <ulink url="http://creativecommons.org/publicdomain/zero/1.0/legalcode"><citetitle>Public Domain (CC0 1.0)</citetitle></ulink>. Users may copy, modify, distribute and use the work, including for commercial purposes, without restriction.</para>
        </intellectualRights>
        <licensed>
            <licenseName>Creative Commons Zero v1.0 Universal</licenseName>
            <url>https://spdx.org/licenses/CC0-1.0.html</url>
            <identifier>CC0-1.0</identifier>
        </licensed>
        <distribution scope="document">
            <online>
                <url function="information">http://collections.nmnh.si.edu</url>
            </online>
        </distribution>
        <distribution scope="document">
            <online>
                <url function="download">https://collections.nmnh.si.edu/ipt/archive.do?r=nmnh_extant_dwc-a</url>
            </online>
        </distribution>
        <coverage>
            <geographicCoverage>
                <geographicDescription>Global collections, National Museum of Natural History (USNM), Smithsonian Institution</geographicDescription>
                <boundingCoordinates>
                    <westBoundingCoordinate>-180</westBoundingCoordinate>
                    <eastBoundingCoordinate>180</eastBoundingCoordinate>
                    <northBoundingCoordinate>90</northBoundingCoordinate>
                    <southBoundingCoordinate>-90</southBoundingCoordinate>
                </boundingCoordinates>
            </geographicCoverage>
            <taxonomicCoverage>
                <taxonomicClassification>
                    <taxonRankName>Kingdom</taxonRankName>
                    <taxonRankValue>Animalia</taxonRankValue>
                    <commonName>Animals</commonName>
                </taxonomicClassification>
                <taxonomicClassification>
                    <taxonRankName>Kingdom</taxonRankName>
                    <taxonRankValue>Plantae</taxonRankValue>
                    <commonName>Plants</commonName>
                </taxonomicClassification>
                <taxonomicClassification>
                    <taxonRankName>Kingdom</taxonRankName>
                    <taxonRankValue>Fungi</taxonRankValue>
                    <commonName>Fungi</commonName>
                </taxonomicClassification>
                <taxonomicClassification>
                    <taxonRankName>Kingdom</taxonRankName>
                    <taxonRankValue>Protista</taxonRankValue>
                    <commonName>Protists</commonName>
                </taxonomicClassification>
                <taxonomicClassification>
                    <taxonRankName>Domain</taxonRankName>
                    <taxonRankValue>Bacteria</taxonRankValue>
                    <commonName>Bacteria</commonName>
                </taxonomicClassification>
            </taxonomicCoverage>
        </coverage>
        <maintenance>
            <description>
                <para></para>
            </description>
            <maintenanceUpdateFrequency>monthly</maintenanceUpdateFrequency>
        </maintenance>
        <contact>
            <individualName>
                <givenName>Thomas</givenName>
                <surName>Orrell</surName>
            </individualName>
            <organizationName>National Museum of Natural History, Smithsonian Institution</organizationName>
            <positionName>Deputy Director, Research Informatics Program</positionName>
            <address>
                <deliveryPoint>P.O. Box 37012, MRC 136</deliveryPoint>
                <city>Washington</city>
                <administrativeArea>DC</administrativeArea>
                <postalCode>20013-7012</postalCode>
                <country>UNITED_STATES</country>
            </address>
            <phone>202-633-2151</phone>
            <electronicMailAddress>orrellt@si.edu</electronicMailAddress>
            <onlineUrl>http://collections.nmnh.si.edu</onlineUrl>
            <userId directory="https://orcid.org/">0000-0003-1038-3028</userId>
        </contact>
        <contact>
            <individualName>
                <surName>Informatics and Data Science Center - Digital Stewardship</surName>
            </individualName>
            <organizationName>National Museum of Natural History, Smithsonian Institution</organizationName>
            <positionName>IPT Administrator</positionName>
            <address>
                <deliveryPoint>P.O. Box 37012, MRC 136</deliveryPoint>
                <city>Washington</city>
                <administrativeArea>DC</administrativeArea>
                <postalCode>20013-7012</postalCode>
                <country>UNITED_STATES</country>
            </address>
            <phone>202-633-0850</phone>
            <electronicMailAddress>informaticshelp@si.edu</electronicMailAddress>
            <onlineUrl>http://collections.nmnh.si.edu</onlineUrl>
        </contact>

    </dataset>

    <additionalMetadata>
        <metadata>
            <gbif>
                <dateStamp>2024-11-04T13:26:46Z</dateStamp>
                <citation>Orrell T, Informatics and Data Science Center - Digital Stewardship (2024). NMNH Extant Specimen Records (USNM, US). Version 1.88. National Museum of Natural History, Smithsonian Institution. Occurrence dataset https://doi.org/10.15468/hnhrg3 accessed via GBIF.org on 2024-11-04.</citation>
                <resourceLogoUrl>http://collections.nmnh.si.edu/ipt/logo.do?r=nmnh_extant_dwc-a</resourceLogoUrl>
                <collection>
                    <parentCollectionIdentifier>http://grbio.org/cool/142r-0w94</parentCollectionIdentifier>
                    <collectionIdentifier>http://grbio.org/cool/i75d-97nn</collectionIdentifier>
                    <collectionName>Botany</collectionName>
                </collection>
                <collection>
                    <parentCollectionIdentifier>http://grbio.org/cool/142r-0w94</parentCollectionIdentifier>
                    <collectionIdentifier>http://grbio.org/cool/abck-1zsq</collectionIdentifier>
                    <collectionName>Invertebrate Zoology</collectionName>
                </collection>
                <collection>
                    <parentCollectionIdentifier>http://grbio.org/cool/142r-0w94</parentCollectionIdentifier>
                    <collectionIdentifier>http://grbio.org/cool/1wcv-afpg</collectionIdentifier>
                    <collectionName>Entomology</collectionName>
                </collection>
                <collection>
                    <parentCollectionIdentifier>http://grbio.org/cool/142r-0w94</parentCollectionIdentifier>
                    <collectionIdentifier>http://grbio.org/cool/8vm7-e9x1</collectionIdentifier>
                    <collectionName>Amphibians and Reptiles</collectionName>
                </collection>
                <collection>
                    <parentCollectionIdentifier>http://grbio.org/cool/142r-0w94</parentCollectionIdentifier>
                    <collectionIdentifier>http://grbio.org/cool/e49n-75xd</collectionIdentifier>
                    <collectionName>Birds</collectionName>
                </collection>
                <collection>
                    <parentCollectionIdentifier>http://grbio.org/cool/142r-0w94</parentCollectionIdentifier>
                    <collectionIdentifier>http://grbio.org/cool/22s5-q4hk</collectionIdentifier>
                    <collectionName>Fishes</collectionName>
                </collection>
                <collection>
                    <parentCollectionIdentifier>http://grbio.org/cool/142r-0w94</parentCollectionIdentifier>
                    <collectionIdentifier>http://grbio.org/cool/cy7i-ptxq</collectionIdentifier>
                    <collectionName>Mammals</collectionName>
                </collection>
                <formationPeriod>19th Century - current</formationPeriod>
            </gbif>
        </metadata>
    </additionalMetadata>
    </eml:eml>
