<?xml version="1.0" encoding="utf-8"?>
<eml:eml xmlns:eml="https://eml.ecoinformatics.org/eml-2.2.0" xmlns:xsi="http://www.w3.org/2001/XMLSchema-instance"
         xsi:schemaLocation="https://eml.ecoinformatics.org/eml-2.2.0 https://rs.gbif.org/schema/eml-gbif-profile/1.3/eml.xsd"
packageId="99e6b736-3119-4081-9467-a9c8a4a7a01b"  system="http://gbif.org" scope="system"
xml:lang="en">
    <dataset>
        <alternateIdentifier>10.36102/dwc.12</alternateIdentifier>
        <alternateIdentifier>10.15468/a8enup</alternateIdentifier>
        <alternateIdentifier>99e6b736-3119-4081-9467-a9c8a4a7a01b</alternateIdentifier>
        <alternateIdentifier>http://ipt.vertnet.org:8080/ipt/resource?r=ncsm-herb</alternateIdentifier>
        <title>NCSM Herbarium Collection</title>
        <creator>
            <individualName>
                <givenName>Ben</givenName>
                <surName>Norton</surName>
            </individualName>
            <organizationName>North Carolina Museum of Natural Sciences</organizationName>
            <positionName>Head of Technology</positionName>
            <address>
                <deliveryPoint>11 West Jones Street</deliveryPoint>
                <city>Raleigh</city>
                <administrativeArea>NC</administrativeArea>
                <postalCode>27601</postalCode>
                <country>UNITED_STATES</country>
            </address>
            <phone>9197079947</phone>
            <electronicMailAddress>ben.norton@naturalsciences.org</electronicMailAddress>
            <onlineUrl>https://naturalsciences.org/staff/ben-norton</onlineUrl>
            <userId directory="http://orcid.org/">0000-0002-5819-9134</userId>
        </creator>
        <creator>
            <individualName>
                <givenName>Cynthia</givenName>
                <surName>Lincoln</surName>
            </individualName>
            <organizationName>North Carolina Museum of Natural Sciences</organizationName>
            <positionName>Manager of the Naturalist Center</positionName>
            <address>
                <deliveryPoint>11 West Jones Street</deliveryPoint>
                <city>Raleigh</city>
                <administrativeArea>NC</administrativeArea>
                <postalCode>27601</postalCode>
                <country>UNITED_STATES</country>
            </address>
            <phone>919.707.9269</phone>
            <electronicMailAddress>cynthia.lincoln@naturalsciences.org</electronicMailAddress>
        </creator>
        <creator>
            <individualName>
                <givenName>Gregory</givenName>
                <surName>Skupien</surName>
            </individualName>
            <organizationName>North Carolina Museum of Natural Sciences</organizationName>
            <positionName>Curator of the Naturalist Center</positionName>
            <address>
                <deliveryPoint>11 West Jones Street</deliveryPoint>
                <city>Raleigh</city>
                <administrativeArea>NC</administrativeArea>
                <postalCode>27601</postalCode>
                <country>UNITED_STATES</country>
            </address>
            <phone>919.707.9270</phone>
            <electronicMailAddress>gregory.skupien@naturalsciences.org</electronicMailAddress>
            <onlineUrl>https://naturalsciences.org/staff/greg-skupien</onlineUrl>
        </creator>
        <metadataProvider>
            <individualName>
                <givenName>Ben</givenName>
                <surName>Norton</surName>
            </individualName>
            <organizationName>North Carolina Museum of Natural Sciences</organizationName>
            <positionName>Head of Technology</positionName>
            <address>
                <deliveryPoint>11 West Jones Street</deliveryPoint>
                <city>Raleigh</city>
                <administrativeArea>NC</administrativeArea>
                <postalCode>27601</postalCode>
                <country>UNITED_STATES</country>
            </address>
            <electronicMailAddress>ben.norton@naturalsciences.org</electronicMailAddress>
            <onlineUrl>https://naturalsciences.org/staff/ben-norton</onlineUrl>
            <userId directory="http://orcid.org/">0000-0002-5819-9134</userId>
        </metadataProvider>
        <associatedParty>
            <individualName>
                <givenName>Cynthia</givenName>
                <surName>Lincoln</surName>
            </individualName>
            <organizationName>North Carolina Museum of Natural Sciences</organizationName>
            <positionName>Coordinator, Naturalist Center</positionName>
            <address>
                <deliveryPoint>11 West Jones Street</deliveryPoint>
                <city>Raleigh</city>
                <administrativeArea>NC</administrativeArea>
                <postalCode>27601</postalCode>
                <country>UNITED_STATES</country>
            </address>
            <electronicMailAddress>cynthia.lincoln@naturalsciences.org</electronicMailAddress>
            <role>CURATOR</role>
        </associatedParty>
        <associatedParty>
            <individualName>
                <givenName>Ben</givenName>
                <surName>Norton</surName>
            </individualName>
            <organizationName>North Carolina Museum of Natural Sciences</organizationName>
            <positionName>Head of Technology</positionName>
            <address>
                <deliveryPoint>11 West Jones Street</deliveryPoint>
                <city>Raleigh</city>
                <administrativeArea>NC</administrativeArea>
                <postalCode>27601</postalCode>
                <country>UNITED_STATES</country>
            </address>
            <phone>9197079947</phone>
            <electronicMailAddress>ben.norton@naturalsciences.org</electronicMailAddress>
            <onlineUrl>https://naturalsciences.org/staff/ben-norton</onlineUrl>
            <userId directory="https://www.linkedin.com/profile/view?id=">mbnorton</userId>
            <role>PROGRAMMER</role>
        </associatedParty>
        <associatedParty>
            <individualName>
                <givenName>Gregory</givenName>
                <surName>Skupien</surName>
            </individualName>
            <organizationName>North Carolina Museum of Natural Sciences</organizationName>
            <positionName>Curator of the Naturalist Center</positionName>
            <address>
                <deliveryPoint>11 West Jones Street</deliveryPoint>
                <city>Raleigh</city>
                <administrativeArea>NC</administrativeArea>
                <postalCode>27601</postalCode>
                <country>UNITED_STATES</country>
            </address>
            <phone>919.707.9270</phone>
            <electronicMailAddress>gregory.skupien@naturalsciences.org</electronicMailAddress>
            <role>CURATOR</role>
        </associatedParty>
        <pubDate>
                2022-04-19
        </pubDate>
        <language>ENGLISH</language>
        <abstract>
            The NCSM Herbarium is within The Naturalist Center in the North Carolina Museum of Natural Sciences. The collection of ca 2000 specimens focuses on the native flora of North America, with particular emphasis on the southeastern United States. Important collectors include John I. Connors (former NCMNS staff, retired 2012), Dr. Lisa Kelly, UNC Pembroke (esp. flora of Huggins Island, Onlsow County, NC), and Dr. Patrick D. McMillan, Director, South Carolina Botanical Garden (former NCMNS staff ca 1991-2000). NCSM does not loan specimens, but researchers are encouraged to contact Dr. Cynthia Lincoln (Naturalist Center Manager) or Greg Skupien (Naturalist Center Curator) to arrange a visit to the NCSM Herbarium.
        </abstract>
        <keywordSet>
            <keyword>Occurrence</keyword>
            <keywordThesaurus>GBIF Dataset Type Vocabulary: http://rs.gbif.org/vocabulary/gbif/dataset_type.xml</keywordThesaurus>
        </keywordSet>
        <keywordSet>
            <keyword>Specimen</keyword>
            <keywordThesaurus>GBIF Dataset Subtype Vocabulary: http://rs.gbif.org/vocabulary/gbif/dataset_subtype.xml</keywordThesaurus>
        </keywordSet>
        <keywordSet>
            <keyword>Occurrence</keyword>
            <keywordThesaurus>GBIF Dataset Type Vocabulary: http://rs.gbif.org/vocabulary/gbif/dataset_type_2015-07-10.xml</keywordThesaurus>
        </keywordSet>
        <intellectualRights>
            <para>To the extent possible under law, the publisher has waived all rights to these data and has dedicated them to the <ulink url="http://creativecommons.org/publicdomain/zero/1.0/legalcode"><citetitle>Public Domain (CC0 1.0)</citetitle></ulink>. Users may copy, modify, distribute and use the work, including for commercial purposes, without restriction.</para>
        </intellectualRights>
        <licensed>
            <licenseName>Creative Commons Zero v1.0 Universal</licenseName>
            <url>https://spdx.org/licenses/CC0-1.0.html</url>
            <identifier>CC0-1.0</identifier>
        </licensed>
        <distribution scope="document">
            <online>
                <url function="download">https://ipt.vertnet.org/archive.do?r=ncsm-herb</url>
            </online>
        </distribution>
        <coverage>
            <geographicCoverage>
                <geographicDescription>Specimens were collected along north-south transect that extends from Quebec to the southern tip of Florida with a focus on North Carolina.</geographicDescription>
                <boundingCoordinates>
                    <westBoundingCoordinate>-88.945</westBoundingCoordinate>
                    <eastBoundingCoordinate>-63.457</eastBoundingCoordinate>
                    <northBoundingCoordinate>54.162</northBoundingCoordinate>
                    <southBoundingCoordinate>27.059</southBoundingCoordinate>
                </boundingCoordinates>
            </geographicCoverage>
            <temporalCoverage>
                <rangeOfDates>
                    <beginDate>
                        <calendarDate>                1999-10-01
</calendarDate>
                    </beginDate>
                    <endDate>
                        <calendarDate>                2002-09-07
</calendarDate>
                    </endDate>
                </rangeOfDates>
            </temporalCoverage>
            <taxonomicCoverage>
                <taxonomicClassification>
                    <taxonRankName>Phylum</taxonRankName>
                    <taxonRankValue>Magnoliophyta</taxonRankValue>
                </taxonomicClassification>
                <taxonomicClassification>
                    <taxonRankName>Phylum</taxonRankName>
                    <taxonRankValue>Pteridophyta</taxonRankValue>
                </taxonomicClassification>
                <taxonomicClassification>
                    <taxonRankName>Phylum</taxonRankName>
                    <taxonRankValue>Coniferophyta</taxonRankValue>
                </taxonomicClassification>
                <taxonomicClassification>
                    <taxonRankName>Phylum</taxonRankName>
                    <taxonRankValue>Lycopodiophyta</taxonRankValue>
                </taxonomicClassification>
            </taxonomicCoverage>
        </coverage>
        <maintenance>
            <description>
                <para></para>
            </description>
            <maintenanceUpdateFrequency>asNeeded</maintenanceUpdateFrequency>
        </maintenance>
        <contact>
            <individualName>
                <givenName>Ben</givenName>
                <surName>Norton</surName>
            </individualName>
            <organizationName>North Carolina Museum of Natural Sciences</organizationName>
            <positionName>Head of Technology and Collections Data Curator</positionName>
            <address>
                <deliveryPoint>11 West Jones Street</deliveryPoint>
                <city>Raleigh</city>
                <administrativeArea>NC</administrativeArea>
                <postalCode>27601</postalCode>
                <country>UNITED_STATES</country>
            </address>
            <phone>9197079947</phone>
            <electronicMailAddress>ben.norton@naturalsciences.org</electronicMailAddress>
            <onlineUrl>https://naturalsciences.org/staff/ben-norton</onlineUrl>
            <userId directory="http://orcid.org/">0000-0002-5819-9134</userId>
        </contact>
        <contact>
            <individualName>
                <givenName>Cynthia</givenName>
                <surName>Lincoln</surName>
            </individualName>
            <organizationName>North Carolina Museum of Natural Sciences</organizationName>
            <positionName>Manager of the Naturalist Center</positionName>
            <address>
                <deliveryPoint>11 West Jones Street</deliveryPoint>
                <city>Raleigh</city>
                <administrativeArea>NC</administrativeArea>
                <postalCode>27601</postalCode>
                <country>UNITED_STATES</country>
            </address>
            <phone>919.707.9269</phone>
            <electronicMailAddress>cynthia.lincoln@naturalsciences.org</electronicMailAddress>
        </contact>
        <contact>
            <individualName>
                <givenName>Gregory</givenName>
                <surName>Skupien</surName>
            </individualName>
            <organizationName>North Carolina Museum of Natural Sciences</organizationName>
            <positionName>Curator of the Naturalist Center</positionName>
            <address>
                <deliveryPoint>11 West Jones Street</deliveryPoint>
                <city>Raleigh</city>
                <administrativeArea>NC</administrativeArea>
                <postalCode>27601</postalCode>
                <country>UNITED_STATES</country>
            </address>
            <phone>919.707.9270</phone>
            <electronicMailAddress>gregory.skupien@naturalsciences.org</electronicMailAddress>
            <onlineUrl>https://naturalsciences.org/staff/greg-skupien</onlineUrl>
        </contact>

    </dataset>

    <additionalMetadata>
        <metadata>
            <gbif>
                <dateStamp>2024-11-04T13:26:46Z</dateStamp>
                <citation identifier="10.36102/dwc.12">Norton B, Lincoln C, Skupien G (2022). NCSM Herbarium Collection. Version 1.4. North Carolina State Museum of Natural Sciences. Occurrence dataset https://doi.org/10.36102/dwc.12 accessed via GBIF.org on 2024-11-04.</citation>
                <collection>
                    
                    <collectionIdentifier>NCSM-Herb</collectionIdentifier>
                    <collectionName>Herbarium Collection of the North Carolina Museum of Natural Sciences</collectionName>
                </collection>
            </gbif>
        </metadata>
    </additionalMetadata>
    </eml:eml>
