<?xml version="1.0" encoding="utf-8"?>
<eml:eml xmlns:eml="https://eml.ecoinformatics.org/eml-2.2.0" xmlns:xsi="http://www.w3.org/2001/XMLSchema-instance"
         xsi:schemaLocation="https://eml.ecoinformatics.org/eml-2.2.0 https://rs.gbif.org/schema/eml-gbif-profile/1.3/eml.xsd"
packageId="10.15468/dl.xtddgs"  system="http://gbif.org" scope="system"
xml:lang="en">
    <dataset>
        <alternateIdentifier>0020994-241024112534372</alternateIdentifier>
        <title>GBIF Occurrence Download 10.15468/dl.xtddgs</title>
        <creator>
            <individualName>
                <surName>GBIF Download Service</surName>
            </individualName>
            <electronicMailAddress>support@gbif.org</electronicMailAddress>
        </creator>
        <metadataProvider>
            <individualName>
                <surName>GBIF Download Service</surName>
            </individualName>
            <electronicMailAddress>support@gbif.org</electronicMailAddress>
        </metadataProvider>
        <pubDate>
                2024-11-04
        </pubDate>
        <language>ENGLISH</language>
        <abstract>
            A dataset containing all occurrences available in GBIF matching the query:
{
  "and" : [
    "TaxonKey is Vaccinium darrowii Camp",
    "BasisOfRecord is one of (Specimen, Human Observation, Occurrence evidence, Material sample, Living Specimen)",
    "HasCoordinate is true",
    "Country is one of (Canada, United States of America, Mexico)"
  ]
}
The dataset includes records from the following constituent datasets. The full metadata for each constituent is also included in this archive:
1 records from World Plant Specimen from the Herbaria in China
1 records from University of Vermont, Pringle Herbarium
1 records from UTEP Plants (Arctos)
3 records from Plant Resources Center
2 records from G. S. Torrey Herbarium at the University of Connecticut (CONN)
7 records from Vanderbilt University Herbarium
19 records from Botanical Research Institute of Texas, Philecology Herbarium
14 records from Mississippi State University
84 records from A global database for the distributions of crop wild relatives
2 records from Royal Botanic Gardens, Kew - Herbarium Specimens
56 records from Robert K. Godfrey Herbarium  at Florida State University
1 records from Baylor University Herbarium
1 records from CHSC - Ahart Herbarium, CSU Chico - Vascular Plants
1 records from University of North Carolina at Chapel Hill Herbarium: Vascular Plants
2 records from NMNH Extant Specimen Records (USNM, US)
1 records from NCSM Herbarium Collection
2 records from R. L. McGregor Herbarium Vascular Plants Collection
9 records from Tall Timbers Research Station and Land Conservancy
19 records from Fairchild Tropical Botanic Garden (FTG)
2 records from Carnegie Museum of Natural History Herbarium
1 records from University of Idaho, Stillinger Herbarium Vascular Plants
4 records from University of Southern Mississippi Herbarium
7 records from Tropicos Specimens Non-MO
1 records from Natural History Museum of Utah, Garrett Herbarium
14 records from Tropicos MO Specimen Data
1 records from RSA - California Botanic Garden Herbarium
2 records from NMNH Material Samples (USNM)
1 records from Clemson University Herbarium
9 records from North Carolina State University Vascular Plant Herbarium
12 records from University of Florida Herbarium (FLAS)
14 records from Louisiana State University, Shirley C. Tucker Herbarium - Vascular Plants
87 records from University of South Florida Herbarium (USF)
21 records from Mississippi Museum of Natural Science Herbarium
6 records from The New York Botanical Garden Herbarium (NY)
6 records from United States National Plant Germplasm System Collection
16 records from Auburn University, John D. Freeman Herbarium
4 records from Angelo State University Herbarium
9 records from University of Alabama Herbarium
520 records from iNaturalist Research-grade Observations
1 records from University of Georgia Herbarium

        </abstract>
        <contact>
            <individualName>
                <surName>GBIF Download Service</surName>
            </individualName>
            <electronicMailAddress>support@gbif.org</electronicMailAddress>
        </contact>

    </dataset>

    <additionalMetadata>
        <metadata>
            <gbif>
                <dateStamp>2024-11-04T13:33:51Z</dateStamp>
                <citation identifier="10.15468/dl.xtddgs">GBIF Occurrence Download 10.15468/dl.xtddgs</citation>
                <physical>
                    <objectName>Darwin Core Archive</objectName>
                    <characterEncoding>UTF-8</characterEncoding>
                    <dataFormat>
                        <externallyDefinedFormat>
                            <formatName>Darwin Core Archive</formatName>
                        </externallyDefinedFormat>
                    </dataFormat>
                    <distribution>
                        <online>
                            <url function="download">https://api.gbif.org/v1/occurrence/download/request/0020994-241024112534372.zip</url>
                        </online>
                    </distribution>
                </physical>
            </gbif>
        </metadata>
    </additionalMetadata>
    </eml:eml>
