<?xml version="1.0" encoding="utf-8"?>
<eml:eml xmlns:eml="https://eml.ecoinformatics.org/eml-2.2.0" xmlns:xsi="http://www.w3.org/2001/XMLSchema-instance"
         xsi:schemaLocation="https://eml.ecoinformatics.org/eml-2.2.0 https://rs.gbif.org/schema/eml-gbif-profile/1.3/eml.xsd"
packageId="563f2aec-fcb1-491b-9788-e97bed1376ae"  system="http://gbif.org" scope="system"
xml:lang="en">
    <dataset>
        <alternateIdentifier>10.15468/sdy4et</alternateIdentifier>
        <alternateIdentifier>https://portal.torcherbaria.org/portal/collections/misc/collprofiles.php?collid=474</alternateIdentifier>
        <title>Angelo State University Herbarium</title>
        <creator>
            <organizationName>TORCH Portal</organizationName>
            <electronicMailAddress>jbest@brit.org</electronicMailAddress>
            <onlineUrl>https://portal.torcherbaria.org/portal/index.php</onlineUrl>
        </creator>
        <metadataProvider>
            <organizationName>TORCH Portal</organizationName>
            <electronicMailAddress>jbest@brit.org</electronicMailAddress>
            <onlineUrl>https://portal.torcherbaria.org/portal/index.php</onlineUrl>
        </metadataProvider>
        <associatedParty>
            <individualName>
                <givenName>Carlos</givenName>
                <surName>Maya-Lastra</surName>
            </individualName>
            <positionName>Curator</positionName>
            <electronicMailAddress>carlos.maya-lastra@angelo.edu</electronicMailAddress>
            <userId directory="https://orcid.org/">0000-0002-0550-3331</userId>
            <role>CONTENT_PROVIDER</role>
        </associatedParty>
        <associatedParty>
            <individualName>
                <givenName>Rose</givenName>
                <surName>Wilhoyt</surName>
            </individualName>
            <positionName>Collection Manager</positionName>
            <electronicMailAddress>rose.wilhoyt@angelo.edu</electronicMailAddress>
            <role>CONTENT_PROVIDER</role>
        </associatedParty>
        <pubDate>
                2024-11-02
        </pubDate>
        <language>ENGLISH</language>
        <abstract>
            <para>The SAT Herbarium is the largest component of the Angelo State Natural History Collections (ASNHC) and comprises an estimated 80,000 plant specimens, with significant holdings in the Poaceae and Cyperaceae families. It is the eighth-largest herbarium in Texas, and represents the most complete floristic inventory of the Concho Valley region. In addition, the Herbarium serves as a permanent depository for voucher specimens for floristic surveys of several unique areas in West Texas, including Big Bend National Park, Texas Nature Conservancy Big Brushy Canyon, and Texas Nature Conservancy Independence Creek. Specimens from several ecological and systematic studies of rare plants are also housed in our collection. Glenn Casey started the Herbarium in the 1940s. At that time, it was called the Goodman Herbarium, in honor of the late Oklahoma botanist, Dr. George Goodman. The collection languished briefly in the late 1960s after Casey&amp;rsquo;s departure and during ASU&amp;rsquo;s transition from the two-year San Angelo College to Angelo State University. It was revitalized in 1972 with the arrival of Dr. Chester Rowell Jr., who served as curator until his retirement in 1987. At that time, Dr. Bonnie Amos became curator, until her retirement in 2021. In 2023, Dr. Carlos A. Maya-Lastra arrived at Angelo State University, becoming the new curator of this collection. The SAT Herbarium invites review of specimen identification--please contact the Collections Manager with any suggested updates to listed taxonomy.</para>
        </abstract>
        <intellectualRights>
            <para>This work is licensed under a <ulink url="http://creativecommons.org/licenses/by-nc/4.0/legalcode"><citetitle>Creative Commons Attribution Non Commercial (CC-BY-NC) 4.0 License</citetitle></ulink>.</para>
        </intellectualRights>
        <licensed>
            <licenseName>Creative Commons Attribution Non Commercial 4.0 International</licenseName>
            <url>https://spdx.org/licenses/CC-BY-NC-4.0.html</url>
            <identifier>CC-BY-NC-4.0</identifier>
        </licensed>
        <distribution scope="document">
            <online>
                <url function="download">https://portal.torcherbaria.org/portal/content/dwca/SAT_DwC-A.zip</url>
            </online>
        </distribution>
        <contact>
            <organizationName>Angelo State University Herbarium</organizationName>
            <phone>325-942-6699</phone>
            <electronicMailAddress>carlos.maya-lastra@angelo.edu</electronicMailAddress>
            <onlineUrl>https://www.angelo.edu/departments/biology/angelo-state-natural-history-collection/collections/herbarium/</onlineUrl>
            <userId directory="https://orcid.org/">0000-0002-0550-3331</userId>
        </contact>

    </dataset>

    <additionalMetadata>
        <metadata>
            <gbif>
                <dateStamp>2024-11-04T13:38:25Z</dateStamp>
                <citation>Angelo State Natural History Collections (ASNHC) (2024). Angelo State University Herbarium. Occurrence dataset https://doi.org/10.15468/sdy4et accessed via GBIF.org on 2024-11-04.</citation>
            </gbif>
        </metadata>
    </additionalMetadata>
    </eml:eml>
