<?xml version="1.0" encoding="utf-8"?>
<eml:eml xmlns:eml="https://eml.ecoinformatics.org/eml-2.2.0" xmlns:xsi="http://www.w3.org/2001/XMLSchema-instance"
         xsi:schemaLocation="https://eml.ecoinformatics.org/eml-2.2.0 https://rs.gbif.org/schema/eml-gbif-profile/1.3/eml.xsd"
packageId="53b690a5-1d43-4368-8ace-75dbad510e1c"  system="http://gbif.org" scope="system"
xml:lang="en">
    <dataset>
        <alternateIdentifier>10.15468/wmbcqk</alternateIdentifier>
        <alternateIdentifier>https://soroherbaria.org/portal/collections/misc/collprofiles.php?collid=123</alternateIdentifier>
        <alternateIdentifier>https://www.soroherbaria.org/portal/collections/misc/collprofiles.php?collid=123</alternateIdentifier>
        <title>Colorado Mesa University, Walter A. Kelley Herbarium</title>
        <creator>
            <organizationName>Southern Rocky Mountain Herbaria</organizationName>
            <electronicMailAddress>james.r.allen@colorado.edu</electronicMailAddress>
            <onlineUrl>https://www.soroherbaria.org/portal/index.php</onlineUrl>
        </creator>
        <metadataProvider>
            <organizationName>Southern Rocky Mountain Herbaria</organizationName>
            <electronicMailAddress>james.r.allen@colorado.edu</electronicMailAddress>
            <onlineUrl>https://www.soroherbaria.org/portal/index.php</onlineUrl>
        </metadataProvider>
        <associatedParty>
            <individualName>
                <surName>Stephen Stern</surName>
            </individualName>
            <electronicMailAddress>sstern@coloradomesa.edu</electronicMailAddress>
            <role>CONTENT_PROVIDER</role>
        </associatedParty>
        <pubDate>
                2024-06-04
        </pubDate>
        <language>ENGLISH</language>
        <abstract>
            The Walter Almond Kelley herbarium at Colorado Mesa University contains over 5,000 specimens, primarily from western Colorado and eastern Utah. It was founded in 1978.
        </abstract>
        <intellectualRights>
            <para>To the extent possible under law, the publisher has waived all rights to these data and has dedicated them to the <ulink url="http://creativecommons.org/publicdomain/zero/1.0/legalcode"><citetitle>Public Domain (CC0 1.0)</citetitle></ulink>. Users may copy, modify, distribute and use the work, including for commercial purposes, without restriction.</para>
        </intellectualRights>
        <licensed>
            <licenseName>Creative Commons Zero v1.0 Universal</licenseName>
            <url>https://spdx.org/licenses/CC0-1.0.html</url>
            <identifier>CC0-1.0</identifier>
        </licensed>
        <distribution scope="document">
            <online>
                <url function="download">https://www.soroherbaria.org/portal/content/dwca/MESA_DwC-A.zip</url>
            </online>
        </distribution>
        <contact>
            <organizationName>Colorado Mesa University, Walter A. Kelley Herbarium</organizationName>
            <phone>970-248-1674</phone>
            <electronicMailAddress>sstern@coloradomesa.edu</electronicMailAddress>
        </contact>

    </dataset>

    <additionalMetadata>
        <metadata>
            <gbif>
                <dateStamp>2024-11-04T13:44:12Z</dateStamp>
                <citation>Colorado Mesa University (MESA) (2024). Colorado Mesa University, Walter A. Kelley Herbarium. Occurrence dataset https://doi.org/10.15468/wmbcqk accessed via GBIF.org on 2024-11-04.</citation>
            </gbif>
        </metadata>
    </additionalMetadata>
    </eml:eml>
