<?xml version="1.0" encoding="utf-8"?>
<eml:eml xmlns:eml="https://eml.ecoinformatics.org/eml-2.2.0" xmlns:xsi="http://www.w3.org/2001/XMLSchema-instance"
         xsi:schemaLocation="https://eml.ecoinformatics.org/eml-2.2.0 https://rs.gbif.org/schema/eml-gbif-profile/1.3/eml.xsd"
packageId="6eb6e590-affe-4d40-b36c-d7fa8b22b1d9"  system="http://gbif.org" scope="system"
xml:lang="en">
    <dataset>
        <alternateIdentifier>10.15468/e3rkaq</alternateIdentifier>
        <alternateIdentifier>https://cch2.org/portal/collections/misc/collprofiles.php?collid=55</alternateIdentifier>
        <title>INF - Inyo National Forest Herbarium, Bishop</title>
        <creator>
            <organizationName>CCH2 Portal</organizationName>
            <electronicMailAddress>jyost@calpoly.edu</electronicMailAddress>
            <onlineUrl>https://cch2.org/portal/index.php</onlineUrl>
        </creator>
        <metadataProvider>
            <organizationName>CCH2 Portal</organizationName>
            <electronicMailAddress>jyost@calpoly.edu</electronicMailAddress>
            <onlineUrl>https://cch2.org/portal/index.php</onlineUrl>
        </metadataProvider>
        <associatedParty>
            <individualName>
                <givenName>Blake</givenName>
                <surName>Engelhardt</surName>
            </individualName>
            <positionName>Herbarium &amp; Data Contact</positionName>
            <electronicMailAddress>blake.engelhardt@usda.gov</electronicMailAddress>
            <role>CONTENT_PROVIDER</role>
        </associatedParty>
        <associatedParty>
            <individualName>
                <givenName>Jonathan</givenName>
                <surName>Knight</surName>
            </individualName>
            <positionName>Herbarium &amp; Data Contact</positionName>
            <electronicMailAddress>jonathan.knight@usda.gov</electronicMailAddress>
            <role>CONTENT_PROVIDER</role>
        </associatedParty>
        <pubDate>
                2024-11-01
        </pubDate>
        <language>ENGLISH</language>
        <abstract>
            <para>(May 2023- Label transcription is complete- thank you to all those that contributed! Contact Jonathan Knight if you would like to help with georeferencing or phenology scoring)
The INF herbarium houses approximately 4400 vascular plant specimens, primarily from eastern California over the last century, plus over 100 bryophyte specimens. The location is shared with an additional herbarium collection belonging to the Bureau of Land Management Bishop Field Office. The collection also includes Mary DeDecker&amp;rsquo;s original field notes and personal botanical library.</para>
        </abstract>
        <intellectualRights>
            <para>This work is licensed under a <ulink url="http://creativecommons.org/licenses/by-nc/4.0/legalcode"><citetitle>Creative Commons Attribution Non Commercial (CC-BY-NC) 4.0 License</citetitle></ulink>.</para>
        </intellectualRights>
        <licensed>
            <licenseName>Creative Commons Attribution Non Commercial 4.0 International</licenseName>
            <url>https://spdx.org/licenses/CC-BY-NC-4.0.html</url>
            <identifier>CC-BY-NC-4.0</identifier>
        </licensed>
        <distribution scope="document">
            <online>
                <url function="download">https://cch2.org/portal/content/dwca/INF_DwC-A.zip</url>
            </online>
        </distribution>
        <contact>
            <organizationName>INF - Inyo National Forest Herbarium, Bishop</organizationName>
            <electronicMailAddress>blake.engelhardt@usda.gov</electronicMailAddress>
        </contact>

    </dataset>

    <additionalMetadata>
        <metadata>
            <gbif>
                <dateStamp>2024-11-04T13:44:30Z</dateStamp>
                <citation>USDA Forest Service (FS) (2024). INF - Inyo National Forest Herbarium, Bishop. Occurrence dataset https://doi.org/10.15468/e3rkaq accessed via GBIF.org on 2024-11-04.</citation>
            </gbif>
        </metadata>
    </additionalMetadata>
    </eml:eml>
