<?xml version="1.0" encoding="utf-8"?>
<eml:eml xmlns:eml="https://eml.ecoinformatics.org/eml-2.2.0" xmlns:xsi="http://www.w3.org/2001/XMLSchema-instance"
         xsi:schemaLocation="https://eml.ecoinformatics.org/eml-2.2.0 https://rs.gbif.org/schema/eml-gbif-profile/1.3/eml.xsd"
packageId="b89d52a2-861d-4388-adad-c0da3d55fc78"  system="http://gbif.org" scope="system"
xml:lang="en">
    <dataset>
        <alternateIdentifier>10.15468/v5wjn7</alternateIdentifier>
        <alternateIdentifier>https://ipt.floridamuseum.ufl.edu/ipt/resource?r=herbarium</alternateIdentifier>
        <alternateIdentifier>b89d52a2-861d-4388-adad-c0da3d55fc78</alternateIdentifier>
        <alternateIdentifier>http://ipt.flmnh.ufl.edu:8080/ipt/resource?r=herbarium</alternateIdentifier>
        <title>University of Florida Herbarium (FLAS)</title>
        <creator>
            <individualName>
                <givenName>Alan R.</givenName>
                <surName>Franck</surName>
            </individualName>
            <organizationName>Florida Museum of Natural History</organizationName>
            <positionName>Herbarium Collection Manager</positionName>
            <address>
                <deliveryPoint>PO Box 110575</deliveryPoint>
                <city>Gainesville</city>
                <administrativeArea>FL</administrativeArea>
                <postalCode>32611-0575</postalCode>
                <country>UNITED_STATES</country>
            </address>
            <phone>352-273-1984</phone>
            <electronicMailAddress>francka@flmnh.ufl.edu</electronicMailAddress>
            <onlineUrl>http://www.flmnh.ufl..edu/herbarium/</onlineUrl>
        </creator>
        <metadataProvider>
            <individualName>
                <givenName>Alan R.</givenName>
                <surName>Franck</surName>
            </individualName>
            <organizationName>Florida Museum of Natural History</organizationName>
            <positionName>Herbarium Collection Manager</positionName>
            <address>
                <deliveryPoint>PO Box 110575</deliveryPoint>
                <city>Gainesville</city>
                <administrativeArea>FL</administrativeArea>
                <postalCode>32611-0575</postalCode>
                <country>UNITED_STATES</country>
            </address>
            <phone>352-273-1984</phone>
            <electronicMailAddress>francka@flmnh.ufl.edu</electronicMailAddress>
            <onlineUrl>http://www.flmnh.ufl..edu/herbarium/</onlineUrl>
        </metadataProvider>
        <associatedParty>
            <individualName>
                <givenName>Alan R.</givenName>
                <surName>Franck</surName>
            </individualName>
            <organizationName>Florida Museum of Natural History</organizationName>
            <positionName>Herbarium Collection Manager</positionName>
            <address>
                <deliveryPoint>PO Box 110575</deliveryPoint>
                <city>Gainesville</city>
                <administrativeArea>FL</administrativeArea>
                <postalCode>32611-0575</postalCode>
                <country>UNITED_STATES</country>
            </address>
            <phone>352-273-1984</phone>
            <electronicMailAddress>francka@flmnh.ufl.edu</electronicMailAddress>
            <onlineUrl>http://www.flmnh.ufl..edu/herbarium/</onlineUrl>
            <role>USER</role>
        </associatedParty>
        <pubDate>
                2024-11-04
        </pubDate>
        <language>ENGLISH</language>
        <abstract>
            <para>The University of Florida Herbarium (FLAS) in the Florida Museum of Natural History contains approximately 500,000 specimens of vascular plants, bryophytes, lichens, fungi, and wood, with the earliest specimens dating to the early to mid-1800s. The FLAS acronym is the standard international abbreviation for the Herbarium, derived from its early association with the Florida Agricultural Experiment Station. The herbarium was established in 1891 by Peter H. Rolfs of Florida Agricultural College in Lake City, and later moved to the University of Florida in Gainesville in 1906. The vascular plant collection (ca. 320,000 specimens) has an excellent representation of the USA (esp. Florida and the southeastern USA), the West Indies (esp. Hispaniola), and other Neotropical areas. The bryophyte collection (ca. 70,000 specimens) and lichen collection (ca. 16,000 specimens) are worldwide in scope (esp. Florida and Neotropical areas such as Costa Rica, Venezuela, and Brazil). The wood collection (ca. 16,000 specimens) is worldwide in scope (esp. tropical woods). The algal collection includes ca. 3,500 specimens, mainly from Florida. The Fungal Herbarium contains ca. 55,000 specimens (primarily non-lichenized fungi and slime molds). This digital dataset serves the vascular plant collection, of which ca. 2/3 are digitized, including ca. 500 type specimens (holo-, lecto-, iso-, neo-, or epi-types). The herbarium&amp;#39;s digitization effort has been supported by several institutions, including the Florida Museum of Natural History, Institute of Food and Agricultural Sciences, National Science Foundation, United States Department of Agriculture (Hatch Project FLAS-HRB-04170), UF Libraries Digital Library Center, Florida Center for Library Automation, Florida Museum Associates, and the Andrew W. Mellon Foundation.</para>
        </abstract>
        <keywordSet>
            <keyword>Occurrence</keyword>
            <keywordThesaurus>GBIF Dataset Type Vocabulary: http://rs.gbif.org/vocabulary/gbif/dataset_type.xml</keywordThesaurus>
        </keywordSet>
        <keywordSet>
            <keyword>Specimen</keyword>
            <keywordThesaurus>GBIF Dataset Subtype Vocabulary: http://rs.gbif.org/vocabulary/gbif/dataset_subtype.xml</keywordThesaurus>
        </keywordSet>
        <keywordSet>
            <keyword>Occurrence</keyword>
            <keywordThesaurus>GBIF Dataset Type Vocabulary: http://rs.gbif.org/vocabulary/gbif/dataset_type_2015-07-10.xml</keywordThesaurus>
        </keywordSet>
        <intellectualRights>
            <para>This work is licensed under a <ulink url="http://creativecommons.org/licenses/by-nc/4.0/legalcode"><citetitle>Creative Commons Attribution Non Commercial (CC-BY-NC) 4.0 License</citetitle></ulink>.</para>
        </intellectualRights>
        <licensed>
            <licenseName>Creative Commons Attribution Non Commercial 4.0 International</licenseName>
            <url>https://spdx.org/licenses/CC-BY-NC-4.0.html</url>
            <identifier>CC-BY-NC-4.0</identifier>
        </licensed>
        <distribution scope="document">
            <online>
                <url function="download">https://ipt.floridamuseum.ufl.edu/ipt/archive.do?r=herbarium</url>
            </online>
        </distribution>
        <coverage>
            <geographicCoverage>
                <geographicDescription>North America, Central America and South America with an emphasis on Florida and the southeastern United States.  Few collections from Europe, Asia, Africa and Australia.</geographicDescription>
                <boundingCoordinates>
                    <westBoundingCoordinate>-126.72</westBoundingCoordinate>
                    <eastBoundingCoordinate>-36.05</eastBoundingCoordinate>
                    <northBoundingCoordinate>53.83</northBoundingCoordinate>
                    <southBoundingCoordinate>-56.25</southBoundingCoordinate>
                </boundingCoordinates>
            </geographicCoverage>
        </coverage>
        <maintenance>
            <description>
                <para></para>
            </description>
            <maintenanceUpdateFrequency>weekly</maintenanceUpdateFrequency>
        </maintenance>
        <contact>
            <individualName>
                <givenName>Alan R.</givenName>
                <surName>Franck</surName>
            </individualName>
            <organizationName>Florida Museum of Natural History</organizationName>
            <positionName>Herbarium Collection Manager</positionName>
            <address>
                <deliveryPoint>PO Box 110575</deliveryPoint>
                <city>Gainesville</city>
                <administrativeArea>FL</administrativeArea>
                <postalCode>32611-0575</postalCode>
                <country>UNITED_STATES</country>
            </address>
            <phone>352-273-1984</phone>
            <electronicMailAddress>francka@flmnh.ufl.edu</electronicMailAddress>
            <onlineUrl>http://www.flmnh.ufl..edu/herbarium/</onlineUrl>
        </contact>

    </dataset>

    <additionalMetadata>
        <metadata>
            <gbif>
                <dateStamp>2024-11-04T13:44:29Z</dateStamp>
                <citation>Franck A R (2024). University of Florida Herbarium (FLAS). Version 11.2127. Florida Museum of Natural History. Occurrence dataset https://doi.org/10.15468/v5wjn7 accessed via GBIF.org on 2024-11-04.</citation>
            </gbif>
        </metadata>
    </additionalMetadata>
    </eml:eml>
