<?xml version="1.0" encoding="utf-8"?>
<eml:eml xmlns:eml="https://eml.ecoinformatics.org/eml-2.2.0" xmlns:xsi="http://www.w3.org/2001/XMLSchema-instance"
         xsi:schemaLocation="https://eml.ecoinformatics.org/eml-2.2.0 https://rs.gbif.org/schema/eml-gbif-profile/1.3/eml.xsd"
packageId="d0aa984e-c6d3-45ee-8fc0-df1df8f4126b"  system="http://gbif.org" scope="system"
xml:lang="en">
    <dataset>
        <alternateIdentifier>10.15468/14epds</alternateIdentifier>
        <alternateIdentifier>https://ipt.gbif.no/resource?r=trom_vascular</alternateIdentifier>
        <alternateIdentifier>https://data.gbif.no/ipt/resource?r=trom_vascular</alternateIdentifier>
        <alternateIdentifier>http://data.gbif.no/ipt/resource?r=trom_vascular</alternateIdentifier>
        <alternateIdentifier>http://data.gbif.no/ipt/resource?r=trom_v</alternateIdentifier>
        <alternateIdentifier>http://dev.gbif.no/ipt/resource?r=trom_v</alternateIdentifier>
        <alternateIdentifier>http://gbif.no/ipt/resource?r=trom_v</alternateIdentifier>
        <alternateIdentifier>d0aa984e-c6d3-45ee-8fc0-df1df8f4126b</alternateIdentifier>
        <title>Vascular plant herbarium, The Arctic University Museum of Norway (TROM)</title>
        <creator>
            <individualName>
                <givenName>Heini Emilia</givenName>
                <surName>Rämä</surName>
            </individualName>
            <organizationName>The Arctic University Museum of Norway</organizationName>
            <positionName>Head Engineer/Collector Manager</positionName>
            <address>
                <deliveryPoint>Postboks 6050</deliveryPoint>
                <city>Tromsø</city>
                <administrativeArea>Troms</administrativeArea>
                <postalCode>NO-9037</postalCode>
                <country>NORWAY</country>
            </address>
            <phone>+4745068244</phone>
            <electronicMailAddress>heini.e.rama@uit.no</electronicMailAddress>
            <onlineUrl>https://en.uit.no/ansatte/person?p_document_id=332968</onlineUrl>
            <userId directory="http://orcid.org/">0000-0001-9462-5172</userId>
        </creator>
        <metadataProvider>
            <individualName>
                <givenName>Heini Emilia</givenName>
                <surName>Rämä</surName>
            </individualName>
            <organizationName>The Arctic University Museum of Norway</organizationName>
            <positionName>Head Engineer/Collector Manager</positionName>
            <address>
                <deliveryPoint>Postboks 6050</deliveryPoint>
                <city>Tromsø</city>
                <administrativeArea>Troms</administrativeArea>
                <postalCode>NO-9037</postalCode>
                <country>NORWAY</country>
            </address>
            <phone>+4745068244</phone>
            <electronicMailAddress>heini.e.rama@uit.no</electronicMailAddress>
            <onlineUrl>https://en.uit.no/ansatte/person?p_document_id=332968</onlineUrl>
            <userId directory="http://orcid.org/">0000-0001-9462-5172</userId>
        </metadataProvider>
        <associatedParty>
            <organizationName>GBIF Norway</organizationName>
            <address>
                <administrativeArea>Norway</administrativeArea>
                <country>NORWAY</country>
            </address>
            <electronicMailAddress>helpdesk@gbif.no</electronicMailAddress>
            <onlineUrl>https://www.gbif.no</onlineUrl>
            <role>CUSTODIAN_STEWARD</role>
        </associatedParty>
        <pubDate>
                2024-11-04
        </pubDate>
        <language>ENGLISH</language>
        <abstract>
            <para>The vascular plant herbarium TROM at The Arctic University Museum of Norway (former Tromsø Museum) houses about 200 000 specimens.</para><para>The collection is arranged in four parts: Nordic, Arctic, ‘Other foreign’ and Garden plants. TROM is particularly rich in accessions from the North of Norwegian mainland.  Among the Nordic collections, 80-85 % originate from North Norway, Troms og Finnmark and Nordland counties. Herbarium also contains valuable collections from other Nordic countries as well as the circum-arctic areas. The Arctic herbarium contains over 10 000 specimens from Svalbard, Bjørnøya, Greenland, arctic Russia, arctic Canada and Alaska.</para>
        </abstract>
        <keywordSet>
            <keyword>Occurrence</keyword>
            <keywordThesaurus>GBIF Dataset Type Vocabulary: http://rs.gbif.org/vocabulary/gbif/dataset_type.xml</keywordThesaurus>
        </keywordSet>
        <keywordSet>
            <keyword>Specimen</keyword>
            <keywordThesaurus>GBIF Dataset Subtype Vocabulary: http://rs.gbif.org/vocabulary/gbif/dataset_subtype.xml</keywordThesaurus>
        </keywordSet>
        <keywordSet>
            <keyword>Occurrence</keyword>
            <keywordThesaurus>GBIF Dataset Type Vocabulary: http://rs.gbif.org/vocabulary/gbif/dataset_type_2015-07-10.xml</keywordThesaurus>
        </keywordSet>
        <keywordSet>
            <keyword>musit-norway</keyword>
            <keywordThesaurus>n/a</keywordThesaurus>
        </keywordSet>
        <intellectualRights>
            <para>This work is licensed under a <ulink url="http://creativecommons.org/licenses/by/4.0/legalcode"><citetitle>Creative Commons Attribution (CC-BY) 4.0 License</citetitle></ulink>.</para>
        </intellectualRights>
        <licensed>
            <licenseName>Creative Commons Attribution 4.0 International</licenseName>
            <url>https://spdx.org/licenses/CC-BY-4.0.html</url>
            <identifier>CC-BY-4.0</identifier>
        </licensed>
        <distribution scope="document">
            <online>
                <url function="download">https://ipt.gbif.no/archive.do?r=trom_vascular</url>
            </online>
        </distribution>
        <maintenance>
            <description>
                <para></para>
            </description>
            <maintenanceUpdateFrequency>irregular</maintenanceUpdateFrequency>
        </maintenance>
        <contact>
            <individualName>
                <givenName>Heini Emilia</givenName>
                <surName>Rämä</surName>
            </individualName>
            <organizationName>The Arctic University Museum of Norway</organizationName>
            <positionName>Head Engineer/Collector Manager</positionName>
            <address>
                <deliveryPoint>Postboks 6050</deliveryPoint>
                <city>Tromsø</city>
                <administrativeArea>Troms</administrativeArea>
                <postalCode>NO-9037</postalCode>
                <country>NORWAY</country>
            </address>
            <phone>+4745068244</phone>
            <electronicMailAddress>heini.e.rama@uit.no</electronicMailAddress>
            <onlineUrl>https://en.uit.no/ansatte/person?p_document_id=332968</onlineUrl>
            <userId directory="http://orcid.org/">0000-0001-9462-5172</userId>
        </contact>

    </dataset>

    <additionalMetadata>
        <metadata>
            <gbif>
                <dateStamp>2024-11-04T13:44:24Z</dateStamp>
                <citation>Rämä H E (2024). Vascular plant herbarium, The Arctic University Museum of Norway (TROM). Version 1.2227. UiT The Arctic University of Norway. Occurrence dataset https://doi.org/10.15468/14epds accessed via GBIF.org on 2024-11-04.</citation>
                <resourceLogoUrl>http://ipt.gbif.no/logo.do?r=trom_vascular</resourceLogoUrl>
            </gbif>
        </metadata>
    </additionalMetadata>
    </eml:eml>
