<?xml version="1.0" encoding="utf-8"?>
<eml:eml xmlns:eml="https://eml.ecoinformatics.org/eml-2.2.0" xmlns:xsi="http://www.w3.org/2001/XMLSchema-instance"
         xsi:schemaLocation="https://eml.ecoinformatics.org/eml-2.2.0 https://rs.gbif.org/schema/eml-gbif-profile/1.3/eml.xsd"
packageId="e5b8f927-9763-418c-a404-6bf052d14b1a"  system="http://gbif.org" scope="system"
xml:lang="en">
    <dataset>
        <alternateIdentifier>10.15468/yvnv66</alternateIdentifier>
        <alternateIdentifier>https://www.intermountainbiota.org/portal/collections/misc/collprofiles.php?collid=106</alternateIdentifier>
        <title>Brigham Young University, S. L. Welsh Herbarium</title>
        <creator>
            <organizationName>Consortium of Intermountain Herbaria</organizationName>
            <electronicMailAddress>seinetAdmin@asu.edu</electronicMailAddress>
            <onlineUrl>https://www.intermountainbiota.org/portal/index.php</onlineUrl>
        </creator>
        <metadataProvider>
            <organizationName>Consortium of Intermountain Herbaria</organizationName>
            <electronicMailAddress>seinetAdmin@asu.edu</electronicMailAddress>
            <onlineUrl>https://www.intermountainbiota.org/portal/index.php</onlineUrl>
        </metadataProvider>
        <associatedParty>
            <individualName>
                <givenName>Robert</givenName>
                <surName>Johnson</surName>
            </individualName>
            <positionName>Collection Manager</positionName>
            <electronicMailAddress>robert_johnson@byu.edu</electronicMailAddress>
            <role>CONTENT_PROVIDER</role>
        </associatedParty>
        <associatedParty>
            <individualName>
                <givenName>Leigh</givenName>
                <surName>Johnson</surName>
            </individualName>
            <positionName>Curator</positionName>
            <electronicMailAddress>leigh_johnson@byu.edu</electronicMailAddress>
            <userId directory="https://orcid.org/">0000-0002-1026-0944</userId>
            <role>CONTENT_PROVIDER</role>
        </associatedParty>
        <pubDate>
                2024-08-05
        </pubDate>
        <language>ENGLISH</language>
        <abstract>
            Vascular Plants. Curator: Leigh Johnson; Collections Manager: Robert Johnson. The herbarium has completed databasing the non-seed vascular plants, gymnosperms, and monocots with the exception of grasses. We are working though the dicots alphabetically by family, and have a scattering of other material completed. Some records that are incomplete, duplicate sheets, or that otherwise need additional attention may not be uploaded for searching here.The herbarium at BYU is recognized by the Index Herbariorum acronym &amp;#39;BRY&amp;#39;. &amp;#39;V&amp;#39; indicates the vascular plant portion of BRY. The vascular plant herbarium also houses a smaller collection gifted to Brigham Young University from the Ogden Forest Service, which maintains its Index Herbariorum acronym &amp;#39;OGDF&amp;#39;. BRY additionally encompasses the Herbarium of Non-Vascular Cryptogams (including lichenized fungi), which is administered independently with its own database, catalog numbers, and portal. The non-vascular cryptograms &amp; lichens are curated by Steven Leavitt. Information made available here electronically, including specimen data and images, has been produced by support from Brigham Young University, NSF grant DBI–1203616, the Grand Canyon Trust, and a Utah-BLM Challenge Cost-Share agreement. Any opinions, findings, and conclusions or recommendations expressed in this material are those of our herbarium and do not necessarily reflect the views of the National Science Foundation or other supporting agencies. Please acknowledge BRY in publications or products that have benefitted from the use of these data.
        </abstract>
        <intellectualRights>
            <para>This work is licensed under a <ulink url="http://creativecommons.org/licenses/by-nc/4.0/legalcode"><citetitle>Creative Commons Attribution Non Commercial (CC-BY-NC) 4.0 License</citetitle></ulink>.</para>
        </intellectualRights>
        <licensed>
            <licenseName>Creative Commons Attribution Non Commercial 4.0 International</licenseName>
            <url>https://spdx.org/licenses/CC-BY-NC-4.0.html</url>
            <identifier>CC-BY-NC-4.0</identifier>
        </licensed>
        <distribution scope="document">
            <online>
                <url function="download">https://www.intermountainbiota.org/portal/content/dwca/BRY-V_DwC-A.zip</url>
            </online>
        </distribution>
        <contact>
            <organizationName>Brigham Young University, S. L. Welsh Herbarium</organizationName>
            <phone>801/ 422-7094</phone>
            <electronicMailAddress>robert_johnson@byu.edu</electronicMailAddress>
            <onlineUrl>https://lsm.byu.edu/research-collections</onlineUrl>
        </contact>

    </dataset>

    <additionalMetadata>
        <metadata>
            <gbif>
                <dateStamp>2024-11-04T13:44:11Z</dateStamp>
                <citation>Brigham Young University Vascular Plant Herbarium (2024). Brigham Young University, S. L. Welsh Herbarium. Occurrence dataset https://doi.org/10.15468/yvnv66 accessed via GBIF.org on 2024-11-04.</citation>
            </gbif>
        </metadata>
    </additionalMetadata>
    </eml:eml>
