<?xml version="1.0" encoding="utf-8"?>
<eml:eml xmlns:eml="https://eml.ecoinformatics.org/eml-2.2.0" xmlns:xsi="http://www.w3.org/2001/XMLSchema-instance"
         xsi:schemaLocation="https://eml.ecoinformatics.org/eml-2.2.0 https://rs.gbif.org/schema/eml-gbif-profile/1.3/eml.xsd"
packageId="10.15468/dl.39ff48"  system="http://gbif.org" scope="system"
xml:lang="en">
    <dataset>
        <alternateIdentifier>0021025-241024112534372</alternateIdentifier>
        <title>GBIF Occurrence Download 10.15468/dl.39ff48</title>
        <creator>
            <individualName>
                <surName>GBIF Download Service</surName>
            </individualName>
            <electronicMailAddress>support@gbif.org</electronicMailAddress>
        </creator>
        <metadataProvider>
            <individualName>
                <surName>GBIF Download Service</surName>
            </individualName>
            <electronicMailAddress>support@gbif.org</electronicMailAddress>
        </metadataProvider>
        <pubDate>
                2024-11-04
        </pubDate>
        <language>ENGLISH</language>
        <abstract>
            A dataset containing all occurrences available in GBIF matching the query:
{
  "and" : [
    "TaxonKey is Vaccinium scoparium Leiberg",
    "BasisOfRecord is one of (Specimen, Human Observation, Occurrence evidence, Material sample, Living Specimen)",
    "HasCoordinate is true",
    "Country is one of (Canada, United States of America, Mexico)"
  ]
}
The dataset includes records from the following constituent datasets. The full metadata for each constituent is also included in this archive:
122 records from University of Montana Herbarium
13 records from College of Idaho Herbarium
10 records from H.A. Stephens Herbarium
54 records from University of British Columbia Herbarium (UBC) - Vascular Plant Collection
4 records from World Plant Specimen from the Herbaria in China
1 records from University of Vermont, Pringle Herbarium
5 records from Plant Resources Center
8 records from University of Louisiana at Monroe Herbarium, R. Dale Thomas Collection
1 records from Herbario de la Facultad de Farmacia de la Universidad Complutense de Madrid (MAF)
1 records from Natural History Collections of the Faculty of Biology AMU
8 records from Botanical Research Institute of Texas, Philecology Herbarium
3 records from University of Lethbridge Herbarium (LEA)
6 records from South Dakota State University, C. A. Taylor Herbarium
45 records from Montana State University Herbarium
5 records from Bell Museum plants
45 records from Colorado State University, Charles Maurer Herbarium
1 records from Rutgers University, Chrysler Herbarium
4 records from Pittsburg State University, Theodore M. Sperry Herbarium
23 records from University of Alberta Vascular Plant Herbarium (ALTA-VP)
2 records from Natural History Museum of Utah, Garrett Herbarium
1 records from Bruce Bennett Herbarium (BABY)
8 records from Tropicos MO Specimen Data
1 records from Rocky Mountain Biological Laboratory
3 records from SBBG - Clifton Smith Herbarium, Santa Barbara Botanic Garden
3 records from Louisiana State University, Shirley C. Tucker Herbarium - Vascular Plants
19 records from Kathryn Kalmbach Herbarium
15 records from United States National Plant Germplasm System Collection
2 records from Portland State Universtiy Herbarium Vascular Plants
38 records from University of Colorado Museum of Natural History Herbarium Vascular Plant Collection
106 records from Washington State University Herbarium
49 records from Snake River Plain Herbarium (Boise State University, Idaho, USA)
4 records from KNFHC - Klamath National Forest Happy Camp/Oak Knoll Herbarium
11 records from Mount Rainier National Park (USA) Vascular Plants
3 records from Eastern Washington University Herbarium Vascular Plants.
1 records from Pacific Northwest Herbarium (Western Washington University, Washington, USA)
4 records from G. S. Torrey Herbarium at the University of Connecticut (CONN)
23 records from HSC - Humboldt State University Vascular Plant Herbarium
20 records from Intermountain Herbarium (Vasc. &amp; Algae)
4 records from PUA - Pacific Union College Herbarium
1 records from IAC - Herbário do Instituto Agronômico de Campinas
4 records from DAV - University of California, Davis Center for Plant Diversity - Vascular Plants
12 records from Brigham Young University, S. L. Welsh Herbarium
14 records from Royal BC Museum - Herbarium (V)
5 records from Deaver Herbarium (Northern Arizona University)
5 records from CAS Botany (BOT)
1898 records from A global database for the distributions of crop wild relatives
1 records from Robert K. Godfrey Herbarium  at Florida State University
26 records from University of New Mexico Herbarium
6 records from Herbier Louis-Marie (QFA) - Collection de plantes vasculaires
1 records from SJSU - Carl W. Sharsmith Herbarium, San Jose State University
8 records from University of Nevada Herbarium
2 records from NMNH Extant Specimen Records (USNM, US)
1 records from Vascular Plant Collection, Starkey Experimental Forest Herbarium
29 records from Idaho State University, Ray J. Davis Herbarium Vascular Plants
66 records from Vascular Plant Collection - University of Washington Herbarium (WTU)
4 records from Central Oregon Community College
13 records from R. L. McGregor Herbarium Vascular Plants Collection
110 records from Washington State University Marion Ownbey Herbarium
9 records from University of Puget Sound, Slater Museum Herbarium Vascular Plants
8 records from Carnegie Museum of Natural History Herbarium
1 records from Meise Botanic Garden Herbarium (BR)
148 records from University of Idaho, Stillinger Herbarium Vascular Plants
4 records from UCR - University of California, Riverside Herbarium - Vascular Plants
1 records from KNFY - Klamath National Forest Herbarium
7 records from The University and Jepson Herbaria -- Vascular Plants
7 records from Tropicos Specimens Non-MO
1 records from OBI - Robert F. Hoover Herbarium, Cal Poly State University
2 records from LA - University of California, Los Angeles Herbarium
33 records from RSA - California Botanic Garden Herbarium
3 records from INSDC Sequences
3 records from Canadian Museum of Nature Herbarium
1 records from E. C. Smith Herbarium (ACAD)
1 records from CSLA - Cal State LA Herbarium
1 records from Pl@ntNet observations
3 records from Pl@ntNet automatically identified occurrences
92 records from Oregon State University Vascular Plant Collection
15 records from University of Northern Colorado Herbarium
87 records from The New York Botanical Garden Herbarium (NY)
1 records from Auburn University, John D. Freeman Herbarium
14 records from Utah Valley University Herbarium
1 records from Pacific Lutheran University Vascular Plants
2 records from Desert Botanical Garden Herbarium
1 records from KNFSC - Klamath National Forest Scott-Salmon District
1 records from Arizona State University Vascular Plant Herbarium
2 records from Taxon occurrence data for the FungalRoot database
1297 records from iNaturalist Research-grade Observations
33 records from Black Hills State University Herbarium

        </abstract>
        <contact>
            <individualName>
                <surName>GBIF Download Service</surName>
            </individualName>
            <electronicMailAddress>support@gbif.org</electronicMailAddress>
        </contact>

    </dataset>

    <additionalMetadata>
        <metadata>
            <gbif>
                <dateStamp>2024-11-04T13:53:56Z</dateStamp>
                <citation identifier="10.15468/dl.39ff48">GBIF Occurrence Download 10.15468/dl.39ff48</citation>
                <physical>
                    <objectName>Darwin Core Archive</objectName>
                    <characterEncoding>UTF-8</characterEncoding>
                    <dataFormat>
                        <externallyDefinedFormat>
                            <formatName>Darwin Core Archive</formatName>
                        </externallyDefinedFormat>
                    </dataFormat>
                    <distribution>
                        <online>
                            <url function="download">https://api.gbif.org/v1/occurrence/download/request/0021025-241024112534372.zip</url>
                        </online>
                    </distribution>
                </physical>
            </gbif>
        </metadata>
    </additionalMetadata>
    </eml:eml>
