<?xml version="1.0" encoding="utf-8"?>
<eml:eml xmlns:eml="https://eml.ecoinformatics.org/eml-2.2.0" xmlns:xsi="http://www.w3.org/2001/XMLSchema-instance"
         xsi:schemaLocation="https://eml.ecoinformatics.org/eml-2.2.0 https://rs.gbif.org/schema/eml-gbif-profile/1.3/eml.xsd"
packageId="10.15468/dl.fgpqcj"  system="http://gbif.org" scope="system"
xml:lang="en">
    <dataset>
        <alternateIdentifier>0021037-241024112534372</alternateIdentifier>
        <title>GBIF Occurrence Download 10.15468/dl.fgpqcj</title>
        <creator>
            <individualName>
                <surName>GBIF Download Service</surName>
            </individualName>
            <electronicMailAddress>support@gbif.org</electronicMailAddress>
        </creator>
        <metadataProvider>
            <individualName>
                <surName>GBIF Download Service</surName>
            </individualName>
            <electronicMailAddress>support@gbif.org</electronicMailAddress>
        </metadataProvider>
        <pubDate>
                2024-11-04
        </pubDate>
        <language>ENGLISH</language>
        <abstract>
            A dataset containing all occurrences available in GBIF matching the query:
{
  "and" : [
    "TaxonKey is Vaccinium vitis-idaea L.",
    "BasisOfRecord is one of (Specimen, Human Observation, Occurrence evidence, Material sample, Living Specimen)",
    "HasCoordinate is true",
    "Country is one of (Canada, United States of America, Mexico)"
  ]
}
The dataset includes records from the following constituent datasets. The full metadata for each constituent is also included in this archive:
2 records from Eastern Michigan University Herbarium
230 records from Occurrences from Kenai National Wildlife Refuge’s Long Term Ecological Monitoring Program, 1999–2006
123 records from University of British Columbia Herbarium (UBC) - Vascular Plant Collection
1 records from World Plant Specimen from the Herbaria in China
3 records from Plant Resources Center
1 records from University of British Columbia Botanical Garden Collections (UBCBG)
52 records from University of Vermont, Pringle Herbarium
15 records from University of Louisiana at Monroe Herbarium, R. Dale Thomas Collection
1 records from Western Carolina University Herbarium
1 records from Centre for Australian National Biodiversity Research (CANB) AVH data
1 records from National Herbarium of Victoria (MEL) AVH data
1 records from Natural History Museum, Vienna - Herbarium W
1 records from Putnam Museum and Science Center
1 records from Rutgers University, Chrysler Herbarium
5 records from Bruce Bennett Herbarium (BABY)
1 records from Tropicos MO Specimen Data
5 records from Kenai National Wildlife Refuge, Alaska (KNWR) Plant specimens (Arctos)
26 records from United States National Plant Germplasm System Collection
31 records from NEON Biorepository Terrestrial Plant Collection (Leaf Tissue)
12 records from Baie de Mille-Vaches marsh - Characterization of important coastal habitats on the north shore of the St.Lawrence maritime Estuary | Le marais de la baie de Mille-Vaches - Caractérisation des habitats littoraux d’importance de la rive nord de l’estuaire maritime du Saint-Laurent
5 records from Naturalis Biodiversity Center (NL) - Botany
1 records from Pacific Northwest Herbarium (Western Washington University, Washington, USA)
2 records from Geneva Herbarium – De Candolle's Prodromus (G-DC)
11 records from The vascular plants collection (P) at the Herbarium of the Muséum national d'Histoire Naturelle (MNHN - Paris)
1 records from HSC - Humboldt State University Vascular Plant Herbarium
4 records from Intermountain Herbarium (Vasc. &amp; Algae)
1 records from Earth Guardians Weekly Feed
2 records from Brigham Young University, S. L. Welsh Herbarium
2 records from University of South Carolina, A. C. Moore Herbarium Vascular Plant Collection
8 records from Deaver Herbarium (Northern Arizona University)
2 records from CAS Botany (BOT)
2 records from University of New Mexico Herbarium
1 records from SJSU - Carl W. Sharsmith Herbarium, San Jose State University
57 records from NMNH Extant Specimen Records (USNM, US)
1 records from NCSM Herbarium Collection
83 records from Royal Ontario Museum Green Plant Herbarium (TRT)
255 records from National Collection of Vascular Plants (DAO)
10 records from Harriet Irving Botanical Gardens (HIBG)
1 records from Species Occurrence Data from the Journals of William Brewster, 1886-1894
260 records from UAM Herbarium (ALA), Vascular Plant Collection (Arctos)
103 records from Carnegie Museum of Natural History Herbarium
6 records from University of Idaho, Stillinger Herbarium Vascular Plants
6 records from The University and Jepson Herbaria -- Vascular Plants
1 records from E. C. Smith Herbarium (ACAD) - Cape Breton University Collection
3 records from RSA - California Botanic Garden Herbarium
13 records from INSDC Sequences
79 records from E. C. Smith Herbarium (ACAD)
1 records from CSLA - Cal State LA Herbarium
30 records from Pl@ntNet observations
1 records from Jardin botanique de Montréal (JBM)
41 records from New Brunswick Museum - Vascular Plants
339 records from NHMO DNA Bank Vascular plants collection
1 records from Utah Valley University Herbarium
39 records from The Pointe-aux-Outardes Marsh - Characterization of Important Coastal Habitats on the North Shore of the St. Lawrence Estuary | Le marais de la Pointe-aux-Outardes - Caractérisation des habitats littoraux d’importance de la rive nord de l’estuaire maritime du Saint-Laurent
14 records from University of Alaska, Anchorage Herbarium Vascular Plants
1 records from Desert Botanical Garden Herbarium
1 records from Taxon occurrence data for the FungalRoot database
6942 records from iNaturalist Research-grade Observations
1 records from H.A. Stephens Herbarium
7 records from naturgucker
5 records from Botanical Research Institute of Texas, Philecology Herbarium
5 records from University of Lethbridge Herbarium (LEA)
5 records from Academy of Natural Sciences of Drexel University
5 records from West Virginia Wesleyan College, George B. Rossbach Herbarium
4 records from Herbarium GB, University of Gothenburg
1 records from MPM Milwaukee Public Museum Herbarium
152 records from Bell Museum plants
1 records from Colorado State University, Charles Maurer Herbarium
1 records from Herbier Boreal Confluence (BOUM)
1 records from Masaryk University - Herbarium BRNU
1 records from Tennessee Technological University, Hollister Herbarium
71 records from University of Alberta Vascular Plant Herbarium (ALTA-VP)
4 records from Olga Lakela Herbarium, University of Minnesota Duluth
4 records from North Carolina State University Vascular Plant Herbarium
1 records from Kathryn Kalmbach Herbarium
1 records from Vascular Plant Herbarium, Oslo (O) UiO
14 records from The Hickey Marsh - Characterization of Important Coastal Habitats on the North Shore of the St. Lawrence Maritime Estuary | Le marais à Hickey - Caractérisation des habitats littoraux d’importance de la rive nord de l’estuaire maritime du Saint-Laurent
2 records from Washington State University Herbarium
63 records from University of Manitoba Herbarium (WIN) - Vascular Plant Collection
1 records from WELT Herbarium at Museum of New Zealand Te Papa Tongarewa
10 records from MVSC; The James C. Parks Herbarium at Millersville University
1 records from Staten Island Museum
26 records from The Bergeronnes Marshes - Characterization of Important Coastal Habitats on the North Shore of the St. Lawrence Maritime Estuary | Les marais des Bergeronnes - Caractérisation des habitats littoraux d’importance de la rive nord de l’estuaire maritime du Saint-Laurent
53 records from G. S. Torrey Herbarium at the University of Connecticut (CONN)
1 records from Eastern Illinois University, Stover-Ebinger Herbarium
2 records from DAV - University of California, Davis Center for Plant Diversity - Vascular Plants
88 records from Herbier du Québec (QUE) - Collection de plantes vasculaires
3 records from Saint Ambrose University Herbarium
71 records from Royal BC Museum - Herbarium (V)
1 records from Bryophyte Herbarium (H): Herbarium Generale
420 records from A global database for the distributions of crop wild relatives
156 records from Herbier Louis-Marie (QFA) - Collection de plantes vasculaires
10 records from The Portneuf-sur-Mer Salt Marsh - Characterization of Important Coastal Habitats on the North Shore of the St. Lawrence Estuary | Le marais salé de Portneuf-sur-Mer - Caractérisation des habitats littoraux d’importance de la rive nord de l’estuaire maritime du Saint-Laurent
9 records from NEON Biorepository Terrestrial Plant Collection (Herbarium Vouchers)
14 records from Vascular Plant Collection - University of Washington Herbarium (WTU)
3 records from Washington State University Marion Ownbey Herbarium
12 records from First Flowering Dates for Plants on the Ridgeline of Mt. Mansfield, Vermont, USA
1 records from Fairchild Tropical Botanic Garden (FTG)
1 records from Brock University Herbarium (BU)
10 records from Meise Botanic Garden Herbarium (BR)
1 records from Royal Botanic Garden Edinburgh Living Plant Collections (E)
2 records from UCR - University of California, Riverside Herbarium - Vascular Plants
17 records from Agnes Marion Ayre Herbarium (NFLD)
1 records from Tropicos Specimens Non-MO
1 records from Quaternary Environments Collections (Royal Alberta Museum)
310 records from Canadian Museum of Nature Herbarium
1 records from University of Florida Herbarium (FLAS)
31 records from Kenai National Wildlife Refuge, Alaska (KNWR) Plant observations (Arctos)
1 records from Bernice P. Bishop Museum
169 records from Pl@ntNet automatically identified occurrences
62 records from The New York Botanical Garden Herbarium (NY)
78 records from Marie-Victorin Herbarium (MT) - Plantes vasculaires
30 records from University of Tennessee Vascular Herbarium

        </abstract>
        <contact>
            <individualName>
                <surName>GBIF Download Service</surName>
            </individualName>
            <electronicMailAddress>support@gbif.org</electronicMailAddress>
        </contact>

    </dataset>

    <additionalMetadata>
        <metadata>
            <gbif>
                <dateStamp>2024-11-04T14:03:18Z</dateStamp>
                <citation identifier="10.15468/dl.fgpqcj">GBIF Occurrence Download 10.15468/dl.fgpqcj</citation>
                <physical>
                    <objectName>Darwin Core Archive</objectName>
                    <characterEncoding>UTF-8</characterEncoding>
                    <dataFormat>
                        <externallyDefinedFormat>
                            <formatName>Darwin Core Archive</formatName>
                        </externallyDefinedFormat>
                    </dataFormat>
                    <distribution>
                        <online>
                            <url function="download">https://api.gbif.org/v1/occurrence/download/request/0021037-241024112534372.zip</url>
                        </online>
                    </distribution>
                </physical>
            </gbif>
        </metadata>
    </additionalMetadata>
    </eml:eml>
