species,climate,variant,scenario_name,description,source_path,resistance_path,suitability_exponent,suitability_weight,land_weight,pa_multiplier,reduce_full_barriers,source_exists,resistance_exists,inputs_exist,radius,status,error_message,start_time,finish_time,elapsed_minutes,cumulative_current_path,normalized_current_path,flow_potential_path,classified_resistance_path
ang,hist,baseline,ang_hist_baseline,Main resistance model,C:/Users/terre/Documents/R/vaccinium/connectivity_inputs/sensitivity_analysis/baseline/ang/ang_hist_source.tif,C:/Users/terre/Documents/R/vaccinium/connectivity_inputs/sensitivity_analysis/baseline/ang/ang_hist_resistance.tif,3,0.5,0.5,0.75,FALSE,TRUE,TRUE,TRUE,5,success,NA,2026-07-23T14:20:54Z,2026-07-23T14:39:16Z,18.363556150595347,C:\Users\terre\Documents\R\vaccinium\connectivity_syncrosim\vaccinium_connectivity.ssim.data\Scenario-21\omniscape_outputSpatial\cum_currmap.tif,C:\Users\terre\Documents\R\vaccinium\connectivity_syncrosim\vaccinium_connectivity.ssim.data\Scenario-21\omniscape_outputSpatial\normalized_cum_currmap.tif,C:\Users\terre\Documents\R\vaccinium\connectivity_syncrosim\vaccinium_connectivity.ssim.data\Scenario-21\omniscape_outputSpatial\flow_potential.tif,C:\Users\terre\Documents\R\vaccinium\connectivity_syncrosim\vaccinium_connectivity.ssim.data\Scenario-21\omniscape_outputSpatial\ang_hist_resistance.tif
ang,hist,land_weighted,ang_hist_land_weighted,Land cover receives 75% of component weight,C:/Users/terre/Documents/R/vaccinium/connectivity_inputs/sensitivity_analysis/land_weighted/ang/ang_hist_source.tif,C:/Users/terre/Documents/R/vaccinium/connectivity_inputs/sensitivity_analysis/land_weighted/ang/ang_hist_resistance.tif,3,0.25,0.75,0.75,FALSE,TRUE,TRUE,TRUE,5,not_started,NA,NA,NA,NA,NA,NA,NA,NA
ang,hist,no_pa_effect,ang_hist_no_pa_effect,Protected areas do not modify resistance,C:/Users/terre/Documents/R/vaccinium/connectivity_inputs/sensitivity_analysis/no_pa_effect/ang/ang_hist_source.tif,C:/Users/terre/Documents/R/vaccinium/connectivity_inputs/sensitivity_analysis/no_pa_effect/ang/ang_hist_resistance.tif,3,0.5,0.5,1,FALSE,TRUE,TRUE,TRUE,5,not_started,NA,NA,NA,NA,NA,NA,NA,NA
ang,hist,pa_full_barriers,ang_hist_pa_full_barriers,Protected areas may modify full land-cover barriers,C:/Users/terre/Documents/R/vaccinium/connectivity_inputs/sensitivity_analysis/pa_full_barriers/ang/ang_hist_source.tif,C:/Users/terre/Documents/R/vaccinium/connectivity_inputs/sensitivity_analysis/pa_full_barriers/ang/ang_hist_resistance.tif,3,0.5,0.5,0.75,TRUE,TRUE,TRUE,TRUE,5,not_started,NA,NA,NA,NA,NA,NA,NA,NA
ang,hist,shallow_suitability,ang_hist_shallow_suitability,Shallower suitability-resistance curve,C:/Users/terre/Documents/R/vaccinium/connectivity_inputs/sensitivity_analysis/shallow_suitability/ang/ang_hist_source.tif,C:/Users/terre/Documents/R/vaccinium/connectivity_inputs/sensitivity_analysis/shallow_suitability/ang/ang_hist_resistance.tif,2,0.5,0.5,0.75,FALSE,TRUE,TRUE,TRUE,5,not_started,NA,NA,NA,NA,NA,NA,NA,NA
ang,hist,steep_suitability,ang_hist_steep_suitability,Steeper suitability-resistance curve,C:/Users/terre/Documents/R/vaccinium/connectivity_inputs/sensitivity_analysis/steep_suitability/ang/ang_hist_source.tif,C:/Users/terre/Documents/R/vaccinium/connectivity_inputs/sensitivity_analysis/steep_suitability/ang/ang_hist_resistance.tif,4,0.5,0.5,0.75,FALSE,TRUE,TRUE,TRUE,5,not_started,NA,NA,NA,NA,NA,NA,NA,NA
ang,hist,strong_pa_effect,ang_hist_strong_pa_effect,Protected areas reduce resistance by 50%,C:/Users/terre/Documents/R/vaccinium/connectivity_inputs/sensitivity_analysis/strong_pa_effect/ang/ang_hist_source.tif,C:/Users/terre/Documents/R/vaccinium/connectivity_inputs/sensitivity_analysis/strong_pa_effect/ang/ang_hist_resistance.tif,3,0.5,0.5,0.5,FALSE,TRUE,TRUE,TRUE,5,not_started,NA,NA,NA,NA,NA,NA,NA,NA
ang,hist,suitability_weighted,ang_hist_suitability_weighted,Suitability receives 75% of component weight,C:/Users/terre/Documents/R/vaccinium/connectivity_inputs/sensitivity_analysis/suitability_weighted/ang/ang_hist_source.tif,C:/Users/terre/Documents/R/vaccinium/connectivity_inputs/sensitivity_analysis/suitability_weighted/ang/ang_hist_resistance.tif,3,0.75,0.25,0.75,FALSE,TRUE,TRUE,TRUE,5,not_started,NA,NA,NA,NA,NA,NA,NA,NA
ash,hist,baseline,ash_hist_baseline,Main resistance model,C:/Users/terre/Documents/R/vaccinium/connectivity_inputs/sensitivity_analysis/baseline/ash/ash_hist_source.tif,C:/Users/terre/Documents/R/vaccinium/connectivity_inputs/sensitivity_analysis/baseline/ash/ash_hist_resistance.tif,3,0.5,0.5,0.75,FALSE,TRUE,TRUE,TRUE,5,not_started,NA,NA,NA,NA,NA,NA,NA,NA
ash,hist,land_weighted,ash_hist_land_weighted,Land cover receives 75% of component weight,C:/Users/terre/Documents/R/vaccinium/connectivity_inputs/sensitivity_analysis/land_weighted/ash/ash_hist_source.tif,C:/Users/terre/Documents/R/vaccinium/connectivity_inputs/sensitivity_analysis/land_weighted/ash/ash_hist_resistance.tif,3,0.25,0.75,0.75,FALSE,TRUE,TRUE,TRUE,5,not_started,NA,NA,NA,NA,NA,NA,NA,NA
ash,hist,no_pa_effect,ash_hist_no_pa_effect,Protected areas do not modify resistance,C:/Users/terre/Documents/R/vaccinium/connectivity_inputs/sensitivity_analysis/no_pa_effect/ash/ash_hist_source.tif,C:/Users/terre/Documents/R/vaccinium/connectivity_inputs/sensitivity_analysis/no_pa_effect/ash/ash_hist_resistance.tif,3,0.5,0.5,1,FALSE,TRUE,TRUE,TRUE,5,not_started,NA,NA,NA,NA,NA,NA,NA,NA
ash,hist,pa_full_barriers,ash_hist_pa_full_barriers,Protected areas may modify full land-cover barriers,C:/Users/terre/Documents/R/vaccinium/connectivity_inputs/sensitivity_analysis/pa_full_barriers/ash/ash_hist_source.tif,C:/Users/terre/Documents/R/vaccinium/connectivity_inputs/sensitivity_analysis/pa_full_barriers/ash/ash_hist_resistance.tif,3,0.5,0.5,0.75,TRUE,TRUE,TRUE,TRUE,5,not_started,NA,NA,NA,NA,NA,NA,NA,NA
ash,hist,shallow_suitability,ash_hist_shallow_suitability,Shallower suitability-resistance curve,C:/Users/terre/Documents/R/vaccinium/connectivity_inputs/sensitivity_analysis/shallow_suitability/ash/ash_hist_source.tif,C:/Users/terre/Documents/R/vaccinium/connectivity_inputs/sensitivity_analysis/shallow_suitability/ash/ash_hist_resistance.tif,2,0.5,0.5,0.75,FALSE,TRUE,TRUE,TRUE,5,not_started,NA,NA,NA,NA,NA,NA,NA,NA
ash,hist,steep_suitability,ash_hist_steep_suitability,Steeper suitability-resistance curve,C:/Users/terre/Documents/R/vaccinium/connectivity_inputs/sensitivity_analysis/steep_suitability/ash/ash_hist_source.tif,C:/Users/terre/Documents/R/vaccinium/connectivity_inputs/sensitivity_analysis/steep_suitability/ash/ash_hist_resistance.tif,4,0.5,0.5,0.75,FALSE,TRUE,TRUE,TRUE,5,not_started,NA,NA,NA,NA,NA,NA,NA,NA
ash,hist,strong_pa_effect,ash_hist_strong_pa_effect,Protected areas reduce resistance by 50%,C:/Users/terre/Documents/R/vaccinium/connectivity_inputs/sensitivity_analysis/strong_pa_effect/ash/ash_hist_source.tif,C:/Users/terre/Documents/R/vaccinium/connectivity_inputs/sensitivity_analysis/strong_pa_effect/ash/ash_hist_resistance.tif,3,0.5,0.5,0.5,FALSE,TRUE,TRUE,TRUE,5,not_started,NA,NA,NA,NA,NA,NA,NA,NA
ash,hist,suitability_weighted,ash_hist_suitability_weighted,Suitability receives 75% of component weight,C:/Users/terre/Documents/R/vaccinium/connectivity_inputs/sensitivity_analysis/suitability_weighted/ash/ash_hist_source.tif,C:/Users/terre/Documents/R/vaccinium/connectivity_inputs/sensitivity_analysis/suitability_weighted/ash/ash_hist_resistance.tif,3,0.75,0.25,0.75,FALSE,TRUE,TRUE,TRUE,5,not_started,NA,NA,NA,NA,NA,NA,NA,NA
bor,hist,baseline,bor_hist_baseline,Main resistance model,C:/Users/terre/Documents/R/vaccinium/connectivity_inputs/sensitivity_analysis/baseline/bor/bor_hist_source.tif,C:/Users/terre/Documents/R/vaccinium/connectivity_inputs/sensitivity_analysis/baseline/bor/bor_hist_resistance.tif,3,0.5,0.5,0.75,FALSE,TRUE,TRUE,TRUE,5,not_started,NA,NA,NA,NA,NA,NA,NA,NA
bor,hist,land_weighted,bor_hist_land_weighted,Land cover receives 75% of component weight,C:/Users/terre/Documents/R/vaccinium/connectivity_inputs/sensitivity_analysis/land_weighted/bor/bor_hist_source.tif,C:/Users/terre/Documents/R/vaccinium/connectivity_inputs/sensitivity_analysis/land_weighted/bor/bor_hist_resistance.tif,3,0.25,0.75,0.75,FALSE,TRUE,TRUE,TRUE,5,not_started,NA,NA,NA,NA,NA,NA,NA,NA
bor,hist,no_pa_effect,bor_hist_no_pa_effect,Protected areas do not modify resistance,C:/Users/terre/Documents/R/vaccinium/connectivity_inputs/sensitivity_analysis/no_pa_effect/bor/bor_hist_source.tif,C:/Users/terre/Documents/R/vaccinium/connectivity_inputs/sensitivity_analysis/no_pa_effect/bor/bor_hist_resistance.tif,3,0.5,0.5,1,FALSE,TRUE,TRUE,TRUE,5,not_started,NA,NA,NA,NA,NA,NA,NA,NA
bor,hist,pa_full_barriers,bor_hist_pa_full_barriers,Protected areas may modify full land-cover barriers,C:/Users/terre/Documents/R/vaccinium/connectivity_inputs/sensitivity_analysis/pa_full_barriers/bor/bor_hist_source.tif,C:/Users/terre/Documents/R/vaccinium/connectivity_inputs/sensitivity_analysis/pa_full_barriers/bor/bor_hist_resistance.tif,3,0.5,0.5,0.75,TRUE,TRUE,TRUE,TRUE,5,not_started,NA,NA,NA,NA,NA,NA,NA,NA
bor,hist,shallow_suitability,bor_hist_shallow_suitability,Shallower suitability-resistance curve,C:/Users/terre/Documents/R/vaccinium/connectivity_inputs/sensitivity_analysis/shallow_suitability/bor/bor_hist_source.tif,C:/Users/terre/Documents/R/vaccinium/connectivity_inputs/sensitivity_analysis/shallow_suitability/bor/bor_hist_resistance.tif,2,0.5,0.5,0.75,FALSE,TRUE,TRUE,TRUE,5,not_started,NA,NA,NA,NA,NA,NA,NA,NA
bor,hist,steep_suitability,bor_hist_steep_suitability,Steeper suitability-resistance curve,C:/Users/terre/Documents/R/vaccinium/connectivity_inputs/sensitivity_analysis/steep_suitability/bor/bor_hist_source.tif,C:/Users/terre/Documents/R/vaccinium/connectivity_inputs/sensitivity_analysis/steep_suitability/bor/bor_hist_resistance.tif,4,0.5,0.5,0.75,FALSE,TRUE,TRUE,TRUE,5,not_started,NA,NA,NA,NA,NA,NA,NA,NA
bor,hist,strong_pa_effect,bor_hist_strong_pa_effect,Protected areas reduce resistance by 50%,C:/Users/terre/Documents/R/vaccinium/connectivity_inputs/sensitivity_analysis/strong_pa_effect/bor/bor_hist_source.tif,C:/Users/terre/Documents/R/vaccinium/connectivity_inputs/sensitivity_analysis/strong_pa_effect/bor/bor_hist_resistance.tif,3,0.5,0.5,0.5,FALSE,TRUE,TRUE,TRUE,5,not_started,NA,NA,NA,NA,NA,NA,NA,NA
bor,hist,suitability_weighted,bor_hist_suitability_weighted,Suitability receives 75% of component weight,C:/Users/terre/Documents/R/vaccinium/connectivity_inputs/sensitivity_analysis/suitability_weighted/bor/bor_hist_source.tif,C:/Users/terre/Documents/R/vaccinium/connectivity_inputs/sensitivity_analysis/suitability_weighted/bor/bor_hist_resistance.tif,3,0.75,0.25,0.75,FALSE,TRUE,TRUE,TRUE,5,not_started,NA,NA,NA,NA,NA,NA,NA,NA
cor,hist,baseline,cor_hist_baseline,Main resistance model,C:/Users/terre/Documents/R/vaccinium/connectivity_inputs/sensitivity_analysis/baseline/cor/cor_hist_source.tif,C:/Users/terre/Documents/R/vaccinium/connectivity_inputs/sensitivity_analysis/baseline/cor/cor_hist_resistance.tif,3,0.5,0.5,0.75,FALSE,TRUE,TRUE,TRUE,5,not_started,NA,NA,NA,NA,NA,NA,NA,NA
cor,hist,land_weighted,cor_hist_land_weighted,Land cover receives 75% of component weight,C:/Users/terre/Documents/R/vaccinium/connectivity_inputs/sensitivity_analysis/land_weighted/cor/cor_hist_source.tif,C:/Users/terre/Documents/R/vaccinium/connectivity_inputs/sensitivity_analysis/land_weighted/cor/cor_hist_resistance.tif,3,0.25,0.75,0.75,FALSE,TRUE,TRUE,TRUE,5,not_started,NA,NA,NA,NA,NA,NA,NA,NA
cor,hist,no_pa_effect,cor_hist_no_pa_effect,Protected areas do not modify resistance,C:/Users/terre/Documents/R/vaccinium/connectivity_inputs/sensitivity_analysis/no_pa_effect/cor/cor_hist_source.tif,C:/Users/terre/Documents/R/vaccinium/connectivity_inputs/sensitivity_analysis/no_pa_effect/cor/cor_hist_resistance.tif,3,0.5,0.5,1,FALSE,TRUE,TRUE,TRUE,5,not_started,NA,NA,NA,NA,NA,NA,NA,NA
cor,hist,pa_full_barriers,cor_hist_pa_full_barriers,Protected areas may modify full land-cover barriers,C:/Users/terre/Documents/R/vaccinium/connectivity_inputs/sensitivity_analysis/pa_full_barriers/cor/cor_hist_source.tif,C:/Users/terre/Documents/R/vaccinium/connectivity_inputs/sensitivity_analysis/pa_full_barriers/cor/cor_hist_resistance.tif,3,0.5,0.5,0.75,TRUE,TRUE,TRUE,TRUE,5,not_started,NA,NA,NA,NA,NA,NA,NA,NA
cor,hist,shallow_suitability,cor_hist_shallow_suitability,Shallower suitability-resistance curve,C:/Users/terre/Documents/R/vaccinium/connectivity_inputs/sensitivity_analysis/shallow_suitability/cor/cor_hist_source.tif,C:/Users/terre/Documents/R/vaccinium/connectivity_inputs/sensitivity_analysis/shallow_suitability/cor/cor_hist_resistance.tif,2,0.5,0.5,0.75,FALSE,TRUE,TRUE,TRUE,5,not_started,NA,NA,NA,NA,NA,NA,NA,NA
cor,hist,steep_suitability,cor_hist_steep_suitability,Steeper suitability-resistance curve,C:/Users/terre/Documents/R/vaccinium/connectivity_inputs/sensitivity_analysis/steep_suitability/cor/cor_hist_source.tif,C:/Users/terre/Documents/R/vaccinium/connectivity_inputs/sensitivity_analysis/steep_suitability/cor/cor_hist_resistance.tif,4,0.5,0.5,0.75,FALSE,TRUE,TRUE,TRUE,5,not_started,NA,NA,NA,NA,NA,NA,NA,NA
cor,hist,strong_pa_effect,cor_hist_strong_pa_effect,Protected areas reduce resistance by 50%,C:/Users/terre/Documents/R/vaccinium/connectivity_inputs/sensitivity_analysis/strong_pa_effect/cor/cor_hist_source.tif,C:/Users/terre/Documents/R/vaccinium/connectivity_inputs/sensitivity_analysis/strong_pa_effect/cor/cor_hist_resistance.tif,3,0.5,0.5,0.5,FALSE,TRUE,TRUE,TRUE,5,not_started,NA,NA,NA,NA,NA,NA,NA,NA
cor,hist,suitability_weighted,cor_hist_suitability_weighted,Suitability receives 75% of component weight,C:/Users/terre/Documents/R/vaccinium/connectivity_inputs/sensitivity_analysis/suitability_weighted/cor/cor_hist_source.tif,C:/Users/terre/Documents/R/vaccinium/connectivity_inputs/sensitivity_analysis/suitability_weighted/cor/cor_hist_resistance.tif,3,0.75,0.25,0.75,FALSE,TRUE,TRUE,TRUE,5,not_started,NA,NA,NA,NA,NA,NA,NA,NA
cot,hist,baseline,cot_hist_baseline,Main resistance model,C:/Users/terre/Documents/R/vaccinium/connectivity_inputs/sensitivity_analysis/baseline/cot/cot_hist_source.tif,C:/Users/terre/Documents/R/vaccinium/connectivity_inputs/sensitivity_analysis/baseline/cot/cot_hist_resistance.tif,3,0.5,0.5,0.75,FALSE,TRUE,TRUE,TRUE,5,not_started,NA,NA,NA,NA,NA,NA,NA,NA
cot,hist,land_weighted,cot_hist_land_weighted,Land cover receives 75% of component weight,C:/Users/terre/Documents/R/vaccinium/connectivity_inputs/sensitivity_analysis/land_weighted/cot/cot_hist_source.tif,C:/Users/terre/Documents/R/vaccinium/connectivity_inputs/sensitivity_analysis/land_weighted/cot/cot_hist_resistance.tif,3,0.25,0.75,0.75,FALSE,TRUE,TRUE,TRUE,5,not_started,NA,NA,NA,NA,NA,NA,NA,NA
cot,hist,no_pa_effect,cot_hist_no_pa_effect,Protected areas do not modify resistance,C:/Users/terre/Documents/R/vaccinium/connectivity_inputs/sensitivity_analysis/no_pa_effect/cot/cot_hist_source.tif,C:/Users/terre/Documents/R/vaccinium/connectivity_inputs/sensitivity_analysis/no_pa_effect/cot/cot_hist_resistance.tif,3,0.5,0.5,1,FALSE,TRUE,TRUE,TRUE,5,not_started,NA,NA,NA,NA,NA,NA,NA,NA
cot,hist,pa_full_barriers,cot_hist_pa_full_barriers,Protected areas may modify full land-cover barriers,C:/Users/terre/Documents/R/vaccinium/connectivity_inputs/sensitivity_analysis/pa_full_barriers/cot/cot_hist_source.tif,C:/Users/terre/Documents/R/vaccinium/connectivity_inputs/sensitivity_analysis/pa_full_barriers/cot/cot_hist_resistance.tif,3,0.5,0.5,0.75,TRUE,TRUE,TRUE,TRUE,5,not_started,NA,NA,NA,NA,NA,NA,NA,NA
cot,hist,shallow_suitability,cot_hist_shallow_suitability,Shallower suitability-resistance curve,C:/Users/terre/Documents/R/vaccinium/connectivity_inputs/sensitivity_analysis/shallow_suitability/cot/cot_hist_source.tif,C:/Users/terre/Documents/R/vaccinium/connectivity_inputs/sensitivity_analysis/shallow_suitability/cot/cot_hist_resistance.tif,2,0.5,0.5,0.75,FALSE,TRUE,TRUE,TRUE,5,not_started,NA,NA,NA,NA,NA,NA,NA,NA
cot,hist,steep_suitability,cot_hist_steep_suitability,Steeper suitability-resistance curve,C:/Users/terre/Documents/R/vaccinium/connectivity_inputs/sensitivity_analysis/steep_suitability/cot/cot_hist_source.tif,C:/Users/terre/Documents/R/vaccinium/connectivity_inputs/sensitivity_analysis/steep_suitability/cot/cot_hist_resistance.tif,4,0.5,0.5,0.75,FALSE,TRUE,TRUE,TRUE,5,not_started,NA,NA,NA,NA,NA,NA,NA,NA
cot,hist,strong_pa_effect,cot_hist_strong_pa_effect,Protected areas reduce resistance by 50%,C:/Users/terre/Documents/R/vaccinium/connectivity_inputs/sensitivity_analysis/strong_pa_effect/cot/cot_hist_source.tif,C:/Users/terre/Documents/R/vaccinium/connectivity_inputs/sensitivity_analysis/strong_pa_effect/cot/cot_hist_resistance.tif,3,0.5,0.5,0.5,FALSE,TRUE,TRUE,TRUE,5,not_started,NA,NA,NA,NA,NA,NA,NA,NA
cot,hist,suitability_weighted,cot_hist_suitability_weighted,Suitability receives 75% of component weight,C:/Users/terre/Documents/R/vaccinium/connectivity_inputs/sensitivity_analysis/suitability_weighted/cot/cot_hist_source.tif,C:/Users/terre/Documents/R/vaccinium/connectivity_inputs/sensitivity_analysis/suitability_weighted/cot/cot_hist_resistance.tif,3,0.75,0.25,0.75,FALSE,TRUE,TRUE,TRUE,5,not_started,NA,NA,NA,NA,NA,NA,NA,NA
dar,hist,baseline,dar_hist_baseline,Main resistance model,C:/Users/terre/Documents/R/vaccinium/connectivity_inputs/sensitivity_analysis/baseline/dar/dar_hist_source.tif,C:/Users/terre/Documents/R/vaccinium/connectivity_inputs/sensitivity_analysis/baseline/dar/dar_hist_resistance.tif,3,0.5,0.5,0.75,FALSE,TRUE,TRUE,TRUE,5,not_started,NA,NA,NA,NA,NA,NA,NA,NA
dar,hist,land_weighted,dar_hist_land_weighted,Land cover receives 75% of component weight,C:/Users/terre/Documents/R/vaccinium/connectivity_inputs/sensitivity_analysis/land_weighted/dar/dar_hist_source.tif,C:/Users/terre/Documents/R/vaccinium/connectivity_inputs/sensitivity_analysis/land_weighted/dar/dar_hist_resistance.tif,3,0.25,0.75,0.75,FALSE,TRUE,TRUE,TRUE,5,not_started,NA,NA,NA,NA,NA,NA,NA,NA
dar,hist,no_pa_effect,dar_hist_no_pa_effect,Protected areas do not modify resistance,C:/Users/terre/Documents/R/vaccinium/connectivity_inputs/sensitivity_analysis/no_pa_effect/dar/dar_hist_source.tif,C:/Users/terre/Documents/R/vaccinium/connectivity_inputs/sensitivity_analysis/no_pa_effect/dar/dar_hist_resistance.tif,3,0.5,0.5,1,FALSE,TRUE,TRUE,TRUE,5,not_started,NA,NA,NA,NA,NA,NA,NA,NA
dar,hist,pa_full_barriers,dar_hist_pa_full_barriers,Protected areas may modify full land-cover barriers,C:/Users/terre/Documents/R/vaccinium/connectivity_inputs/sensitivity_analysis/pa_full_barriers/dar/dar_hist_source.tif,C:/Users/terre/Documents/R/vaccinium/connectivity_inputs/sensitivity_analysis/pa_full_barriers/dar/dar_hist_resistance.tif,3,0.5,0.5,0.75,TRUE,TRUE,TRUE,TRUE,5,not_started,NA,NA,NA,NA,NA,NA,NA,NA
dar,hist,shallow_suitability,dar_hist_shallow_suitability,Shallower suitability-resistance curve,C:/Users/terre/Documents/R/vaccinium/connectivity_inputs/sensitivity_analysis/shallow_suitability/dar/dar_hist_source.tif,C:/Users/terre/Documents/R/vaccinium/connectivity_inputs/sensitivity_analysis/shallow_suitability/dar/dar_hist_resistance.tif,2,0.5,0.5,0.75,FALSE,TRUE,TRUE,TRUE,5,not_started,NA,NA,NA,NA,NA,NA,NA,NA
dar,hist,steep_suitability,dar_hist_steep_suitability,Steeper suitability-resistance curve,C:/Users/terre/Documents/R/vaccinium/connectivity_inputs/sensitivity_analysis/steep_suitability/dar/dar_hist_source.tif,C:/Users/terre/Documents/R/vaccinium/connectivity_inputs/sensitivity_analysis/steep_suitability/dar/dar_hist_resistance.tif,4,0.5,0.5,0.75,FALSE,TRUE,TRUE,TRUE,5,not_started,NA,NA,NA,NA,NA,NA,NA,NA
dar,hist,strong_pa_effect,dar_hist_strong_pa_effect,Protected areas reduce resistance by 50%,C:/Users/terre/Documents/R/vaccinium/connectivity_inputs/sensitivity_analysis/strong_pa_effect/dar/dar_hist_source.tif,C:/Users/terre/Documents/R/vaccinium/connectivity_inputs/sensitivity_analysis/strong_pa_effect/dar/dar_hist_resistance.tif,3,0.5,0.5,0.5,FALSE,TRUE,TRUE,TRUE,5,not_started,NA,NA,NA,NA,NA,NA,NA,NA
dar,hist,suitability_weighted,dar_hist_suitability_weighted,Suitability receives 75% of component weight,C:/Users/terre/Documents/R/vaccinium/connectivity_inputs/sensitivity_analysis/suitability_weighted/dar/dar_hist_source.tif,C:/Users/terre/Documents/R/vaccinium/connectivity_inputs/sensitivity_analysis/suitability_weighted/dar/dar_hist_resistance.tif,3,0.75,0.25,0.75,FALSE,TRUE,TRUE,TRUE,5,not_started,NA,NA,NA,NA,NA,NA,NA,NA
ell,hist,baseline,ell_hist_baseline,Main resistance model,C:/Users/terre/Documents/R/vaccinium/connectivity_inputs/sensitivity_analysis/baseline/ell/ell_hist_source.tif,C:/Users/terre/Documents/R/vaccinium/connectivity_inputs/sensitivity_analysis/baseline/ell/ell_hist_resistance.tif,3,0.5,0.5,0.75,FALSE,TRUE,TRUE,TRUE,5,not_started,NA,NA,NA,NA,NA,NA,NA,NA
ell,hist,land_weighted,ell_hist_land_weighted,Land cover receives 75% of component weight,C:/Users/terre/Documents/R/vaccinium/connectivity_inputs/sensitivity_analysis/land_weighted/ell/ell_hist_source.tif,C:/Users/terre/Documents/R/vaccinium/connectivity_inputs/sensitivity_analysis/land_weighted/ell/ell_hist_resistance.tif,3,0.25,0.75,0.75,FALSE,TRUE,TRUE,TRUE,5,not_started,NA,NA,NA,NA,NA,NA,NA,NA
ell,hist,no_pa_effect,ell_hist_no_pa_effect,Protected areas do not modify resistance,C:/Users/terre/Documents/R/vaccinium/connectivity_inputs/sensitivity_analysis/no_pa_effect/ell/ell_hist_source.tif,C:/Users/terre/Documents/R/vaccinium/connectivity_inputs/sensitivity_analysis/no_pa_effect/ell/ell_hist_resistance.tif,3,0.5,0.5,1,FALSE,TRUE,TRUE,TRUE,5,not_started,NA,NA,NA,NA,NA,NA,NA,NA
ell,hist,pa_full_barriers,ell_hist_pa_full_barriers,Protected areas may modify full land-cover barriers,C:/Users/terre/Documents/R/vaccinium/connectivity_inputs/sensitivity_analysis/pa_full_barriers/ell/ell_hist_source.tif,C:/Users/terre/Documents/R/vaccinium/connectivity_inputs/sensitivity_analysis/pa_full_barriers/ell/ell_hist_resistance.tif,3,0.5,0.5,0.75,TRUE,TRUE,TRUE,TRUE,5,not_started,NA,NA,NA,NA,NA,NA,NA,NA
ell,hist,shallow_suitability,ell_hist_shallow_suitability,Shallower suitability-resistance curve,C:/Users/terre/Documents/R/vaccinium/connectivity_inputs/sensitivity_analysis/shallow_suitability/ell/ell_hist_source.tif,C:/Users/terre/Documents/R/vaccinium/connectivity_inputs/sensitivity_analysis/shallow_suitability/ell/ell_hist_resistance.tif,2,0.5,0.5,0.75,FALSE,TRUE,TRUE,TRUE,5,not_started,NA,NA,NA,NA,NA,NA,NA,NA
ell,hist,steep_suitability,ell_hist_steep_suitability,Steeper suitability-resistance curve,C:/Users/terre/Documents/R/vaccinium/connectivity_inputs/sensitivity_analysis/steep_suitability/ell/ell_hist_source.tif,C:/Users/terre/Documents/R/vaccinium/connectivity_inputs/sensitivity_analysis/steep_suitability/ell/ell_hist_resistance.tif,4,0.5,0.5,0.75,FALSE,TRUE,TRUE,TRUE,5,not_started,NA,NA,NA,NA,NA,NA,NA,NA
ell,hist,strong_pa_effect,ell_hist_strong_pa_effect,Protected areas reduce resistance by 50%,C:/Users/terre/Documents/R/vaccinium/connectivity_inputs/sensitivity_analysis/strong_pa_effect/ell/ell_hist_source.tif,C:/Users/terre/Documents/R/vaccinium/connectivity_inputs/sensitivity_analysis/strong_pa_effect/ell/ell_hist_resistance.tif,3,0.5,0.5,0.5,FALSE,TRUE,TRUE,TRUE,5,not_started,NA,NA,NA,NA,NA,NA,NA,NA
ell,hist,suitability_weighted,ell_hist_suitability_weighted,Suitability receives 75% of component weight,C:/Users/terre/Documents/R/vaccinium/connectivity_inputs/sensitivity_analysis/suitability_weighted/ell/ell_hist_source.tif,C:/Users/terre/Documents/R/vaccinium/connectivity_inputs/sensitivity_analysis/suitability_weighted/ell/ell_hist_resistance.tif,3,0.75,0.25,0.75,FALSE,TRUE,TRUE,TRUE,5,not_started,NA,NA,NA,NA,NA,NA,NA,NA
fus,hist,baseline,fus_hist_baseline,Main resistance model,C:/Users/terre/Documents/R/vaccinium/connectivity_inputs/sensitivity_analysis/baseline/fus/fus_hist_source.tif,C:/Users/terre/Documents/R/vaccinium/connectivity_inputs/sensitivity_analysis/baseline/fus/fus_hist_resistance.tif,3,0.5,0.5,0.75,FALSE,TRUE,TRUE,TRUE,5,not_started,NA,NA,NA,NA,NA,NA,NA,NA
fus,hist,land_weighted,fus_hist_land_weighted,Land cover receives 75% of component weight,C:/Users/terre/Documents/R/vaccinium/connectivity_inputs/sensitivity_analysis/land_weighted/fus/fus_hist_source.tif,C:/Users/terre/Documents/R/vaccinium/connectivity_inputs/sensitivity_analysis/land_weighted/fus/fus_hist_resistance.tif,3,0.25,0.75,0.75,FALSE,TRUE,TRUE,TRUE,5,not_started,NA,NA,NA,NA,NA,NA,NA,NA
fus,hist,no_pa_effect,fus_hist_no_pa_effect,Protected areas do not modify resistance,C:/Users/terre/Documents/R/vaccinium/connectivity_inputs/sensitivity_analysis/no_pa_effect/fus/fus_hist_source.tif,C:/Users/terre/Documents/R/vaccinium/connectivity_inputs/sensitivity_analysis/no_pa_effect/fus/fus_hist_resistance.tif,3,0.5,0.5,1,FALSE,TRUE,TRUE,TRUE,5,not_started,NA,NA,NA,NA,NA,NA,NA,NA
fus,hist,pa_full_barriers,fus_hist_pa_full_barriers,Protected areas may modify full land-cover barriers,C:/Users/terre/Documents/R/vaccinium/connectivity_inputs/sensitivity_analysis/pa_full_barriers/fus/fus_hist_source.tif,C:/Users/terre/Documents/R/vaccinium/connectivity_inputs/sensitivity_analysis/pa_full_barriers/fus/fus_hist_resistance.tif,3,0.5,0.5,0.75,TRUE,TRUE,TRUE,TRUE,5,not_started,NA,NA,NA,NA,NA,NA,NA,NA
fus,hist,shallow_suitability,fus_hist_shallow_suitability,Shallower suitability-resistance curve,C:/Users/terre/Documents/R/vaccinium/connectivity_inputs/sensitivity_analysis/shallow_suitability/fus/fus_hist_source.tif,C:/Users/terre/Documents/R/vaccinium/connectivity_inputs/sensitivity_analysis/shallow_suitability/fus/fus_hist_resistance.tif,2,0.5,0.5,0.75,FALSE,TRUE,TRUE,TRUE,5,not_started,NA,NA,NA,NA,NA,NA,NA,NA
fus,hist,steep_suitability,fus_hist_steep_suitability,Steeper suitability-resistance curve,C:/Users/terre/Documents/R/vaccinium/connectivity_inputs/sensitivity_analysis/steep_suitability/fus/fus_hist_source.tif,C:/Users/terre/Documents/R/vaccinium/connectivity_inputs/sensitivity_analysis/steep_suitability/fus/fus_hist_resistance.tif,4,0.5,0.5,0.75,FALSE,TRUE,TRUE,TRUE,5,not_started,NA,NA,NA,NA,NA,NA,NA,NA
fus,hist,strong_pa_effect,fus_hist_strong_pa_effect,Protected areas reduce resistance by 50%,C:/Users/terre/Documents/R/vaccinium/connectivity_inputs/sensitivity_analysis/strong_pa_effect/fus/fus_hist_source.tif,C:/Users/terre/Documents/R/vaccinium/connectivity_inputs/sensitivity_analysis/strong_pa_effect/fus/fus_hist_resistance.tif,3,0.5,0.5,0.5,FALSE,TRUE,TRUE,TRUE,5,not_started,NA,NA,NA,NA,NA,NA,NA,NA
fus,hist,suitability_weighted,fus_hist_suitability_weighted,Suitability receives 75% of component weight,C:/Users/terre/Documents/R/vaccinium/connectivity_inputs/sensitivity_analysis/suitability_weighted/fus/fus_hist_source.tif,C:/Users/terre/Documents/R/vaccinium/connectivity_inputs/sensitivity_analysis/suitability_weighted/fus/fus_hist_resistance.tif,3,0.75,0.25,0.75,FALSE,TRUE,TRUE,TRUE,5,not_started,NA,NA,NA,NA,NA,NA,NA,NA
hir,hist,baseline,hir_hist_baseline,Main resistance model,C:/Users/terre/Documents/R/vaccinium/connectivity_inputs/sensitivity_analysis/baseline/hir/hir_hist_source.tif,C:/Users/terre/Documents/R/vaccinium/connectivity_inputs/sensitivity_analysis/baseline/hir/hir_hist_resistance.tif,3,0.5,0.5,0.75,FALSE,TRUE,TRUE,TRUE,5,not_started,NA,NA,NA,NA,NA,NA,NA,NA
hir,hist,land_weighted,hir_hist_land_weighted,Land cover receives 75% of component weight,C:/Users/terre/Documents/R/vaccinium/connectivity_inputs/sensitivity_analysis/land_weighted/hir/hir_hist_source.tif,C:/Users/terre/Documents/R/vaccinium/connectivity_inputs/sensitivity_analysis/land_weighted/hir/hir_hist_resistance.tif,3,0.25,0.75,0.75,FALSE,TRUE,TRUE,TRUE,5,not_started,NA,NA,NA,NA,NA,NA,NA,NA
hir,hist,no_pa_effect,hir_hist_no_pa_effect,Protected areas do not modify resistance,C:/Users/terre/Documents/R/vaccinium/connectivity_inputs/sensitivity_analysis/no_pa_effect/hir/hir_hist_source.tif,C:/Users/terre/Documents/R/vaccinium/connectivity_inputs/sensitivity_analysis/no_pa_effect/hir/hir_hist_resistance.tif,3,0.5,0.5,1,FALSE,TRUE,TRUE,TRUE,5,not_started,NA,NA,NA,NA,NA,NA,NA,NA
hir,hist,pa_full_barriers,hir_hist_pa_full_barriers,Protected areas may modify full land-cover barriers,C:/Users/terre/Documents/R/vaccinium/connectivity_inputs/sensitivity_analysis/pa_full_barriers/hir/hir_hist_source.tif,C:/Users/terre/Documents/R/vaccinium/connectivity_inputs/sensitivity_analysis/pa_full_barriers/hir/hir_hist_resistance.tif,3,0.5,0.5,0.75,TRUE,TRUE,TRUE,TRUE,5,not_started,NA,NA,NA,NA,NA,NA,NA,NA
hir,hist,shallow_suitability,hir_hist_shallow_suitability,Shallower suitability-resistance curve,C:/Users/terre/Documents/R/vaccinium/connectivity_inputs/sensitivity_analysis/shallow_suitability/hir/hir_hist_source.tif,C:/Users/terre/Documents/R/vaccinium/connectivity_inputs/sensitivity_analysis/shallow_suitability/hir/hir_hist_resistance.tif,2,0.5,0.5,0.75,FALSE,TRUE,TRUE,TRUE,5,not_started,NA,NA,NA,NA,NA,NA,NA,NA
hir,hist,steep_suitability,hir_hist_steep_suitability,Steeper suitability-resistance curve,C:/Users/terre/Documents/R/vaccinium/connectivity_inputs/sensitivity_analysis/steep_suitability/hir/hir_hist_source.tif,C:/Users/terre/Documents/R/vaccinium/connectivity_inputs/sensitivity_analysis/steep_suitability/hir/hir_hist_resistance.tif,4,0.5,0.5,0.75,FALSE,TRUE,TRUE,TRUE,5,not_started,NA,NA,NA,NA,NA,NA,NA,NA
hir,hist,strong_pa_effect,hir_hist_strong_pa_effect,Protected areas reduce resistance by 50%,C:/Users/terre/Documents/R/vaccinium/connectivity_inputs/sensitivity_analysis/strong_pa_effect/hir/hir_hist_source.tif,C:/Users/terre/Documents/R/vaccinium/connectivity_inputs/sensitivity_analysis/strong_pa_effect/hir/hir_hist_resistance.tif,3,0.5,0.5,0.5,FALSE,TRUE,TRUE,TRUE,5,not_started,NA,NA,NA,NA,NA,NA,NA,NA
hir,hist,suitability_weighted,hir_hist_suitability_weighted,Suitability receives 75% of component weight,C:/Users/terre/Documents/R/vaccinium/connectivity_inputs/sensitivity_analysis/suitability_weighted/hir/hir_hist_source.tif,C:/Users/terre/Documents/R/vaccinium/connectivity_inputs/sensitivity_analysis/suitability_weighted/hir/hir_hist_resistance.tif,3,0.75,0.25,0.75,FALSE,TRUE,TRUE,TRUE,5,not_started,NA,NA,NA,NA,NA,NA,NA,NA
myr,hist,baseline,myr_hist_baseline,Main resistance model,C:/Users/terre/Documents/R/vaccinium/connectivity_inputs/sensitivity_analysis/baseline/myr/myr_hist_source.tif,C:/Users/terre/Documents/R/vaccinium/connectivity_inputs/sensitivity_analysis/baseline/myr/myr_hist_resistance.tif,3,0.5,0.5,0.75,FALSE,TRUE,TRUE,TRUE,5,not_started,NA,NA,NA,NA,NA,NA,NA,NA
myr,hist,land_weighted,myr_hist_land_weighted,Land cover receives 75% of component weight,C:/Users/terre/Documents/R/vaccinium/connectivity_inputs/sensitivity_analysis/land_weighted/myr/myr_hist_source.tif,C:/Users/terre/Documents/R/vaccinium/connectivity_inputs/sensitivity_analysis/land_weighted/myr/myr_hist_resistance.tif,3,0.25,0.75,0.75,FALSE,TRUE,TRUE,TRUE,5,not_started,NA,NA,NA,NA,NA,NA,NA,NA
myr,hist,no_pa_effect,myr_hist_no_pa_effect,Protected areas do not modify resistance,C:/Users/terre/Documents/R/vaccinium/connectivity_inputs/sensitivity_analysis/no_pa_effect/myr/myr_hist_source.tif,C:/Users/terre/Documents/R/vaccinium/connectivity_inputs/sensitivity_analysis/no_pa_effect/myr/myr_hist_resistance.tif,3,0.5,0.5,1,FALSE,TRUE,TRUE,TRUE,5,not_started,NA,NA,NA,NA,NA,NA,NA,NA
myr,hist,pa_full_barriers,myr_hist_pa_full_barriers,Protected areas may modify full land-cover barriers,C:/Users/terre/Documents/R/vaccinium/connectivity_inputs/sensitivity_analysis/pa_full_barriers/myr/myr_hist_source.tif,C:/Users/terre/Documents/R/vaccinium/connectivity_inputs/sensitivity_analysis/pa_full_barriers/myr/myr_hist_resistance.tif,3,0.5,0.5,0.75,TRUE,TRUE,TRUE,TRUE,5,not_started,NA,NA,NA,NA,NA,NA,NA,NA
myr,hist,shallow_suitability,myr_hist_shallow_suitability,Shallower suitability-resistance curve,C:/Users/terre/Documents/R/vaccinium/connectivity_inputs/sensitivity_analysis/shallow_suitability/myr/myr_hist_source.tif,C:/Users/terre/Documents/R/vaccinium/connectivity_inputs/sensitivity_analysis/shallow_suitability/myr/myr_hist_resistance.tif,2,0.5,0.5,0.75,FALSE,TRUE,TRUE,TRUE,5,not_started,NA,NA,NA,NA,NA,NA,NA,NA
myr,hist,steep_suitability,myr_hist_steep_suitability,Steeper suitability-resistance curve,C:/Users/terre/Documents/R/vaccinium/connectivity_inputs/sensitivity_analysis/steep_suitability/myr/myr_hist_source.tif,C:/Users/terre/Documents/R/vaccinium/connectivity_inputs/sensitivity_analysis/steep_suitability/myr/myr_hist_resistance.tif,4,0.5,0.5,0.75,FALSE,TRUE,TRUE,TRUE,5,not_started,NA,NA,NA,NA,NA,NA,NA,NA
myr,hist,strong_pa_effect,myr_hist_strong_pa_effect,Protected areas reduce resistance by 50%,C:/Users/terre/Documents/R/vaccinium/connectivity_inputs/sensitivity_analysis/strong_pa_effect/myr/myr_hist_source.tif,C:/Users/terre/Documents/R/vaccinium/connectivity_inputs/sensitivity_analysis/strong_pa_effect/myr/myr_hist_resistance.tif,3,0.5,0.5,0.5,FALSE,TRUE,TRUE,TRUE,5,not_started,NA,NA,NA,NA,NA,NA,NA,NA
myr,hist,suitability_weighted,myr_hist_suitability_weighted,Suitability receives 75% of component weight,C:/Users/terre/Documents/R/vaccinium/connectivity_inputs/sensitivity_analysis/suitability_weighted/myr/myr_hist_source.tif,C:/Users/terre/Documents/R/vaccinium/connectivity_inputs/sensitivity_analysis/suitability_weighted/myr/myr_hist_resistance.tif,3,0.75,0.25,0.75,FALSE,TRUE,TRUE,TRUE,5,not_started,NA,NA,NA,NA,NA,NA,NA,NA
mys,hist,baseline,mys_hist_baseline,Main resistance model,C:/Users/terre/Documents/R/vaccinium/connectivity_inputs/sensitivity_analysis/baseline/mys/mys_hist_source.tif,C:/Users/terre/Documents/R/vaccinium/connectivity_inputs/sensitivity_analysis/baseline/mys/mys_hist_resistance.tif,3,0.5,0.5,0.75,FALSE,TRUE,TRUE,TRUE,5,not_started,NA,NA,NA,NA,NA,NA,NA,NA
mys,hist,land_weighted,mys_hist_land_weighted,Land cover receives 75% of component weight,C:/Users/terre/Documents/R/vaccinium/connectivity_inputs/sensitivity_analysis/land_weighted/mys/mys_hist_source.tif,C:/Users/terre/Documents/R/vaccinium/connectivity_inputs/sensitivity_analysis/land_weighted/mys/mys_hist_resistance.tif,3,0.25,0.75,0.75,FALSE,TRUE,TRUE,TRUE,5,not_started,NA,NA,NA,NA,NA,NA,NA,NA
mys,hist,no_pa_effect,mys_hist_no_pa_effect,Protected areas do not modify resistance,C:/Users/terre/Documents/R/vaccinium/connectivity_inputs/sensitivity_analysis/no_pa_effect/mys/mys_hist_source.tif,C:/Users/terre/Documents/R/vaccinium/connectivity_inputs/sensitivity_analysis/no_pa_effect/mys/mys_hist_resistance.tif,3,0.5,0.5,1,FALSE,TRUE,TRUE,TRUE,5,not_started,NA,NA,NA,NA,NA,NA,NA,NA
mys,hist,pa_full_barriers,mys_hist_pa_full_barriers,Protected areas may modify full land-cover barriers,C:/Users/terre/Documents/R/vaccinium/connectivity_inputs/sensitivity_analysis/pa_full_barriers/mys/mys_hist_source.tif,C:/Users/terre/Documents/R/vaccinium/connectivity_inputs/sensitivity_analysis/pa_full_barriers/mys/mys_hist_resistance.tif,3,0.5,0.5,0.75,TRUE,TRUE,TRUE,TRUE,5,not_started,NA,NA,NA,NA,NA,NA,NA,NA
mys,hist,shallow_suitability,mys_hist_shallow_suitability,Shallower suitability-resistance curve,C:/Users/terre/Documents/R/vaccinium/connectivity_inputs/sensitivity_analysis/shallow_suitability/mys/mys_hist_source.tif,C:/Users/terre/Documents/R/vaccinium/connectivity_inputs/sensitivity_analysis/shallow_suitability/mys/mys_hist_resistance.tif,2,0.5,0.5,0.75,FALSE,TRUE,TRUE,TRUE,5,not_started,NA,NA,NA,NA,NA,NA,NA,NA
mys,hist,steep_suitability,mys_hist_steep_suitability,Steeper suitability-resistance curve,C:/Users/terre/Documents/R/vaccinium/connectivity_inputs/sensitivity_analysis/steep_suitability/mys/mys_hist_source.tif,C:/Users/terre/Documents/R/vaccinium/connectivity_inputs/sensitivity_analysis/steep_suitability/mys/mys_hist_resistance.tif,4,0.5,0.5,0.75,FALSE,TRUE,TRUE,TRUE,5,not_started,NA,NA,NA,NA,NA,NA,NA,NA
mys,hist,strong_pa_effect,mys_hist_strong_pa_effect,Protected areas reduce resistance by 50%,C:/Users/terre/Documents/R/vaccinium/connectivity_inputs/sensitivity_analysis/strong_pa_effect/mys/mys_hist_source.tif,C:/Users/terre/Documents/R/vaccinium/connectivity_inputs/sensitivity_analysis/strong_pa_effect/mys/mys_hist_resistance.tif,3,0.5,0.5,0.5,FALSE,TRUE,TRUE,TRUE,5,not_started,NA,NA,NA,NA,NA,NA,NA,NA
mys,hist,suitability_weighted,mys_hist_suitability_weighted,Suitability receives 75% of component weight,C:/Users/terre/Documents/R/vaccinium/connectivity_inputs/sensitivity_analysis/suitability_weighted/mys/mys_hist_source.tif,C:/Users/terre/Documents/R/vaccinium/connectivity_inputs/sensitivity_analysis/suitability_weighted/mys/mys_hist_resistance.tif,3,0.75,0.25,0.75,FALSE,TRUE,TRUE,TRUE,5,not_started,NA,NA,NA,NA,NA,NA,NA,NA
pal,hist,baseline,pal_hist_baseline,Main resistance model,C:/Users/terre/Documents/R/vaccinium/connectivity_inputs/sensitivity_analysis/baseline/pal/pal_hist_source.tif,C:/Users/terre/Documents/R/vaccinium/connectivity_inputs/sensitivity_analysis/baseline/pal/pal_hist_resistance.tif,3,0.5,0.5,0.75,FALSE,TRUE,TRUE,TRUE,5,not_started,NA,NA,NA,NA,NA,NA,NA,NA
pal,hist,land_weighted,pal_hist_land_weighted,Land cover receives 75% of component weight,C:/Users/terre/Documents/R/vaccinium/connectivity_inputs/sensitivity_analysis/land_weighted/pal/pal_hist_source.tif,C:/Users/terre/Documents/R/vaccinium/connectivity_inputs/sensitivity_analysis/land_weighted/pal/pal_hist_resistance.tif,3,0.25,0.75,0.75,FALSE,TRUE,TRUE,TRUE,5,not_started,NA,NA,NA,NA,NA,NA,NA,NA
pal,hist,no_pa_effect,pal_hist_no_pa_effect,Protected areas do not modify resistance,C:/Users/terre/Documents/R/vaccinium/connectivity_inputs/sensitivity_analysis/no_pa_effect/pal/pal_hist_source.tif,C:/Users/terre/Documents/R/vaccinium/connectivity_inputs/sensitivity_analysis/no_pa_effect/pal/pal_hist_resistance.tif,3,0.5,0.5,1,FALSE,TRUE,TRUE,TRUE,5,not_started,NA,NA,NA,NA,NA,NA,NA,NA
pal,hist,pa_full_barriers,pal_hist_pa_full_barriers,Protected areas may modify full land-cover barriers,C:/Users/terre/Documents/R/vaccinium/connectivity_inputs/sensitivity_analysis/pa_full_barriers/pal/pal_hist_source.tif,C:/Users/terre/Documents/R/vaccinium/connectivity_inputs/sensitivity_analysis/pa_full_barriers/pal/pal_hist_resistance.tif,3,0.5,0.5,0.75,TRUE,TRUE,TRUE,TRUE,5,not_started,NA,NA,NA,NA,NA,NA,NA,NA
pal,hist,shallow_suitability,pal_hist_shallow_suitability,Shallower suitability-resistance curve,C:/Users/terre/Documents/R/vaccinium/connectivity_inputs/sensitivity_analysis/shallow_suitability/pal/pal_hist_source.tif,C:/Users/terre/Documents/R/vaccinium/connectivity_inputs/sensitivity_analysis/shallow_suitability/pal/pal_hist_resistance.tif,2,0.5,0.5,0.75,FALSE,TRUE,TRUE,TRUE,5,not_started,NA,NA,NA,NA,NA,NA,NA,NA
pal,hist,steep_suitability,pal_hist_steep_suitability,Steeper suitability-resistance curve,C:/Users/terre/Documents/R/vaccinium/connectivity_inputs/sensitivity_analysis/steep_suitability/pal/pal_hist_source.tif,C:/Users/terre/Documents/R/vaccinium/connectivity_inputs/sensitivity_analysis/steep_suitability/pal/pal_hist_resistance.tif,4,0.5,0.5,0.75,FALSE,TRUE,TRUE,TRUE,5,not_started,NA,NA,NA,NA,NA,NA,NA,NA
pal,hist,strong_pa_effect,pal_hist_strong_pa_effect,Protected areas reduce resistance by 50%,C:/Users/terre/Documents/R/vaccinium/connectivity_inputs/sensitivity_analysis/strong_pa_effect/pal/pal_hist_source.tif,C:/Users/terre/Documents/R/vaccinium/connectivity_inputs/sensitivity_analysis/strong_pa_effect/pal/pal_hist_resistance.tif,3,0.5,0.5,0.5,FALSE,TRUE,TRUE,TRUE,5,not_started,NA,NA,NA,NA,NA,NA,NA,NA
pal,hist,suitability_weighted,pal_hist_suitability_weighted,Suitability receives 75% of component weight,C:/Users/terre/Documents/R/vaccinium/connectivity_inputs/sensitivity_analysis/suitability_weighted/pal/pal_hist_source.tif,C:/Users/terre/Documents/R/vaccinium/connectivity_inputs/sensitivity_analysis/suitability_weighted/pal/pal_hist_resistance.tif,3,0.75,0.25,0.75,FALSE,TRUE,TRUE,TRUE,5,not_started,NA,NA,NA,NA,NA,NA,NA,NA
sim,hist,baseline,sim_hist_baseline,Main resistance model,C:/Users/terre/Documents/R/vaccinium/connectivity_inputs/sensitivity_analysis/baseline/sim/sim_hist_source.tif,C:/Users/terre/Documents/R/vaccinium/connectivity_inputs/sensitivity_analysis/baseline/sim/sim_hist_resistance.tif,3,0.5,0.5,0.75,FALSE,TRUE,TRUE,TRUE,5,not_started,NA,NA,NA,NA,NA,NA,NA,NA
sim,hist,land_weighted,sim_hist_land_weighted,Land cover receives 75% of component weight,C:/Users/terre/Documents/R/vaccinium/connectivity_inputs/sensitivity_analysis/land_weighted/sim/sim_hist_source.tif,C:/Users/terre/Documents/R/vaccinium/connectivity_inputs/sensitivity_analysis/land_weighted/sim/sim_hist_resistance.tif,3,0.25,0.75,0.75,FALSE,TRUE,TRUE,TRUE,5,not_started,NA,NA,NA,NA,NA,NA,NA,NA
sim,hist,no_pa_effect,sim_hist_no_pa_effect,Protected areas do not modify resistance,C:/Users/terre/Documents/R/vaccinium/connectivity_inputs/sensitivity_analysis/no_pa_effect/sim/sim_hist_source.tif,C:/Users/terre/Documents/R/vaccinium/connectivity_inputs/sensitivity_analysis/no_pa_effect/sim/sim_hist_resistance.tif,3,0.5,0.5,1,FALSE,TRUE,TRUE,TRUE,5,not_started,NA,NA,NA,NA,NA,NA,NA,NA
sim,hist,pa_full_barriers,sim_hist_pa_full_barriers,Protected areas may modify full land-cover barriers,C:/Users/terre/Documents/R/vaccinium/connectivity_inputs/sensitivity_analysis/pa_full_barriers/sim/sim_hist_source.tif,C:/Users/terre/Documents/R/vaccinium/connectivity_inputs/sensitivity_analysis/pa_full_barriers/sim/sim_hist_resistance.tif,3,0.5,0.5,0.75,TRUE,TRUE,TRUE,TRUE,5,not_started,NA,NA,NA,NA,NA,NA,NA,NA
sim,hist,shallow_suitability,sim_hist_shallow_suitability,Shallower suitability-resistance curve,C:/Users/terre/Documents/R/vaccinium/connectivity_inputs/sensitivity_analysis/shallow_suitability/sim/sim_hist_source.tif,C:/Users/terre/Documents/R/vaccinium/connectivity_inputs/sensitivity_analysis/shallow_suitability/sim/sim_hist_resistance.tif,2,0.5,0.5,0.75,FALSE,TRUE,TRUE,TRUE,5,not_started,NA,NA,NA,NA,NA,NA,NA,NA
sim,hist,steep_suitability,sim_hist_steep_suitability,Steeper suitability-resistance curve,C:/Users/terre/Documents/R/vaccinium/connectivity_inputs/sensitivity_analysis/steep_suitability/sim/sim_hist_source.tif,C:/Users/terre/Documents/R/vaccinium/connectivity_inputs/sensitivity_analysis/steep_suitability/sim/sim_hist_resistance.tif,4,0.5,0.5,0.75,FALSE,TRUE,TRUE,TRUE,5,not_started,NA,NA,NA,NA,NA,NA,NA,NA
sim,hist,strong_pa_effect,sim_hist_strong_pa_effect,Protected areas reduce resistance by 50%,C:/Users/terre/Documents/R/vaccinium/connectivity_inputs/sensitivity_analysis/strong_pa_effect/sim/sim_hist_source.tif,C:/Users/terre/Documents/R/vaccinium/connectivity_inputs/sensitivity_analysis/strong_pa_effect/sim/sim_hist_resistance.tif,3,0.5,0.5,0.5,FALSE,TRUE,TRUE,TRUE,5,not_started,NA,NA,NA,NA,NA,NA,NA,NA
sim,hist,suitability_weighted,sim_hist_suitability_weighted,Suitability receives 75% of component weight,C:/Users/terre/Documents/R/vaccinium/connectivity_inputs/sensitivity_analysis/suitability_weighted/sim/sim_hist_source.tif,C:/Users/terre/Documents/R/vaccinium/connectivity_inputs/sensitivity_analysis/suitability_weighted/sim/sim_hist_resistance.tif,3,0.75,0.25,0.75,FALSE,TRUE,TRUE,TRUE,5,not_started,NA,NA,NA,NA,NA,NA,NA,NA
ten,hist,baseline,ten_hist_baseline,Main resistance model,C:/Users/terre/Documents/R/vaccinium/connectivity_inputs/sensitivity_analysis/baseline/ten/ten_hist_source.tif,C:/Users/terre/Documents/R/vaccinium/connectivity_inputs/sensitivity_analysis/baseline/ten/ten_hist_resistance.tif,3,0.5,0.5,0.75,FALSE,TRUE,TRUE,TRUE,5,not_started,NA,NA,NA,NA,NA,NA,NA,NA
ten,hist,land_weighted,ten_hist_land_weighted,Land cover receives 75% of component weight,C:/Users/terre/Documents/R/vaccinium/connectivity_inputs/sensitivity_analysis/land_weighted/ten/ten_hist_source.tif,C:/Users/terre/Documents/R/vaccinium/connectivity_inputs/sensitivity_analysis/land_weighted/ten/ten_hist_resistance.tif,3,0.25,0.75,0.75,FALSE,TRUE,TRUE,TRUE,5,not_started,NA,NA,NA,NA,NA,NA,NA,NA
ten,hist,no_pa_effect,ten_hist_no_pa_effect,Protected areas do not modify resistance,C:/Users/terre/Documents/R/vaccinium/connectivity_inputs/sensitivity_analysis/no_pa_effect/ten/ten_hist_source.tif,C:/Users/terre/Documents/R/vaccinium/connectivity_inputs/sensitivity_analysis/no_pa_effect/ten/ten_hist_resistance.tif,3,0.5,0.5,1,FALSE,TRUE,TRUE,TRUE,5,not_started,NA,NA,NA,NA,NA,NA,NA,NA
ten,hist,pa_full_barriers,ten_hist_pa_full_barriers,Protected areas may modify full land-cover barriers,C:/Users/terre/Documents/R/vaccinium/connectivity_inputs/sensitivity_analysis/pa_full_barriers/ten/ten_hist_source.tif,C:/Users/terre/Documents/R/vaccinium/connectivity_inputs/sensitivity_analysis/pa_full_barriers/ten/ten_hist_resistance.tif,3,0.5,0.5,0.75,TRUE,TRUE,TRUE,TRUE,5,not_started,NA,NA,NA,NA,NA,NA,NA,NA
ten,hist,shallow_suitability,ten_hist_shallow_suitability,Shallower suitability-resistance curve,C:/Users/terre/Documents/R/vaccinium/connectivity_inputs/sensitivity_analysis/shallow_suitability/ten/ten_hist_source.tif,C:/Users/terre/Documents/R/vaccinium/connectivity_inputs/sensitivity_analysis/shallow_suitability/ten/ten_hist_resistance.tif,2,0.5,0.5,0.75,FALSE,TRUE,TRUE,TRUE,5,not_started,NA,NA,NA,NA,NA,NA,NA,NA
ten,hist,steep_suitability,ten_hist_steep_suitability,Steeper suitability-resistance curve,C:/Users/terre/Documents/R/vaccinium/connectivity_inputs/sensitivity_analysis/steep_suitability/ten/ten_hist_source.tif,C:/Users/terre/Documents/R/vaccinium/connectivity_inputs/sensitivity_analysis/steep_suitability/ten/ten_hist_resistance.tif,4,0.5,0.5,0.75,FALSE,TRUE,TRUE,TRUE,5,not_started,NA,NA,NA,NA,NA,NA,NA,NA
ten,hist,strong_pa_effect,ten_hist_strong_pa_effect,Protected areas reduce resistance by 50%,C:/Users/terre/Documents/R/vaccinium/connectivity_inputs/sensitivity_analysis/strong_pa_effect/ten/ten_hist_source.tif,C:/Users/terre/Documents/R/vaccinium/connectivity_inputs/sensitivity_analysis/strong_pa_effect/ten/ten_hist_resistance.tif,3,0.5,0.5,0.5,FALSE,TRUE,TRUE,TRUE,5,not_started,NA,NA,NA,NA,NA,NA,NA,NA
ten,hist,suitability_weighted,ten_hist_suitability_weighted,Suitability receives 75% of component weight,C:/Users/terre/Documents/R/vaccinium/connectivity_inputs/sensitivity_analysis/suitability_weighted/ten/ten_hist_source.tif,C:/Users/terre/Documents/R/vaccinium/connectivity_inputs/sensitivity_analysis/suitability_weighted/ten/ten_hist_resistance.tif,3,0.75,0.25,0.75,FALSE,TRUE,TRUE,TRUE,5,not_started,NA,NA,NA,NA,NA,NA,NA,NA
vir,hist,baseline,vir_hist_baseline,Main resistance model,C:/Users/terre/Documents/R/vaccinium/connectivity_inputs/sensitivity_analysis/baseline/vir/vir_hist_source.tif,C:/Users/terre/Documents/R/vaccinium/connectivity_inputs/sensitivity_analysis/baseline/vir/vir_hist_resistance.tif,3,0.5,0.5,0.75,FALSE,TRUE,TRUE,TRUE,5,not_started,NA,NA,NA,NA,NA,NA,NA,NA
vir,hist,land_weighted,vir_hist_land_weighted,Land cover receives 75% of component weight,C:/Users/terre/Documents/R/vaccinium/connectivity_inputs/sensitivity_analysis/land_weighted/vir/vir_hist_source.tif,C:/Users/terre/Documents/R/vaccinium/connectivity_inputs/sensitivity_analysis/land_weighted/vir/vir_hist_resistance.tif,3,0.25,0.75,0.75,FALSE,TRUE,TRUE,TRUE,5,not_started,NA,NA,NA,NA,NA,NA,NA,NA
vir,hist,no_pa_effect,vir_hist_no_pa_effect,Protected areas do not modify resistance,C:/Users/terre/Documents/R/vaccinium/connectivity_inputs/sensitivity_analysis/no_pa_effect/vir/vir_hist_source.tif,C:/Users/terre/Documents/R/vaccinium/connectivity_inputs/sensitivity_analysis/no_pa_effect/vir/vir_hist_resistance.tif,3,0.5,0.5,1,FALSE,TRUE,TRUE,TRUE,5,not_started,NA,NA,NA,NA,NA,NA,NA,NA
vir,hist,pa_full_barriers,vir_hist_pa_full_barriers,Protected areas may modify full land-cover barriers,C:/Users/terre/Documents/R/vaccinium/connectivity_inputs/sensitivity_analysis/pa_full_barriers/vir/vir_hist_source.tif,C:/Users/terre/Documents/R/vaccinium/connectivity_inputs/sensitivity_analysis/pa_full_barriers/vir/vir_hist_resistance.tif,3,0.5,0.5,0.75,TRUE,TRUE,TRUE,TRUE,5,not_started,NA,NA,NA,NA,NA,NA,NA,NA
vir,hist,shallow_suitability,vir_hist_shallow_suitability,Shallower suitability-resistance curve,C:/Users/terre/Documents/R/vaccinium/connectivity_inputs/sensitivity_analysis/shallow_suitability/vir/vir_hist_source.tif,C:/Users/terre/Documents/R/vaccinium/connectivity_inputs/sensitivity_analysis/shallow_suitability/vir/vir_hist_resistance.tif,2,0.5,0.5,0.75,FALSE,TRUE,TRUE,TRUE,5,not_started,NA,NA,NA,NA,NA,NA,NA,NA
vir,hist,steep_suitability,vir_hist_steep_suitability,Steeper suitability-resistance curve,C:/Users/terre/Documents/R/vaccinium/connectivity_inputs/sensitivity_analysis/steep_suitability/vir/vir_hist_source.tif,C:/Users/terre/Documents/R/vaccinium/connectivity_inputs/sensitivity_analysis/steep_suitability/vir/vir_hist_resistance.tif,4,0.5,0.5,0.75,FALSE,TRUE,TRUE,TRUE,5,not_started,NA,NA,NA,NA,NA,NA,NA,NA
vir,hist,strong_pa_effect,vir_hist_strong_pa_effect,Protected areas reduce resistance by 50%,C:/Users/terre/Documents/R/vaccinium/connectivity_inputs/sensitivity_analysis/strong_pa_effect/vir/vir_hist_source.tif,C:/Users/terre/Documents/R/vaccinium/connectivity_inputs/sensitivity_analysis/strong_pa_effect/vir/vir_hist_resistance.tif,3,0.5,0.5,0.5,FALSE,TRUE,TRUE,TRUE,5,not_started,NA,NA,NA,NA,NA,NA,NA,NA
vir,hist,suitability_weighted,vir_hist_suitability_weighted,Suitability receives 75% of component weight,C:/Users/terre/Documents/R/vaccinium/connectivity_inputs/sensitivity_analysis/suitability_weighted/vir/vir_hist_source.tif,C:/Users/terre/Documents/R/vaccinium/connectivity_inputs/sensitivity_analysis/suitability_weighted/vir/vir_hist_resistance.tif,3,0.75,0.25,0.75,FALSE,TRUE,TRUE,TRUE,5,not_started,NA,NA,NA,NA,NA,NA,NA,NA
