<?xml version="1.0" encoding="utf-8"?>
<eml:eml xmlns:eml="https://eml.ecoinformatics.org/eml-2.2.0" xmlns:xsi="http://www.w3.org/2001/XMLSchema-instance"
         xsi:schemaLocation="https://eml.ecoinformatics.org/eml-2.2.0 https://rs.gbif.org/schema/eml-gbif-profile/1.3/eml.xsd"
packageId="10.15468/dl.849msm"  system="http://gbif.org" scope="system"
xml:lang="en">
    <dataset>
        <alternateIdentifier>0020984-241024112534372</alternateIdentifier>
        <title>GBIF Occurrence Download 10.15468/dl.849msm</title>
        <creator>
            <individualName>
                <surName>GBIF Download Service</surName>
            </individualName>
            <electronicMailAddress>support@gbif.org</electronicMailAddress>
        </creator>
        <metadataProvider>
            <individualName>
                <surName>GBIF Download Service</surName>
            </individualName>
            <electronicMailAddress>support@gbif.org</electronicMailAddress>
        </metadataProvider>
        <pubDate>
                2024-11-04
        </pubDate>
        <language>ENGLISH</language>
        <abstract>
            A dataset containing all occurrences available in GBIF matching the query:
{
  "and" : [
    "TaxonKey is Vaccinium myrtilloides Michx.",
    "BasisOfRecord is one of (Specimen, Human Observation, Occurrence evidence, Material sample, Living Specimen)",
    "HasCoordinate is true",
    "Country is one of (Canada, United States of America, Mexico)"
  ]
}
The dataset includes records from the following constituent datasets. The full metadata for each constituent is also included in this archive:
11 records from University of Montana Herbarium
2 records from Eastern Michigan University Herbarium
61 records from University of British Columbia Herbarium (UBC) - Vascular Plant Collection
3 records from World Plant Specimen from the Herbaria in China
3 records from Plant Resources Center
2 records from University of British Columbia Botanical Garden Collections (UBCBG)
2 records from Mohonk Preserve Historical Observational Biodiversity Data
65 records from University of Vermont, Pringle Herbarium
17 records from University of Louisiana at Monroe Herbarium, R. Dale Thomas Collection
1 records from The AAU Herbarium Database
1 records from Natural History Collections of the Faculty of Biology AMU
1 records from Vanderbilt University Herbarium
13 records from Botanical Research Institute of Texas, Philecology Herbarium
1 records from Natural History Museum, Vienna - Herbarium W
1 records from Marshall University
3 records from University of Lethbridge Herbarium (LEA)
39 records from Academy of Natural Sciences of Drexel University
1 records from Putnam Museum and Science Center
1 records from South Dakota State University, C. A. Taylor Herbarium
3 records from Collections and observation data National Museum of Natural History Luxembourg
103 records from University of Michigan Herbarium
2 records from West Virginia Natural Heritage Program Herbarium
5 records from Montana State University Herbarium
15 records from MPM Milwaukee Public Museum Herbarium
153 records from Bell Museum plants
5 records from Rutgers University, Chrysler Herbarium
1 records from Herbier Boreal Confluence (BOUM)
51 records from University of Wisconsin - Green Bay
1 records from Texas Tech University, E. L. Reed Herbarium
2 records from Pittsburg State University, Theodore M. Sperry Herbarium
32 records from University of Alberta Vascular Plant Herbarium (ALTA-VP)
1 records from Central Michigan University Herbarium
6 records from University of Wisconsin - Whitewater Herbarium
8 records from Tropicos MO Specimen Data
10 records from North Carolina State University Vascular Plant Herbarium
1 records from Maryland Department of Natural Resources
7 records from United States National Plant Germplasm System Collection
2 records from Washington State University Herbarium
19 records from University of Manitoba Herbarium (WIN) - Vascular Plant Collection
1 records from Snake River Plain Herbarium (Boise State University, Idaho, USA)
6 records from Muhlenberg College
2 records from MVSC; The James C. Parks Herbarium at Millersville University
1 records from Staten Island Museum
1 records from Mount Rainier National Park (USA) Vascular Plants
1 records from CHAS Botany Collection (Arctos)
3 records from Naturalis Biodiversity Center (NL) - Botany
3 records from Loyola University Chicago Herbarium
5 records from The vascular plants collection (P) at the Herbarium of the Muséum national d'Histoire Naturelle (MNHN - Paris)
47 records from G. S. Torrey Herbarium at the University of Connecticut (CONN)
1 records from Lund University Biological Museum - Botanical collection (LD)
1 records from Eastern Illinois University, Stover-Ebinger Herbarium
94 records from Herbier du Québec (QUE) - Collection de plantes vasculaires
1 records from McGill University Herbarium Database
13 records from Royal BC Museum - Herbarium (V)
1 records from CAS Botany (BOT)
171 records from A global database for the distributions of crop wild relatives
2 records from Royal Botanic Gardens, Kew - Herbarium Specimens
1 records from CSIC-Real Jardín Botánico-Colección de Plantas Vasculares (MA)
120 records from Herbier Louis-Marie (QFA) - Collection de plantes vasculaires
2 records from NMNH Extant Specimen Records (USNM, US)
10 records from The Portneuf-sur-Mer Salt Marsh - Characterization of Important Coastal Habitats on the North Shore of the St. Lawrence Estuary | Le marais salé de Portneuf-sur-Mer - Caractérisation des habitats littoraux d’importance de la rive nord de l’estuaire maritime du Saint-Laurent
6 records from University of Wisconsin - Eau Claire Herbarium
148 records from Royal Ontario Museum Green Plant Herbarium (TRT)
88 records from National Collection of Vascular Plants (DAO)
9 records from Harriet Irving Botanical Gardens (HIBG)
2 records from NEON Biorepository Terrestrial Plant Collection (Herbarium Vouchers)
1 records from Vascular Plant Collection - University of Washington Herbarium (WTU)
2 records from Washington State University Marion Ownbey Herbarium
1 records from Fairchild Tropical Botanic Garden (FTG)
123 records from Carnegie Museum of Natural History Herbarium
2 records from Royal Botanic Garden Edinburgh Living Plant Collections (E)
2 records from University of Idaho, Stillinger Herbarium Vascular Plants
3 records from UCR - University of California, Riverside Herbarium - Vascular Plants
3 records from Tropicos Specimens Non-MO
1 records from Quaternary Environments Collections (Royal Alberta Museum)
2 records from E. C. Smith Herbarium (ACAD) - Cape Breton University Collection
4 records from RSA - California Botanic Garden Herbarium
6 records from INSDC Sequences
17 records from Morris Arboretum of University of Pennsylvania
75 records from Canadian Museum of Nature Herbarium
5 records from LOB - California State University, Long Beach Herbarium
64 records from E. C. Smith Herbarium (ACAD)
1 records from Botany Division, Yale Peabody Museum
8 records from Pl@ntNet observations
2 records from University of Florida Herbarium (FLAS)
1 records from Appalachian State University, I. W. Carpenter, Jr. Herbarium
46 records from New Brunswick Museum - Vascular Plants
48 records from Pl@ntNet automatically identified occurrences
1 records from Mohonk Preserve Herbarium
26 records from The New York Botanical Garden Herbarium (NY)
122 records from Marie-Victorin Herbarium (MT) - Plantes vasculaires
4 records from Moscow University Herbarium (MW)
3330 records from iNaturalist Research-grade Observations

        </abstract>
        <contact>
            <individualName>
                <surName>GBIF Download Service</surName>
            </individualName>
            <electronicMailAddress>support@gbif.org</electronicMailAddress>
        </contact>

    </dataset>

    <additionalMetadata>
        <metadata>
            <gbif>
                <dateStamp>2024-11-04T13:28:37Z</dateStamp>
                <citation identifier="10.15468/dl.849msm">GBIF Occurrence Download 10.15468/dl.849msm</citation>
                <physical>
                    <objectName>Darwin Core Archive</objectName>
                    <characterEncoding>UTF-8</characterEncoding>
                    <dataFormat>
                        <externallyDefinedFormat>
                            <formatName>Darwin Core Archive</formatName>
                        </externallyDefinedFormat>
                    </dataFormat>
                    <distribution>
                        <online>
                            <url function="download">https://api.gbif.org/v1/occurrence/download/request/0020984-241024112534372.zip</url>
                        </online>
                    </distribution>
                </physical>
            </gbif>
        </metadata>
    </additionalMetadata>
    </eml:eml>
