<?xml version="1.0" encoding="utf-8"?>
<eml:eml xmlns:eml="https://eml.ecoinformatics.org/eml-2.2.0" xmlns:xsi="http://www.w3.org/2001/XMLSchema-instance"
         xsi:schemaLocation="https://eml.ecoinformatics.org/eml-2.2.0 https://rs.gbif.org/schema/eml-gbif-profile/1.3/eml.xsd"
packageId="51e89cea-1387-460f-9ad2-c3efcbfbbf2f"  system="http://gbif.org" scope="system"
xml:lang="en">
    <dataset>
        <alternateIdentifier>10.15468/b6zrtg</alternateIdentifier>
        <alternateIdentifier>51e89cea-1387-460f-9ad2-c3efcbfbbf2f</alternateIdentifier>
        <alternateIdentifier>https://bison.usgs.gov/ipt/resource?r=mohonk-phenology</alternateIdentifier>
        <title>Mohonk Preserve Phenology Observations</title>
        <creator>
            <individualName>
                <givenName>Alexis</givenName>
                <surName>Garretson</surName>
            </individualName>
            <organizationName>Mohonk Preserve</organizationName>
            <positionName>Research Associate</positionName>
            <address>
                <deliveryPoint>PO Box 715</deliveryPoint>
                <city>New Paltz</city>
                <administrativeArea>New York</administrativeArea>
                <postalCode>12561</postalCode>
                <country>UNITED_STATES</country>
            </address>
            <phone>8452550919</phone>
            <electronicMailAddress>alexis.garretson@tufts.edu</electronicMailAddress>
            <onlineUrl>http://www.alexisgarretson.com</onlineUrl>
            <userId directory="http://orcid.org/">0000-0002-7260-0131</userId>
        </creator>
        <creator>
            <individualName>
                <surName>Mohonk Preserve Director of Conservation Science</surName>
            </individualName>
            <organizationName>Mohonk Preserve</organizationName>
            <positionName>Director of Conservation Science</positionName>
            <address>
                <deliveryPoint>PO Box 715</deliveryPoint>
                <city>New Paltz</city>
                <administrativeArea>New York</administrativeArea>
                <postalCode>12561</postalCode>
                <country>UNITED_STATES</country>
            </address>
            <phone>8452550919</phone>
            <electronicMailAddress>research@mohonkpreserve.org</electronicMailAddress>
        </creator>
        <creator>
            <individualName>
                <givenName>Megan</givenName>
                <surName>Napoli</surName>
            </individualName>
            <organizationName>Mohonk Preserve</organizationName>
            <positionName>Research Ecologist</positionName>
            <electronicMailAddress>mnapoli@mohonkpreserve.org</electronicMailAddress>
            <userId directory="http://orcid.org/">0000-0003-2390-6545</userId>
        </creator>
        <creator>
            <individualName>
                <givenName>Natalie</givenName>
                <surName>Feldsine</surName>
            </individualName>
            <organizationName>Mohonk Preserve</organizationName>
            <positionName>Research Collection and Citizen Science Coordinator</positionName>
            <address>
                <deliveryPoint>PO Box 715</deliveryPoint>
                <city>New Paltz</city>
                <administrativeArea>New York</administrativeArea>
                <postalCode>12561</postalCode>
            </address>
            <phone>8452550919</phone>
            <userId directory="http://orcid.org/">0000-0003-4331-3042</userId>
        </creator>
        <creator>
            <individualName>
                <givenName>Elizabeth C</givenName>
                <surName>Long</surName>
            </individualName>
            <organizationName>Mohonk Preserve</organizationName>
            <positionName>Former Director of Conservation Science</positionName>
            <address>
                <deliveryPoint>PO Box 715</deliveryPoint>
                <city>New Paltz</city>
                <administrativeArea>New York</administrativeArea>
                <postalCode>12561</postalCode>
            </address>
            <phone>8452550919</phone>
            <userId directory="http://orcid.org/">0000-0002-7410-5548</userId>
        </creator>
        <metadataProvider>
            <individualName>
                <givenName>Alexis</givenName>
                <surName>Garretson</surName>
            </individualName>
            <organizationName>Mohonk Preserve</organizationName>
            <positionName>Research Associate</positionName>
            <address>
                <deliveryPoint>PO Box 715</deliveryPoint>
                <city>New Paltz</city>
                <administrativeArea>New York</administrativeArea>
                <postalCode>12561</postalCode>
                <country>UNITED_STATES</country>
            </address>
            <phone>8452550919</phone>
            <electronicMailAddress>alexis.garretson@tufts.edu</electronicMailAddress>
            <onlineUrl>http://www.alexisgarretson.com</onlineUrl>
            <userId directory="http://orcid.org/">0000-0002-7260-0131</userId>
        </metadataProvider>
        <associatedParty>
            <individualName>
                <givenName>Alexis</givenName>
                <surName>Garretson</surName>
            </individualName>
            <organizationName>Mohonk Preserve</organizationName>
            <positionName>Research Associate</positionName>
            <address>
                <deliveryPoint>PO Box 715</deliveryPoint>
                <city>New Paltz</city>
                <administrativeArea>New York</administrativeArea>
                <postalCode>12561</postalCode>
                <country>UNITED_STATES</country>
            </address>
            <phone>8452550919</phone>
            <electronicMailAddress>alexis.garretson@tufts.edu</electronicMailAddress>
            <onlineUrl>http://www.alexisgarretson.com</onlineUrl>
            <userId directory="http://orcid.org/">0000-0002-7260-0131</userId>
            <role>CURATOR</role>
        </associatedParty>
        <associatedParty>
            <individualName>
                <surName>Daniel Smiley Research Center</surName>
            </individualName>
            <organizationName>Mohonk Preserve</organizationName>
            <positionName>Conservation Science</positionName>
            <address>
                <deliveryPoint>PO Box 715</deliveryPoint>
                <city>New Paltz</city>
                <administrativeArea>New York</administrativeArea>
                <postalCode>12561</postalCode>
                <country>UNITED_STATES</country>
            </address>
            <phone>8452550919</phone>
            <electronicMailAddress>research@mohonkpreserve.org</electronicMailAddress>
            <role>POINT_OF_CONTACT</role>
        </associatedParty>
        <associatedParty>
            <individualName>
                <givenName>Julia</givenName>
                <surName>Solomon</surName>
            </individualName>
            <organizationName>Mohonk Preserve</organizationName>
            <positionName>Director of Conservation Programs</positionName>
            <address>
                <deliveryPoint>PO Box 715</deliveryPoint>
                <city>New Paltz</city>
                <administrativeArea>New York</administrativeArea>
                <postalCode>12561</postalCode>
            </address>
            <phone>8452550919</phone>
            <electronicMailAddress>jsolomon@mohonkpreserve.org</electronicMailAddress>
            <role>POINT_OF_CONTACT</role>
        </associatedParty>
        <pubDate>
                2023-01-01
        </pubDate>
        <language>ENGLISH</language>
        <abstract>
            Phenology records around Mohonk Lake date back to the early 1900s, when Daniel and Keith Smiley started noting the date of spring bird arrivals. The Preserve’s Daniel Smiley Research Center continues this tradition of natural history observation and has expanded the scope of the Smileys’ phenology records to monitor seasonal changes in plants and other fauna at Mohonk Preserve on local, regional, and national levels. Alongside our long-term weather data, these data provide insight into the changing communities in the Mohonk Preserve in response to changing climate. These data include first occurrence dates for each of the taxa and associated life stages in the vicinity of Mohonk Preserve and were collected by staff at the Daniel Smiley Research Center.
        </abstract>
        <keywordSet>
            <keyword>Occurrence</keyword>
            <keywordThesaurus>GBIF Dataset Type Vocabulary: http://rs.gbif.org/vocabulary/gbif/dataset_type_2015-07-10.xml</keywordThesaurus>
        </keywordSet>
        <intellectualRights>
            <para>To the extent possible under law, the publisher has waived all rights to these data and has dedicated them to the <ulink url="http://creativecommons.org/publicdomain/zero/1.0/legalcode"><citetitle>Public Domain (CC0 1.0)</citetitle></ulink>. Users may copy, modify, distribute and use the work, including for commercial purposes, without restriction.</para>
        </intellectualRights>
        <licensed>
            <licenseName>Creative Commons Zero v1.0 Universal</licenseName>
            <url>https://spdx.org/licenses/CC0-1.0.html</url>
            <identifier>CC0-1.0</identifier>
        </licensed>
        <distribution scope="document">
            <online>
                <url function="download">https://ipt.gbif.us/archive.do?r=mohonk-phenology</url>
            </online>
        </distribution>
        <coverage>
            <geographicCoverage>
                <geographicDescription>Collected in the vicinity of Mohonk Preserve</geographicDescription>
                <boundingCoordinates>
                    <westBoundingCoordinate>-74.15</westBoundingCoordinate>
                    <eastBoundingCoordinate>-74.15</eastBoundingCoordinate>
                    <northBoundingCoordinate>41.75</northBoundingCoordinate>
                    <southBoundingCoordinate>41.75</southBoundingCoordinate>
                </boundingCoordinates>
            </geographicCoverage>
            <temporalCoverage>
                <rangeOfDates>
                    <beginDate>
                        <calendarDate>                1912-06-16
</calendarDate>
                    </beginDate>
                    <endDate>
                        <calendarDate>                2020-09-01
</calendarDate>
                    </endDate>
                </rangeOfDates>
            </temporalCoverage>
        </coverage>
        <maintenance>
            <description>
                <para></para>
            </description>
            <maintenanceUpdateFrequency>annually</maintenanceUpdateFrequency>
        </maintenance>
        <contact>
            <individualName>
                <givenName>Alexis</givenName>
                <surName>Garretson</surName>
            </individualName>
            <organizationName>Mohonk Preserve</organizationName>
            <positionName>Research Associate</positionName>
            <address>
                <deliveryPoint>PO Box 715</deliveryPoint>
                <city>New Paltz</city>
                <administrativeArea>New York</administrativeArea>
                <postalCode>12561</postalCode>
                <country>UNITED_STATES</country>
            </address>
            <phone>8452550919</phone>
            <electronicMailAddress>alexis.garretson@tufts.edu</electronicMailAddress>
            <onlineUrl>http://www.alexisgarretson.com</onlineUrl>
            <userId directory="http://orcid.org/">0000-0002-7260-0131</userId>
        </contact>
        <contact>
            <individualName>
                <givenName>Megan</givenName>
                <surName>Napoli</surName>
            </individualName>
            <organizationName>Mohonk Preserve</organizationName>
            <positionName>Research Ecologist</positionName>
            <address>
                <deliveryPoint>PO Box 715</deliveryPoint>
                <city>New Paltz</city>
                <administrativeArea>New York</administrativeArea>
                <postalCode>12561</postalCode>
            </address>
            <phone>8452550919</phone>
            <electronicMailAddress>mnapoli@mohonkpreserve.org</electronicMailAddress>
            <userId directory="http://orcid.org/">0000-0003-2390-6545</userId>
        </contact>
        <contact>
            <individualName>
                <surName>Mohonk Preserve Director of Conservation Science</surName>
            </individualName>
            <organizationName>Mohonk Preserve</organizationName>
            <positionName>Director of Conservation Science</positionName>
            <address>
                <deliveryPoint>PO Box 715</deliveryPoint>
                <city>New Paltz</city>
                <administrativeArea>New York</administrativeArea>
                <postalCode>12561</postalCode>
                <country>UNITED_STATES</country>
            </address>
            <phone>8452550919</phone>
            <electronicMailAddress>research@mohonkpreserve.org</electronicMailAddress>
        </contact>
        <methods>
            <methodStep>
                <description>
                    <para>Mohonk Preserve staff have a list of target species and phenophases, and each year staff actively search areas where these species are known to occur to determine the first observation date of each phenophase.</para>
                </description>
            </methodStep>
            <sampling>
                <studyExtent>
                    <description>
                        <para>The study extent is the Mohonk Preserve vicinity, and from 1925 to present, with annual update frequencies.</para>
                    </description>
                </studyExtent>
                <samplingDescription>
                    <para>Mohonk Preserve Staff collects observational phenology data for a variety of local taxa, including plants, insects, birds, and amphibians, and life stages.</para>
                </samplingDescription>
            </sampling>
        </methods>

    </dataset>

    <additionalMetadata>
        <metadata>
            <gbif>
                <dateStamp>2024-11-04T13:55:18Z</dateStamp>
                <citation>Garretson A, Mohonk Preserve Director of Conservation Science, Napoli M, Feldsine N, Long E C (2023). Mohonk Preserve Phenology Observations. Mohonk Preserve. Occurrence dataset https://doi.org/10.15468/b6zrtg accessed via GBIF.org on 2024-11-04.</citation>
            </gbif>
        </metadata>
    </additionalMetadata>
    </eml:eml>
