<?xml version="1.0" encoding="utf-8"?>
<eml:eml xmlns:eml="https://eml.ecoinformatics.org/eml-2.2.0" xmlns:xsi="http://www.w3.org/2001/XMLSchema-instance"
         xsi:schemaLocation="https://eml.ecoinformatics.org/eml-2.2.0 https://rs.gbif.org/schema/eml-gbif-profile/1.3/eml.xsd"
packageId="10.15468/dl.2ga86n"  system="http://gbif.org" scope="system"
xml:lang="en">
    <dataset>
        <alternateIdentifier>0021004-241024112534372</alternateIdentifier>
        <title>GBIF Occurrence Download 10.15468/dl.2ga86n</title>
        <creator>
            <individualName>
                <surName>GBIF Download Service</surName>
            </individualName>
            <electronicMailAddress>support@gbif.org</electronicMailAddress>
        </creator>
        <metadataProvider>
            <individualName>
                <surName>GBIF Download Service</surName>
            </individualName>
            <electronicMailAddress>support@gbif.org</electronicMailAddress>
        </metadataProvider>
        <pubDate>
                2024-11-04
        </pubDate>
        <language>ENGLISH</language>
        <abstract>
            A dataset containing all occurrences available in GBIF matching the query:
{
  "and" : [
    "TaxonKey is one of (Vaccinium oxycoccos L., Vaccinium microcarpum (Turcz. ex Rupr.) Schmalh. ex Busch)",
    "BasisOfRecord is one of (Specimen, Human Observation, Occurrence evidence, Material sample, Living Specimen)",
    "HasCoordinate is true",
    "Country is one of (Canada, United States of America, Mexico)"
  ]
}
The dataset includes records from the following constituent datasets. The full metadata for each constituent is also included in this archive:
1 records from Eastern Michigan University Herbarium
64 records from Occurrences from Kenai National Wildlife Refuge’s Long Term Ecological Monitoring Program, 1999–2006
1 records from College of Idaho Herbarium
98 records from University of British Columbia Herbarium (UBC) - Vascular Plant Collection
1 records from University of British Columbia Botanical Garden Collections (UBCBG)
1 records from Plant Resources Center
44 records from University of Vermont, Pringle Herbarium
3 records from University of Louisiana at Monroe Herbarium, R. Dale Thomas Collection
1 records from Mississippi State University
4 records from Putnam Museum and Science Center
1 records from Collections and observation data National Museum of Natural History Luxembourg
2 records from Michigan State University Herbarium Vascular Plants
1 records from CHSC - Ahart Herbarium, CSU Chico - Vascular Plants
1 records from North Cascades National Park (USA) Herbarium Vascular Plants
3 records from Digitalización y Sistematización de las Colecciones Biológicas Nacionales del Instituto de Biología, UNAM (Plantas vasculares)
4 records from Rutgers University, Chrysler Herbarium
35 records from University of Wisconsin - Green Bay
7 records from Bruce Bennett Herbarium (BABY)
8 records from University of Wisconsin - Whitewater Herbarium
7 records from Central Michigan University Herbarium
4 records from Tropicos MO Specimen Data
1 records from Herbario de la Universidad de Sevilla
6 records from Maryland Department of Natural Resources
1 records from SBBG - Clifton Smith Herbarium, Santa Barbara Botanic Garden
2 records from Kenai National Wildlife Refuge, Alaska (KNWR) Plant specimens (Arctos)
21 records from United States National Plant Germplasm System Collection
1 records from Western Illinois University, ​R. M. Myers Herbarium
1 records from Eastern Washington University Herbarium Vascular Plants.
3 records from Pacific Northwest Herbarium (Western Washington University, Washington, USA)
1 records from Naturalis Biodiversity Center (NL) - Botany
1 records from Geneva Herbarium – De Candolle's Prodromus (G-DC)
3 records from Lord Fairfax Community College Herbarium
5 records from The vascular plants collection (P) at the Herbarium of the Muséum national d'Histoire Naturelle (MNHN - Paris)
1 records from HSC - Humboldt State University Vascular Plant Herbarium
1 records from Intermountain Herbarium (Vasc. &amp; Algae)
1 records from PUA - Pacific Union College Herbarium
1 records from McGill University Herbarium Database
1 records from University of South Carolina, A. C. Moore Herbarium Vascular Plant Collection
7 records from Deaver Herbarium (Northern Arizona University)
2 records from CAS Botany (BOT)
1 records from Royal Botanic Gardens, Kew - Herbarium Specimens
22 records from NMNH Extant Specimen Records (USNM, US)
1 records from NCSM Herbarium Collection
5 records from University of Wisconsin - Eau Claire Herbarium
137 records from Royal Ontario Museum Green Plant Herbarium (TRT)
30 records from National Collection of Vascular Plants (DAO)
1 records from Idaho State University, Ray J. Davis Herbarium Vascular Plants
5 records from Harriet Irving Botanical Gardens (HIBG)
15 records from University of Puget Sound, Slater Museum Herbarium Vascular Plants
115 records from Carnegie Museum of Natural History Herbarium
192 records from UAM Herbarium (ALA), Vascular Plant Collection (Arctos)
37 records from University of Idaho, Stillinger Herbarium Vascular Plants
1 records from OBI - Robert F. Hoover Herbarium, Cal Poly State University
1 records from LA - University of California, Los Angeles Herbarium
11 records from RSA - California Botanic Garden Herbarium
25 records from INSDC Sequences
56 records from E. C. Smith Herbarium (ACAD)
39 records from Botany Division, Yale Peabody Museum
1 records from CSLA - Cal State LA Herbarium
3 records from Pl@ntNet observations
40 records from New Brunswick Museum - Vascular Plants
21 records from Oregon State University Vascular Plant Collection
39 records from The Pointe-aux-Outardes Marsh - Characterization of Important Coastal Habitats on the North Shore of the St. Lawrence Estuary | Le marais de la Pointe-aux-Outardes - Caractérisation des habitats littoraux d’importance de la rive nord de l’estuaire maritime du Saint-Laurent
7 records from University of Alaska, Anchorage Herbarium Vascular Plants
3189 records from iNaturalist Research-grade Observations
1 records from University of Tartu Natural History Museum and Botanical Garden Botanical Collections
1 records from H.A. Stephens Herbarium
1 records from JPB - Herbário Lauro Pires Xavier
1 records from Oskarshamn herbarium (OHN)
2 records from UTEP Plants (Arctos)
3 records from Mohonk Preserve Historical Observational Biodiversity Data
3 records from naturgucker
1 records from Botanical Research Institute of Texas, Philecology Herbarium
4 records from University of Lethbridge Herbarium (LEA)
63 records from Academy of Natural Sciences of Drexel University
8 records from South Dakota State University, C. A. Taylor Herbarium
77 records from University of Michigan Herbarium
1 records from West Virginia Natural Heritage Program Herbarium
12 records from MPM Milwaukee Public Museum Herbarium
174 records from Bell Museum plants
1 records from Texas Tech University, E. L. Reed Herbarium
33 records from University of Alberta Vascular Plant Herbarium (ALTA-VP)
5 records from North Carolina State University Vascular Plant Herbarium
1 records from Observation.org, Nature data from around the World
1 records from Louisiana State University, Shirley C. Tucker Herbarium - Vascular Plants
1 records from Kathryn Kalmbach Herbarium
1 records from Vascular Plant Herbarium, Oslo (O) UiO
14 records from The Hickey Marsh - Characterization of Important Coastal Habitats on the North Shore of the St. Lawrence Maritime Estuary | Le marais à Hickey - Caractérisation des habitats littoraux d’importance de la rive nord de l’estuaire maritime du Saint-Laurent
3 records from Portland State Universtiy Herbarium Vascular Plants
33 records from Washington State University Herbarium
1 records from Herbarium Berolinense, Berlin (B)
51 records from University of Manitoba Herbarium (WIN) - Vascular Plant Collection
1 records from Botany (UPS)
3 records from Snake River Plain Herbarium (Boise State University, Idaho, USA)
13 records from Muhlenberg College
6 records from MVSC; The James C. Parks Herbarium at Millersville University
3 records from Staten Island Museum
2 records from CHAS Botany Collection (Arctos)
13 records from Loyola University Chicago Herbarium
1 records from SFV - California State University, Northridge
68 records from G. S. Torrey Herbarium at the University of Connecticut (CONN)
1 records from IAC - Herbário do Instituto Agronômico de Campinas
2 records from Eastern Illinois University, Stover-Ebinger Herbarium
93 records from Herbier du Québec (QUE) - Collection de plantes vasculaires
1 records from DAV - University of California, Davis Center for Plant Diversity - Vascular Plants
1 records from Saint Ambrose University Herbarium
28 records from Royal BC Museum - Herbarium (V)
275 records from A global database for the distributions of crop wild relatives
137 records from Herbier Louis-Marie (QFA) - Collection de plantes vasculaires
1 records from University of North Carolina at Chapel Hill Herbarium: Vascular Plants
28 records from Vascular Plant Collection - University of Washington Herbarium (WTU)
4 records from NEON Biorepository Terrestrial Plant Collection (Herbarium Vouchers)
38 records from Washington State University Marion Ownbey Herbarium
11 records from First Flowering Dates for Plants on the Ridgeline of Mt. Mansfield, Vermont, USA
11 records from R. L. McGregor Herbarium Vascular Plants Collection
1 records from Fairchild Tropical Botanic Garden (FTG)
1 records from Brock University Herbarium (BU)
5 records from Meise Botanic Garden Herbarium (BR)
2 records from Royal Botanic Garden Edinburgh Living Plant Collections (E)
6 records from UCR - University of California, Riverside Herbarium - Vascular Plants
1 records from Agnes Marion Ayre Herbarium (NFLD)
2 records from Tropicos Specimens Non-MO
2 records from Quaternary Environments Collections (Royal Alberta Museum)
17 records from Morris Arboretum of University of Pennsylvania
334 records from Canadian Museum of Nature Herbarium
14 records from Kenai National Wildlife Refuge, Alaska (KNWR) Plant observations (Arctos)
5 records from Pl@ntNet automatically identified occurrences
1 records from Howard University Herbarium
1 records from SFSU - Vascular Plants of the Harry D. Thiers Herbarium at San Francisco State University
50 records from The New York Botanical Garden Herbarium (NY)
53 records from Marie-Victorin Herbarium (MT) - Plantes vasculaires
7 records from Moscow University Herbarium (MW)

        </abstract>
        <contact>
            <individualName>
                <surName>GBIF Download Service</surName>
            </individualName>
            <electronicMailAddress>support@gbif.org</electronicMailAddress>
        </contact>

    </dataset>

    <additionalMetadata>
        <metadata>
            <gbif>
                <dateStamp>2024-11-04T13:42:51Z</dateStamp>
                <citation identifier="10.15468/dl.2ga86n">GBIF Occurrence Download 10.15468/dl.2ga86n</citation>
                <physical>
                    <objectName>Darwin Core Archive</objectName>
                    <characterEncoding>UTF-8</characterEncoding>
                    <dataFormat>
                        <externallyDefinedFormat>
                            <formatName>Darwin Core Archive</formatName>
                        </externallyDefinedFormat>
                    </dataFormat>
                    <distribution>
                        <online>
                            <url function="download">https://api.gbif.org/v1/occurrence/download/request/0021004-241024112534372.zip</url>
                        </online>
                    </distribution>
                </physical>
            </gbif>
        </metadata>
    </additionalMetadata>
    </eml:eml>
