<?xml version="1.0" encoding="utf-8"?>
<eml:eml xmlns:eml="https://eml.ecoinformatics.org/eml-2.2.0" xmlns:xsi="http://www.w3.org/2001/XMLSchema-instance"
         xsi:schemaLocation="https://eml.ecoinformatics.org/eml-2.2.0 https://rs.gbif.org/schema/eml-gbif-profile/1.3/eml.xsd"
packageId="10.15468/dl.umdjj6"  system="http://gbif.org" scope="system"
xml:lang="en">
    <dataset>
        <alternateIdentifier>0021002-241024112534372</alternateIdentifier>
        <title>GBIF Occurrence Download 10.15468/dl.umdjj6</title>
        <creator>
            <individualName>
                <surName>GBIF Download Service</surName>
            </individualName>
            <electronicMailAddress>support@gbif.org</electronicMailAddress>
        </creator>
        <metadataProvider>
            <individualName>
                <surName>GBIF Download Service</surName>
            </individualName>
            <electronicMailAddress>support@gbif.org</electronicMailAddress>
        </metadataProvider>
        <pubDate>
                2024-11-04
        </pubDate>
        <language>ENGLISH</language>
        <abstract>
            A dataset containing all occurrences available in GBIF matching the query:
{
  "and" : [
    "TaxonKey is Vaccinium boreale I.V.Hall &amp; Aalders",
    "BasisOfRecord is one of (Specimen, Human Observation, Occurrence evidence, Material sample, Living Specimen)",
    "HasCoordinate is true",
    "Country is one of (Canada, United States of America, Mexico)"
  ]
}
The dataset includes records from the following constituent datasets. The full metadata for each constituent is also included in this archive:
39 records from University of Vermont, Pringle Herbarium
2 records from Agnes Marion Ayre Herbarium (NFLD)
9 records from G. S. Torrey Herbarium at the University of Connecticut (CONN)
1 records from INSDC Sequences
13 records from Canadian Museum of Nature Herbarium
2 records from Herbier du Québec (QUE) - Collection de plantes vasculaires
12 records from E. C. Smith Herbarium (ACAD)
3 records from Botanical Research Institute of Texas, Philecology Herbarium
11 records from A global database for the distributions of crop wild relatives
5 records from New Brunswick Museum - Vascular Plants
40 records from Herbier Louis-Marie (QFA) - Collection de plantes vasculaires
3 records from United States National Plant Germplasm System Collection
14 records from The Hickey Marsh - Characterization of Important Coastal Habitats on the North Shore of the St. Lawrence Maritime Estuary | Le marais à Hickey - Caractérisation des habitats littoraux d’importance de la rive nord de l’estuaire maritime du Saint-Laurent
7 records from The New York Botanical Garden Herbarium (NY)
44 records from Marie-Victorin Herbarium (MT) - Plantes vasculaires
75 records from iNaturalist Research-grade Observations
1 records from Royal Ontario Museum Green Plant Herbarium (TRT)
9 records from National Collection of Vascular Plants (DAO)

        </abstract>
        <contact>
            <individualName>
                <surName>GBIF Download Service</surName>
            </individualName>
            <electronicMailAddress>support@gbif.org</electronicMailAddress>
        </contact>

    </dataset>

    <additionalMetadata>
        <metadata>
            <gbif>
                <dateStamp>2024-11-04T13:39:54Z</dateStamp>
                <citation identifier="10.15468/dl.umdjj6">GBIF Occurrence Download 10.15468/dl.umdjj6</citation>
                <physical>
                    <objectName>Darwin Core Archive</objectName>
                    <characterEncoding>UTF-8</characterEncoding>
                    <dataFormat>
                        <externallyDefinedFormat>
                            <formatName>Darwin Core Archive</formatName>
                        </externallyDefinedFormat>
                    </dataFormat>
                    <distribution>
                        <online>
                            <url function="download">https://api.gbif.org/v1/occurrence/download/request/0021002-241024112534372.zip</url>
                        </online>
                    </distribution>
                </physical>
            </gbif>
        </metadata>
    </additionalMetadata>
    </eml:eml>
