<?xml version="1.0" encoding="utf-8"?>
<eml:eml xmlns:eml="https://eml.ecoinformatics.org/eml-2.2.0" xmlns:xsi="http://www.w3.org/2001/XMLSchema-instance"
         xsi:schemaLocation="https://eml.ecoinformatics.org/eml-2.2.0 https://rs.gbif.org/schema/eml-gbif-profile/1.3/eml.xsd"
packageId="10.15468/dl.zn3gue"  system="http://gbif.org" scope="system"
xml:lang="en">
    <dataset>
        <alternateIdentifier>0021028-241024112534372</alternateIdentifier>
        <title>GBIF Occurrence Download 10.15468/dl.zn3gue</title>
        <creator>
            <individualName>
                <surName>GBIF Download Service</surName>
            </individualName>
            <electronicMailAddress>support@gbif.org</electronicMailAddress>
        </creator>
        <metadataProvider>
            <individualName>
                <surName>GBIF Download Service</surName>
            </individualName>
            <electronicMailAddress>support@gbif.org</electronicMailAddress>
        </metadataProvider>
        <pubDate>
                2024-11-04
        </pubDate>
        <language>ENGLISH</language>
        <abstract>
            A dataset containing all occurrences available in GBIF matching the query:
{
  "and" : [
    "TaxonKey is Vaccinium stamineum L.",
    "BasisOfRecord is one of (Specimen, Human Observation, Occurrence evidence, Material sample, Living Specimen)",
    "HasCoordinate is true",
    "Country is one of (Canada, United States of America, Mexico)"
  ]
}
The dataset includes records from the following constituent datasets. The full metadata for each constituent is also included in this archive:
9 records from World Plant Specimen from the Herbaria in China
26 records from University of Vermont, Pringle Herbarium
5 records from University of British Columbia Botanical Garden Collections (UBCBG)
36 records from Plant Resources Center
9 records from University of Louisiana at Monroe Herbarium, R. Dale Thomas Collection
15 records from Western Carolina University Herbarium
3 records from Silver Bluff Audubon Center Herbarium
22 records from Vanderbilt University Herbarium
7 records from Etapa final de la captura y catalogación del Herbario del Instituto de Ecología, A.C., Centro Regional del Bajío
60 records from Mississippi State University
5 records from Putnam Museum and Science Center
5 records from CHSC - Ahart Herbarium, CSU Chico - Vascular Plants
1 records from Montana State University Herbarium
1 records from Flora del Parque Nacional Cumbres de Monterrey, Nuevo León, México
1 records from MACF - MacFadden Herbarium, California State University Fullerton
4 records from Digitalización y Sistematización de las Colecciones Biológicas Nacionales del Instituto de Biología, UNAM (Plantas vasculares)
21 records from Rutgers University, Chrysler Herbarium
23 records from Tall Timbers Research Station and Land Conservancy
2 records from Pittsburg State University, Theodore M. Sperry Herbarium
20 records from University of Southern Mississippi Herbarium
1 records from Central Michigan University Herbarium
68 records from Tropicos MO Specimen Data
1 records from Maryland Department of Natural Resources
1 records from SBBG - Clifton Smith Herbarium, Santa Barbara Botanic Garden
15 records from United States National Plant Germplasm System Collection
7 records from Angelo State University Herbarium
7 records from University of Mississippi, Thomas M. Pullen Herbarium
2 records from Naturalis Biodiversity Center (NL) - Botany
1 records from Geneva Herbarium – De Candolle's Prodromus (G-DC)
14 records from Lord Fairfax Community College Herbarium
4 records from Intermountain Herbarium (Vasc. &amp; Algae)
30 records from University of South Carolina, A. C. Moore Herbarium Vascular Plant Collection
4 records from Deaver Herbarium (Northern Arizona University)
1 records from Royal Botanic Gardens, Kew - Herbarium Specimens
307 records from Robert K. Godfrey Herbarium  at Florida State University
1 records from SPF herbarium - Universidade de são Paulo - Herbário Virtual REFLORA
3 records from Bioimages
105 records from NMNH Extant Specimen Records (USNM, US)
1 records from NCSM Herbarium Collection
3 records from University of Central Arkansas Herbarium
3 records from University of South Carolina Salkehatchie Herbarium
21 records from Mohonk Preserve Phenology Observations
364 records from Carnegie Museum of Natural History Herbarium
1 records from SPF - Herbário da Universidade de São Paulo
30 records from University of Arkansas Herbarium
3 records from University of Idaho, Stillinger Herbarium Vascular Plants
8 records from RSA - California Botanic Garden Herbarium
3 records from NMNH Material Samples (USNM)
4 records from INSDC Sequences
29 records from Clemson University Herbarium
1 records from E. C. Smith Herbarium (ACAD)
20 records from Botany Division, Yale Peabody Museum
19 records from Pl@ntNet observations
11 records from Delaware State University, Claude E. Phillips Herbarium
3 records from Appalachian State University, I. W. Carpenter, Jr. Herbarium
9 records from Mohonk Preserve Herbarium
70 records from Mississippi Museum of Natural Science Herbarium
36 records from Auburn University, John D. Freeman Herbarium
66 records from University of Alabama Herbarium
1 records from Herbarium of Taiwan Forestry Research Institute
1 records from Utah Valley University Herbarium
2 records from Desert Botanical Garden Herbarium
3739 records from iNaturalist Research-grade Observations
3 records from George Mason University, Ted R. Bradley Herbarium
1 records from Herbarium SUNY Oswego
5 records from H.A. Stephens Herbarium
10 records from UTEP Plants (Arctos)
41 records from Mohonk Preserve Historical Observational Biodiversity Data
1 records from Florística, biodiversidad y conocimiento ecológico tradicional en la Sierra Nororiental de Puebla, México
43 records from Botanical Research Institute of Texas, Philecology Herbarium
477 records from Academy of Natural Sciences of Drexel University
1 records from West Virginia Wesleyan College, George B. Rossbach Herbarium
2 records from South Dakota State University, C. A. Taylor Herbarium
4 records from University of Michigan Herbarium
24 records from Baylor University Herbarium
1 records from MPM Milwaukee Public Museum Herbarium
3 records from Bell Museum plants
2 records from Digitalización y sistematización de las colecciones biológicas del INECOL (Herbario)
1 records from Tennessee Technological University, Hollister Herbarium
1 records from Arkansas Tech University Herbarium
210 records from North Carolina State University Vascular Plant Herbarium
5 records from MBM herbarium - Museu Botânico Municipal \ Curitiba - Herbário Virtual REFLORA
34 records from Louisiana State University, Shirley C. Tucker Herbarium - Vascular Plants
5 records from Kathryn Kalmbach Herbarium
10 records from East Tennessee State University, John C. Warden Herbarium
27 records from University of Georgia Herbarium
1 records from Snake River Plain Herbarium (Boise State University, Idaho, USA)
3 records from Hendrix College Herbarium - Vascular Plants
58 records from Muhlenberg College
23 records from MVSC; The James C. Parks Herbarium at Millersville University
16 records from Staten Island Museum
2 records from University of Arkansas at Monticello
2 records from SFV - California State University, Northridge
97 records from G. S. Torrey Herbarium at the University of Connecticut (CONN)
4 records from Eastern Kentucky University, Ronald L. Jones Herbarium
2 records from Depuración de la colección y base de datos del Herbario CICY. Fase IV
1 records from IAC - Herbário do Instituto Agronômico de Campinas
4 records from Eastern Illinois University, Stover-Ebinger Herbarium
1 records from Saint Ambrose University Herbarium
251 records from A global database for the distributions of crop wild relatives
1 records from CSIC-Real Jardín Botánico-Colección de Plantas Vasculares (MA)
142 records from University of North Carolina at Chapel Hill Herbarium: Vascular Plants
1 records from Edinburgh (E) Herbarium Specimens
5 records from Arkansas Natural Heritage Commission Herbarium
6 records from Campbell University Herbarium
3 records from NEON Biorepository Terrestrial Plant Collection (Herbarium Vouchers)
39 records from R. L. McGregor Herbarium Vascular Plants Collection
37 records from Fairchild Tropical Botanic Garden (FTG)
27 records from Tropicos Specimens Non-MO
64 records from Morris Arboretum of University of Pennsylvania
2 records from LOB - California State University, Long Beach Herbarium
30 records from University of Florida Herbarium (FLAS)
98 records from University of South Florida Herbarium (USF)
9 records from Howard University Herbarium
204 records from Pl@ntNet automatically identified occurrences
234 records from The New York Botanical Garden Herbarium (NY)
28 records from University of Tennessee Vascular Herbarium
25 records from Old Dominion University Herbarium

        </abstract>
        <contact>
            <individualName>
                <surName>GBIF Download Service</surName>
            </individualName>
            <electronicMailAddress>support@gbif.org</electronicMailAddress>
        </contact>

    </dataset>

    <additionalMetadata>
        <metadata>
            <gbif>
                <dateStamp>2024-11-04T13:55:30Z</dateStamp>
                <citation identifier="10.15468/dl.zn3gue">GBIF Occurrence Download 10.15468/dl.zn3gue</citation>
                <physical>
                    <objectName>Darwin Core Archive</objectName>
                    <characterEncoding>UTF-8</characterEncoding>
                    <dataFormat>
                        <externallyDefinedFormat>
                            <formatName>Darwin Core Archive</formatName>
                        </externallyDefinedFormat>
                    </dataFormat>
                    <distribution>
                        <online>
                            <url function="download">https://api.gbif.org/v1/occurrence/download/request/0021028-241024112534372.zip</url>
                        </online>
                    </distribution>
                </physical>
            </gbif>
        </metadata>
    </additionalMetadata>
    </eml:eml>
