<?xml version="1.0" encoding="utf-8"?>
<eml:eml xmlns:eml="https://eml.ecoinformatics.org/eml-2.2.0" xmlns:xsi="http://www.w3.org/2001/XMLSchema-instance"
         xsi:schemaLocation="https://eml.ecoinformatics.org/eml-2.2.0 https://rs.gbif.org/schema/eml-gbif-profile/1.3/eml.xsd"
packageId="7a0fb075-53c5-470b-a1c9-579bb3147ddf"  system="http://gbif.org" scope="system"
xml:lang="en">
    <dataset>
        <alternateIdentifier>10.15468/uavt0t</alternateIdentifier>
        <alternateIdentifier>https://cch2.org/portal/collections/misc/collprofiles.php?collid=13</alternateIdentifier>
        <alternateIdentifier>http://cch2.org/portal/collections/misc/collprofiles.php?collid=13</alternateIdentifier>
        <title>UCSC Herbarium - Kenneth S. Norris Center for Natural History, University of California Santa Cruz</title>
        <creator>
            <organizationName>CCH2 Portal</organizationName>
            <electronicMailAddress>jyost@calpoly.edu</electronicMailAddress>
            <onlineUrl>https://cch2.org/portal/index.php</onlineUrl>
        </creator>
        <metadataProvider>
            <organizationName>CCH2 Portal</organizationName>
            <electronicMailAddress>jyost@calpoly.edu</electronicMailAddress>
            <onlineUrl>https://cch2.org/portal/index.php</onlineUrl>
        </metadataProvider>
        <associatedParty>
            <individualName>
                <surName>Chris Lay (Administrative Director); Al Keuter (Vascular Plants Curator)</surName>
            </individualName>
            <electronicMailAddress>cml@ucsc.edu; akeuter@ucsc.edu</electronicMailAddress>
            <role>CONTENT_PROVIDER</role>
        </associatedParty>
        <pubDate>
                2024-11-01
        </pubDate>
        <language>ENGLISH</language>
        <abstract>
            <para>The Herbarium at the Kenneth S. Norris Center for Natural History (UC Santa Cruz) houses more than 13,500 vascular plants, algae, lichens, bryophytes, and fungi. The collection focuses primarily on mostly native organisms from Santa Cruz County and the University of California Reserves but also contains important specimens from throughout California and occasionally those of interest from elsewhere around the world. The research collection archives research and publication voucher specimens and the student collection serves as a university educational resource. Notable collections within the UCSC Herbarium include those of R. Morgan (1969-2017), Dylan Neubauer (collections of interest from throughout California), David Styer (Fort Ord National Monument collections), Neal Kramer (Bonny Doon Ecological Reserve collections), Ken Kellman, Al Keuter, and the Bureau of Land Management collections from Cotoni-Coast Dairies National Monument.</para>
        </abstract>
        <intellectualRights>
            <para>This work is licensed under a <ulink url="http://creativecommons.org/licenses/by-nc/4.0/legalcode"><citetitle>Creative Commons Attribution Non Commercial (CC-BY-NC) 4.0 License</citetitle></ulink>.</para>
        </intellectualRights>
        <licensed>
            <licenseName>Creative Commons Attribution Non Commercial 4.0 International</licenseName>
            <url>https://spdx.org/licenses/CC-BY-NC-4.0.html</url>
            <identifier>CC-BY-NC-4.0</identifier>
        </licensed>
        <distribution scope="document">
            <online>
                <url function="download">https://cch2.org/portal/content/dwca/UCSC_DwC-A.zip</url>
            </online>
        </distribution>
        <contact>
            <organizationName>UCSC Herbarium - Kenneth S. Norris Center for Natural History, University of California Santa Cruz</organizationName>
            <phone>(831) 459-4763</phone>
            <electronicMailAddress>cml@ucsc.edu; akeuter@ucsc.edu</electronicMailAddress>
            <onlineUrl>https://norriscenter.ucsc.edu/</onlineUrl>
        </contact>

    </dataset>

    <additionalMetadata>
        <metadata>
            <gbif>
                <dateStamp>2024-11-04T13:56:58Z</dateStamp>
                <citation>Kenneth S. Norris Center for Natural History (2024). UCSC Herbarium - Kenneth S. Norris Center for Natural History, University of California Santa Cruz. Occurrence dataset https://doi.org/10.15468/uavt0t accessed via GBIF.org on 2024-11-04.</citation>
            </gbif>
        </metadata>
    </additionalMetadata>
    </eml:eml>
