<?xml version="1.0" encoding="utf-8"?>
<eml:eml xmlns:eml="https://eml.ecoinformatics.org/eml-2.2.0" xmlns:xsi="http://www.w3.org/2001/XMLSchema-instance"
         xsi:schemaLocation="https://eml.ecoinformatics.org/eml-2.2.0 https://rs.gbif.org/schema/eml-gbif-profile/1.3/eml.xsd"
packageId="a92f4b3c-ae5c-45af-8dac-4a6a88d35ddd"  system="http://gbif.org" scope="system"
xml:lang="en">
    <dataset>
        <alternateIdentifier>10.15468/adstge</alternateIdentifier>
        <alternateIdentifier>https://ngpherbaria.org/portal/collections/misc/collprofiles.php?collid=177</alternateIdentifier>
        <alternateIdentifier>http://ngpherbaria.org/portal/collections/misc/collprofiles.php?collid=177</alternateIdentifier>
        <title>Pittsburg State University, Theodore M. Sperry Herbarium</title>
        <creator>
            <organizationName>Great Plains Herbaria</organizationName>
            <electronicMailAddress>seinetAdmin@asu.edu</electronicMailAddress>
            <onlineUrl>https://ngpherbaria.org/portal/index.php</onlineUrl>
        </creator>
        <metadataProvider>
            <organizationName>Great Plains Herbaria</organizationName>
            <electronicMailAddress>seinetAdmin@asu.edu</electronicMailAddress>
            <onlineUrl>https://ngpherbaria.org/portal/index.php</onlineUrl>
        </metadataProvider>
        <associatedParty>
            <individualName>
                <surName>Neil Snow</surName>
            </individualName>
            <electronicMailAddress>nsnow@pittstate.edu</electronicMailAddress>
            <role>CONTENT_PROVIDER</role>
        </associatedParty>
        <pubDate>
                2024-11-01
        </pubDate>
        <language>ENGLISH</language>
        <abstract>
            <para>The 52,670 specimens document the distribution and natural variation of vascular plants and bryophytes, primarily from Kansas, adjacent states and North America, but also 60 foreign countries. Approximately 12,020 new collections have been added the past decade, mostly comprising student collections. Ca. 800 specimens are backlogged, mostly from North America but also some 500 from Madagascar and many hundreds of bryophytes. Many specimens are unicates. Important holdings from abroad include the Democratic Republic of the Congo (T. M. Sperry), Peru (H. Tuomisto), Myrtaceae (H.S. MacKee and others from New Caledonia); Eugenia and Syzygium from Madagascar, Poaceae (worldwide), and 30 isotypes. Data for ca. 6300 bryophytes are on the Consortium of Bryophyte Herbaria (https://bryophyteportal.org) or this website. Some collections of fungi and algae used primarily in teaching will be datasased in the future. Phenological data (flowering/fruiting) and geocoordinates are present for ca. 45 percent of the specimens; and over 15 percent are vouchers for published research. Student and volunteer curatorial assistance and financial support from the National Science Foundation (CSBR 1756276) are gratefully acknowledged. Homepage: https://www.pittstate.edu/biology/the-sperry-herbarium.html&amp;nbsp;</para>
        </abstract>
        <intellectualRights>
            <para>This work is licensed under a <ulink url="http://creativecommons.org/licenses/by-nc/4.0/legalcode"><citetitle>Creative Commons Attribution Non Commercial (CC-BY-NC) 4.0 License</citetitle></ulink>.</para>
        </intellectualRights>
        <licensed>
            <licenseName>Creative Commons Attribution Non Commercial 4.0 International</licenseName>
            <url>https://spdx.org/licenses/CC-BY-NC-4.0.html</url>
            <identifier>CC-BY-NC-4.0</identifier>
        </licensed>
        <distribution scope="document">
            <online>
                <url function="download">https://ngpherbaria.org/portal/content/dwca/KSP_DwC-A.zip</url>
            </online>
        </distribution>
        <contact>
            <organizationName>Pittsburg State University, Theodore M. Sperry Herbarium</organizationName>
            <phone>620-235-4738</phone>
            <electronicMailAddress>nsnow@pittstate.edu</electronicMailAddress>
            <onlineUrl>http://www.pittstate.edu/department/herbarium/index.dot</onlineUrl>
        </contact>

    </dataset>

    <additionalMetadata>
        <metadata>
            <gbif>
                <dateStamp>2024-11-04T13:56:57Z</dateStamp>
                <citation>Theodore  M. Sperry Herbarium (2024). Pittsburg State University, Theodore M. Sperry Herbarium. Occurrence dataset https://doi.org/10.15468/adstge accessed via GBIF.org on 2024-11-04.</citation>
            </gbif>
        </metadata>
    </additionalMetadata>
    </eml:eml>
