<?xml version="1.0" encoding="utf-8"?>
<eml:eml xmlns:eml="https://eml.ecoinformatics.org/eml-2.2.0" xmlns:xsi="http://www.w3.org/2001/XMLSchema-instance"
         xsi:schemaLocation="https://eml.ecoinformatics.org/eml-2.2.0 https://rs.gbif.org/schema/eml-gbif-profile/1.3/eml.xsd"
packageId="10.15468/dl.cf6k8f"  system="http://gbif.org" scope="system"
xml:lang="en">
    <dataset>
        <alternateIdentifier>0020997-241024112534372</alternateIdentifier>
        <title>GBIF Occurrence Download 10.15468/dl.cf6k8f</title>
        <creator>
            <individualName>
                <surName>GBIF Download Service</surName>
            </individualName>
            <electronicMailAddress>support@gbif.org</electronicMailAddress>
        </creator>
        <metadataProvider>
            <individualName>
                <surName>GBIF Download Service</surName>
            </individualName>
            <electronicMailAddress>support@gbif.org</electronicMailAddress>
        </metadataProvider>
        <pubDate>
                2024-11-04
        </pubDate>
        <language>ENGLISH</language>
        <abstract>
            A dataset containing all occurrences available in GBIF matching the query:
{
  "and" : [
    "TaxonKey is Vaccinium virgatum Aiton",
    "BasisOfRecord is one of (Specimen, Human Observation, Occurrence evidence, Material sample, Living Specimen)",
    "HasCoordinate is true",
    "Country is one of (Canada, United States of America, Mexico)"
  ]
}
The dataset includes records from the following constituent datasets. The full metadata for each constituent is also included in this archive:
1 records from University of Mississippi, Thomas M. Pullen Herbarium
1 records from University of Arkansas at Monticello
1 records from University of Vermont, Pringle Herbarium
1 records from University of Louisiana at Monroe Herbarium, R. Dale Thomas Collection
2 records from Silver Bluff Audubon Center Herbarium
1 records from Vanderbilt University Herbarium
87 records from Botanical Research Institute of Texas, Philecology Herbarium
1 records from Saint Ambrose University Herbarium
10 records from University of South Carolina, A. C. Moore Herbarium Vascular Plant Collection
7 records from Mississippi State University
10 records from Robert K. Godfrey Herbarium  at Florida State University
6 records from Baylor University Herbarium
7 records from University of North Carolina at Chapel Hill Herbarium: Vascular Plants
9 records from Arkansas Natural Heritage Commission Herbarium
7 records from University of Central Arkansas Herbarium
6 records from Tall Timbers Research Station and Land Conservancy
4 records from University of South Carolina Salkehatchie Herbarium
1 records from Texas Tech University, E. L. Reed Herbarium
22 records from University of Arkansas Herbarium
1 records from University of Southern Mississippi Herbarium
5 records from Arkansas Tech University Herbarium
1 records from Tropicos MO Specimen Data
1 records from RSA - California Botanic Garden Herbarium
5 records from Clemson University Herbarium
1 records from University of Florida Herbarium (FLAS)
10 records from North Carolina State University Vascular Plant Herbarium
9 records from Louisiana State University, Shirley C. Tucker Herbarium - Vascular Plants
7 records from Mississippi Museum of Natural Science Herbarium
3 records from Auburn University, John D. Freeman Herbarium
16 records from The New York Botanical Garden Herbarium (NY)
8 records from University of Alabama Herbarium
4 records from University of Georgia Herbarium

        </abstract>
        <contact>
            <individualName>
                <surName>GBIF Download Service</surName>
            </individualName>
            <electronicMailAddress>support@gbif.org</electronicMailAddress>
        </contact>

    </dataset>

    <additionalMetadata>
        <metadata>
            <gbif>
                <dateStamp>2024-11-04T13:35:38Z</dateStamp>
                <citation identifier="10.15468/dl.cf6k8f">GBIF Occurrence Download 10.15468/dl.cf6k8f</citation>
                <physical>
                    <objectName>Darwin Core Archive</objectName>
                    <characterEncoding>UTF-8</characterEncoding>
                    <dataFormat>
                        <externallyDefinedFormat>
                            <formatName>Darwin Core Archive</formatName>
                        </externallyDefinedFormat>
                    </dataFormat>
                    <distribution>
                        <online>
                            <url function="download">https://api.gbif.org/v1/occurrence/download/request/0020997-241024112534372.zip</url>
                        </online>
                    </distribution>
                </physical>
            </gbif>
        </metadata>
    </additionalMetadata>
    </eml:eml>
