<?xml version="1.0" encoding="utf-8"?>
<eml:eml xmlns:eml="https://eml.ecoinformatics.org/eml-2.2.0" xmlns:xsi="http://www.w3.org/2001/XMLSchema-instance"
         xsi:schemaLocation="https://eml.ecoinformatics.org/eml-2.2.0 https://rs.gbif.org/schema/eml-gbif-profile/1.3/eml.xsd"
packageId="4de6de07-6f32-4b72-8289-b9a68bffaf94"  system="http://gbif.org" scope="system"
xml:lang="en">
    <dataset>
        <alternateIdentifier>10.15468/qk5txe</alternateIdentifier>
        <alternateIdentifier>https://ngpherbaria.org/portal/collections/misc/collprofiles.php?collid=284</alternateIdentifier>
        <title>Wartburg College</title>
        <creator>
            <organizationName>Great Plains Herbaria</organizationName>
            <electronicMailAddress>seinetAdmin@asu.edu</electronicMailAddress>
            <onlineUrl>https://ngpherbaria.org/portal/index.php</onlineUrl>
        </creator>
        <metadataProvider>
            <organizationName>Great Plains Herbaria</organizationName>
            <electronicMailAddress>seinetAdmin@asu.edu</electronicMailAddress>
            <onlineUrl>https://ngpherbaria.org/portal/index.php</onlineUrl>
        </metadataProvider>
        <associatedParty>
            <individualName>
                <surName>Nick Stoynoff</surName>
            </individualName>
            <electronicMailAddress>mr_sto@att.net</electronicMailAddress>
            <role>CONTENT_PROVIDER</role>
        </associatedParty>
        <pubDate>
                2024-11-01
        </pubDate>
        <language>ENGLISH</language>
        <abstract>
            <para>The Wartburg College herbarium (established in 1930) includes specimens from nearly 560 genera in 145 families. Just over 82% of the entire herbarium was collected in Iowa and nearly 70% of the Iowan specimens were collected in Bremer county (home to Wartburg College). Together the Asteraceae, Fabaceae, Poaceae, and Rosaceae comprise just over one-fourth of the entire collection. The collections of Craig C. Freeman, Fred H. Hubbard, Steve A. Main, and J.A. Woltz comprise nearly 32% of the entire herbarium.</para>
        </abstract>
        <intellectualRights>
            <para>To the extent possible under law, the publisher has waived all rights to these data and has dedicated them to the <ulink url="http://creativecommons.org/publicdomain/zero/1.0/legalcode"><citetitle>Public Domain (CC0 1.0)</citetitle></ulink>. Users may copy, modify, distribute and use the work, including for commercial purposes, without restriction.</para>
        </intellectualRights>
        <licensed>
            <licenseName>Creative Commons Zero v1.0 Universal</licenseName>
            <url>https://spdx.org/licenses/CC0-1.0.html</url>
            <identifier>CC0-1.0</identifier>
        </licensed>
        <distribution scope="document">
            <online>
                <url function="download">https://ngpherbaria.org/portal/content/dwca/WET_DwC-A.zip</url>
            </online>
        </distribution>
        <contact>
            <organizationName>Wartburg College</organizationName>
            <electronicMailAddress>mr_sto@att.net</electronicMailAddress>
            <onlineUrl>http://www.wartburg.edu/home.aspx</onlineUrl>
        </contact>

    </dataset>

    <additionalMetadata>
        <metadata>
            <gbif>
                <dateStamp>2024-11-04T13:58:32Z</dateStamp>
                <citation>Wartburg College Herbarium (2024). Wartburg College. Occurrence dataset https://doi.org/10.15468/qk5txe accessed via GBIF.org on 2024-11-04.</citation>
            </gbif>
        </metadata>
    </additionalMetadata>
    </eml:eml>
