<?xml version="1.0" encoding="utf-8"?>
<eml:eml xmlns:eml="https://eml.ecoinformatics.org/eml-2.2.0" xmlns:xsi="http://www.w3.org/2001/XMLSchema-instance"
         xsi:schemaLocation="https://eml.ecoinformatics.org/eml-2.2.0 https://rs.gbif.org/schema/eml-gbif-profile/1.3/eml.xsd"
packageId="7adf20e0-c955-11de-95c0-b8a03c50a862"  system="http://gbif.org" scope="system"
xml:lang="en">
    <dataset>
        <alternateIdentifier>10.15468/bkzv1l</alternateIdentifier>
        <alternateIdentifier>9167</alternateIdentifier>
        <title>Royal Botanic Garden Edinburgh Living Plant Collections (E)</title>
        <creator>
            <individualName>
                <surName>Rob Cubey</surName>
            </individualName>
        </creator>
        <pubDate>
                2022-11-04
        </pubDate>
        <language>ENGLISH</language>
        <abstract>
            The Royal Botanic Garden Edinburgh was established in 1670 and during the 20th century acquired three Regional Gardens – the mountainous Benmore in Argyll; Dawyck in the wooded hills of the Scottish Borders and Logan on the Gulf Stream-warmed southern peninsula of Dumfries &amp; Galloway.
        Together they represent one of the world’s largest living collections of plants.
        </abstract>
        <keywordSet>
            <keyword>Living Plant Specimens</keyword>
        </keywordSet>
        <intellectualRights>
            <para>This work is licensed under a <ulink url="http://creativecommons.org/licenses/by-nc/4.0/legalcode"><citetitle>Creative Commons Attribution Non Commercial (CC-BY-NC) 4.0 License</citetitle></ulink>.</para>
        </intellectualRights>
        <licensed>
            <licenseName>Creative Commons Attribution Non Commercial 4.0 International</licenseName>
            <url>https://spdx.org/licenses/CC-BY-NC-4.0.html</url>
            <identifier>CC-BY-NC-4.0</identifier>
        </licensed>
        <distribution scope="document">
            <online>
                <url function="information">http://www.rbge.org.uk/</url>
            </online>
        </distribution>
        <distribution scope="document">
            <online>
                <url function="download">http://data.rbge.org.uk/service/dwca/data/darwin_core_living.zip</url>
            </online>
        </distribution>

    </dataset>

    <additionalMetadata>
        <metadata>
            <gbif>
                <dateStamp>2024-11-04T13:58:32Z</dateStamp>
                <citation>Rob Cubey (2022). Royal Botanic Garden Edinburgh Living Plant Collections (E). Royal Botanic Garden Edinburgh. Occurrence dataset https://doi.org/10.15468/bkzv1l accessed via GBIF.org on 2024-11-04.</citation>
            </gbif>
        </metadata>
    </additionalMetadata>
    </eml:eml>
