<?xml version="1.0" encoding="utf-8"?>
<eml:eml xmlns:eml="https://eml.ecoinformatics.org/eml-2.2.0" xmlns:xsi="http://www.w3.org/2001/XMLSchema-instance"
         xsi:schemaLocation="https://eml.ecoinformatics.org/eml-2.2.0 https://rs.gbif.org/schema/eml-gbif-profile/1.3/eml.xsd"
packageId="93ec984b-d117-4092-814c-1202a8532b7f"  system="http://gbif.org" scope="system"
xml:lang="en">
    <dataset>
        <alternateIdentifier>10.15468/txxhcj</alternateIdentifier>
        <alternateIdentifier>https://sernecportal.org/portal/collections/misc/collprofiles.php?collid=220</alternateIdentifier>
        <title>University of Mississippi, Thomas M. Pullen Herbarium</title>
        <creator>
            <organizationName>SERNEC</organizationName>
            <electronicMailAddress>hbrown@mailbox.sc.edu</electronicMailAddress>
            <onlineUrl>https://sernecportal.org/portal/index.php</onlineUrl>
        </creator>
        <metadataProvider>
            <organizationName>SERNEC</organizationName>
            <electronicMailAddress>hbrown@mailbox.sc.edu</electronicMailAddress>
            <onlineUrl>https://sernecportal.org/portal/index.php</onlineUrl>
        </metadataProvider>
        <associatedParty>
            <individualName>
                <surName>Lucile McCook, Curator</surName>
            </individualName>
            <electronicMailAddress>bymccook@olemiss.edu</electronicMailAddress>
            <role>CONTENT_PROVIDER</role>
        </associatedParty>
        <pubDate>
                2024-11-02
        </pubDate>
        <language>ENGLISH</language>
        <abstract>
            <para>The Pullen Herbarium (MISS) collection is located on the campus of the University of Mississippi in Oxford, MS, and consists of over 80,000 vascular plant specimens, as well as non vascular plants, slime molds and macrofungi.&amp;nbsp; With funding from the National Science Foundation, the collection is housed in a compactor system and the specimen data and images have been digitized.&amp;nbsp; Vascular plant specimens can be searched on SERNEC and macrofungi are displayed in MycoPortal.</para>
        </abstract>
        <intellectualRights>
            <para>This work is licensed under a <ulink url="http://creativecommons.org/licenses/by/4.0/legalcode"><citetitle>Creative Commons Attribution (CC-BY) 4.0 License</citetitle></ulink>.</para>
        </intellectualRights>
        <licensed>
            <licenseName>Creative Commons Attribution 4.0 International</licenseName>
            <url>https://spdx.org/licenses/CC-BY-4.0.html</url>
            <identifier>CC-BY-4.0</identifier>
        </licensed>
        <distribution scope="document">
            <online>
                <url function="download">https://sernecportal.org/portal/content/dwca/MISS_DwC-A.zip</url>
            </online>
        </distribution>
        <contact>
            <organizationName>University of Mississippi, Thomas M. Pullen Herbarium</organizationName>
            <phone>(662) 915-5488</phone>
            <electronicMailAddress>bymccook@olemiss.edu</electronicMailAddress>
            <onlineUrl>http://www.herbarium.olemiss.edu/</onlineUrl>
        </contact>

    </dataset>

    <additionalMetadata>
        <metadata>
            <gbif>
                <dateStamp>2024-11-04T13:58:28Z</dateStamp>
                <citation>University of Mississippi (2024). University of Mississippi, Thomas M. Pullen Herbarium. Occurrence dataset https://doi.org/10.15468/txxhcj accessed via GBIF.org on 2024-11-04.</citation>
            </gbif>
        </metadata>
    </additionalMetadata>
    </eml:eml>
