<?xml version="1.0" encoding="utf-8"?>
<eml:eml xmlns:eml="https://eml.ecoinformatics.org/eml-2.2.0" xmlns:xsi="http://www.w3.org/2001/XMLSchema-instance"
         xsi:schemaLocation="https://eml.ecoinformatics.org/eml-2.2.0 https://rs.gbif.org/schema/eml-gbif-profile/1.3/eml.xsd"
packageId="c5da77b7-7423-49a4-a379-f423ea0f07b8"  system="http://gbif.org" scope="system"
xml:lang="en">
    <dataset>
        <alternateIdentifier>10.5886/f6tdd5ap</alternateIdentifier>
        <alternateIdentifier>https://data.canadensys.net/ipt/resource?r=ubcbg-specimens</alternateIdentifier>
        <alternateIdentifier>http://data.canadensys.net/ipt/resource?r=ubcbg-specimens</alternateIdentifier>
        <alternateIdentifier>10.15468/yzbou0</alternateIdentifier>
        <alternateIdentifier>http://data.canadensys.net/ipt/resource.do?r=ubcbg-specimens</alternateIdentifier>
        <alternateIdentifier>c5da77b7-7423-49a4-a379-f423ea0f07b8</alternateIdentifier>
        <alternateIdentifier>15046</alternateIdentifier>
        <title>University of British Columbia Botanical Garden Collections (UBCBG)</title>
        <creator>
            <individualName>
                <givenName>Daniel</givenName>
                <surName>Mosquin</surName>
            </individualName>
            <organizationName>University of British Columbia Botanical Garden</organizationName>
            <positionName>Research Manager</positionName>
            <address>
                <deliveryPoint>6804 SW Marine Drive</deliveryPoint>
                <city>Vancouver</city>
                <administrativeArea>British Columbia</administrativeArea>
                <postalCode>V6T 1Z4</postalCode>
                <country>CANADA</country>
            </address>
            <phone>604-827-5773</phone>
            <electronicMailAddress>daniel.mosquin@ubc.ca</electronicMailAddress>
        </creator>
        <metadataProvider>
            <individualName>
                <givenName>Daniel</givenName>
                <surName>Mosquin</surName>
            </individualName>
            <organizationName>University of British Columbia Botanical Garden</organizationName>
            <positionName>Research Manager</positionName>
            <address>
                <deliveryPoint>6804 SW Marine Drive</deliveryPoint>
                <city>Vancouver</city>
                <administrativeArea>British Columbia</administrativeArea>
                <postalCode>V6T 1Z4</postalCode>
                <country>CANADA</country>
            </address>
            <phone>604-827-5773</phone>
            <electronicMailAddress>daniel.mosquin@ubc.ca</electronicMailAddress>
        </metadataProvider>
        <associatedParty>
            <individualName>
                <givenName>Eric</givenName>
                <surName>La Fountaine</surName>
            </individualName>
            <organizationName>University of British Columbia Botanical Garden</organizationName>
            <positionName>Accessions Technician</positionName>
            <address>
                <deliveryPoint>6804 SW Marine Drive</deliveryPoint>
                <city>Vancouver</city>
                <administrativeArea>British Columbia</administrativeArea>
                <postalCode>V6T 1Z4</postalCode>
                <country>CANADA</country>
            </address>
            <phone>604-822-0969</phone>
            <electronicMailAddress>eric.lafountaine@ubc.ca</electronicMailAddress>
            <role>CUSTODIAN_STEWARD</role>
        </associatedParty>
        <associatedParty>
            <individualName>
                <givenName>Sean</givenName>
                <surName>Graham</surName>
            </individualName>
            <organizationName>University of British Columbia</organizationName>
            <positionName>Associated Professor</positionName>
            <address>
                <city>Vancouver</city>
                <administrativeArea>British Columbia</administrativeArea>
                <country>CANADA</country>
            </address>
            <electronicMailAddress>sean.graham@ubc.ca</electronicMailAddress>
            <role>PRINCIPAL_INVESTIGATOR</role>
        </associatedParty>
        <associatedParty>
            <organizationName>University of British Columbia</organizationName>
            <address>
                <city>Vancouver</city>
                <administrativeArea>British Columbia</administrativeArea>
                <country>CANADA</country>
            </address>
            <role>PUBLISHER</role>
        </associatedParty>
        <pubDate>
                2020-01-31
        </pubDate>
        <language>ENGLISH</language>
        <abstract>
            University of British Columbia Botanical Garden curates a collection of ca. 12 000 plants representing approximately 8000 taxa from temperate regions around the world. Temperate forest plants of British Columbia, eastern North America and Asia are curated in woodland gardens, while a classic alpine garden displays the diverse flora of high-altitude regions of the world. Other gardens include a Food Garden, a Physic (Medicinal) Garden, an Arbour, and a Perennial Borders Garden.
        </abstract>
        <keywordSet>
            <keyword>Occurrence</keyword>
            <keywordThesaurus>GBIF Dataset Type Vocabulary: http://rs.gbif.org/vocabulary/gbif/dataset_type.xml</keywordThesaurus>
        </keywordSet>
        <keywordSet>
            <keyword>Specimen</keyword>
            <keywordThesaurus>GBIF Dataset Subtype Vocabulary: http://rs.gbif.org/vocabulary/gbif/dataset_subtype.xml</keywordThesaurus>
        </keywordSet>
        <keywordSet>
            <keyword>Canada</keyword>
            <keyword>Asia</keyword>
            <keyword>UBCBG</keyword>
            <keyword>University of British Columbia</keyword>
            <keyword>British Columbia</keyword>
            <keyword>Canadensys</keyword>
            <keyword>living collection</keyword>
            <keywordThesaurus>n/a</keywordThesaurus>
        </keywordSet>
        <intellectualRights>
            <para>To the extent possible under law, the publisher has waived all rights to these data and has dedicated them to the <ulink url="http://creativecommons.org/publicdomain/zero/1.0/legalcode"><citetitle>Public Domain (CC0 1.0)</citetitle></ulink>. Users may copy, modify, distribute and use the work, including for commercial purposes, without restriction.</para>
        </intellectualRights>
        <licensed>
            <licenseName>Creative Commons Zero v1.0 Universal</licenseName>
            <url>https://spdx.org/licenses/CC0-1.0.html</url>
            <identifier>CC0-1.0</identifier>
        </licensed>
        <distribution scope="document">
            <online>
                <url function="information">http://www.botanicalgarden.ubc.ca/</url>
            </online>
        </distribution>
        <distribution scope="document">
            <online>
                <url function="download">https://data.canadensys.net/ipt/archive.do?r=ubcbg-specimens</url>
            </online>
        </distribution>
        <coverage>
            <geographicCoverage>
                <geographicDescription>Taxa present in the Garden are from temperate regions around the world, but the living collections are all grown on the University of British Columbia Point Grey campus.</geographicDescription>
                <boundingCoordinates>
                    <westBoundingCoordinate>-123.27</westBoundingCoordinate>
                    <eastBoundingCoordinate>-123.24</eastBoundingCoordinate>
                    <northBoundingCoordinate>49.27</northBoundingCoordinate>
                    <southBoundingCoordinate>49.24</southBoundingCoordinate>
                </boundingCoordinates>
            </geographicCoverage>
            <taxonomicCoverage>
                <generalTaxonomicCoverage>The dataset includes all accessioned vascular plants (seeded and non-seeded) planted within the University of British Columbia Botanical Garden.</generalTaxonomicCoverage>
                <taxonomicClassification>
                    <taxonRankName>Kingdom</taxonRankName>
                    <taxonRankValue>Plantae</taxonRankValue>
                    <commonName>Plants</commonName>
                </taxonomicClassification>
            </taxonomicCoverage>
        </coverage>
        <maintenance>
            <description>
                <para></para>
            </description>
            <maintenanceUpdateFrequency>unkown</maintenanceUpdateFrequency>
        </maintenance>
        <contact>
            <individualName>
                <givenName>Douglas</givenName>
                <surName>Justice</surName>
            </individualName>
            <organizationName>University of British Columbia Botanical Garden</organizationName>
            <positionName>Curator of Collections</positionName>
            <address>
                <deliveryPoint>6804 SW Marine Drive</deliveryPoint>
                <city>Vancouver</city>
                <administrativeArea>British Columbia</administrativeArea>
                <postalCode>V6T 1Z4</postalCode>
                <country>CANADA</country>
            </address>
            <phone>604-690-4405</phone>
            <electronicMailAddress>douglas.justice@ubc.ca</electronicMailAddress>
        </contact>

            <project >
                <title>University of British Columbia Botanical Garden</title>
                <personnel>
                    <individualName>
                    <givenName>Douglas</givenName>
                    <surName>Justice</surName>
                    </individualName>
                    <role>CURATOR</role>
                </personnel>
                <abstract>
                    <para></para>
                </abstract>
                <funding>
                    <para>Canadian Foundation for Innovation; ongoing internally-funded by University of British Columbia</para>
                </funding>
            </project>
    </dataset>

    <additionalMetadata>
        <metadata>
            <gbif>
                <dateStamp>2024-11-04T13:58:24Z</dateStamp>
                <citation identifier="doi:10.5886/f6tdd5ap">Mosquin D (2020). University of British Columbia Botanical Garden Collections (UBCBG). Version 3.3. University of British Columbia. Occurrence dataset https://doi.org/10.5886/f6tdd5ap accessed via GBIF.org on 2024-11-04.</citation>
                <physical>
                    <objectName>Canadensys explorer</objectName>
                    <characterEncoding>UTF-8</characterEncoding>
                    <dataFormat>
                        <externallyDefinedFormat>
                            <formatName>HTML</formatName>
                        </externallyDefinedFormat>
                    </dataFormat>
                    <distribution>
                        <online>
                            <url function="download">http://data.canadensys.net/explorer/d/ubcbg-specimens</url>
                        </online>
                    </distribution>
                </physical>
                <physical>
                    <objectName>GBIF data portal</objectName>
                    <characterEncoding>UTF-8</characterEncoding>
                    <dataFormat>
                        <externallyDefinedFormat>
                            <formatName>HTML</formatName>
                        </externallyDefinedFormat>
                    </dataFormat>
                    <distribution>
                        <online>
                            <url function="download">http://www.gbif.org/dataset/c5da77b7-7423-49a4-a379-f423ea0f07b8</url>
                        </online>
                    </distribution>
                </physical>
                <collection>
                    <parentCollectionIdentifier>UBC</parentCollectionIdentifier>
                    <collectionIdentifier>UBCBG</collectionIdentifier>
                    <collectionName>University of British Columbia Botanical Garden Collections</collectionName>
                </collection>
                <formationPeriod>1950s-present</formationPeriod>
                <specimenPreservationMethod>NO_TREATMENT</specimenPreservationMethod>
                <jgtiCuratorialUnit>
                    <jgtiUnitType>living taxa</jgtiUnitType>
                    <jgtiUnits uncertaintyMeasure="1,000">8,000</jgtiUnits>
                </jgtiCuratorialUnit>
            </gbif>
        </metadata>
    </additionalMetadata>
    </eml:eml>
