<?xml version="1.0" encoding="utf-8"?>
<eml:eml xmlns:eml="https://eml.ecoinformatics.org/eml-2.2.0" xmlns:xsi="http://www.w3.org/2001/XMLSchema-instance"
         xsi:schemaLocation="https://eml.ecoinformatics.org/eml-2.2.0 https://rs.gbif.org/schema/eml-gbif-profile/1.3/eml.xsd"
packageId="e053ff53-c156-4e2e-b9b5-4462e9625424"  system="http://gbif.org" scope="system"
xml:lang="en">
    <dataset>
        <alternateIdentifier>10.15468/rxbp4w</alternateIdentifier>
        <alternateIdentifier>e053ff53-c156-4e2e-b9b5-4462e9625424</alternateIdentifier>
        <alternateIdentifier>http://ipt.mobot.org:8080/ipt/resource?r=tropicosspecimensnonmo</alternateIdentifier>
        <title>Tropicos Specimens Non-MO</title>
        <creator>
            <individualName>
                <givenName>Jordan</givenName>
                <surName>Teisher</surName>
            </individualName>
            <organizationName>Missouri Botanical Garden</organizationName>
            <positionName>Curator and Director of the Herbarium</positionName>
            <electronicMailAddress>jteisher@mobot.org</electronicMailAddress>
        </creator>
        <metadataProvider>
            <individualName>
                <givenName>Heather</givenName>
                <surName>Stimmel</surName>
            </individualName>
            <organizationName>Missouri Botanical Garden</organizationName>
            <positionName>Programmer Analyst</positionName>
            <electronicMailAddress>heather.stimmel@mobot.org</electronicMailAddress>
        </metadataProvider>
        <associatedParty>
            <individualName>
                <givenName>Heather</givenName>
                <surName>Stimmel</surName>
            </individualName>
            <electronicMailAddress>heather.stimmel@mobot.org</electronicMailAddress>
            <role>USER</role>
        </associatedParty>
        <pubDate>
                2024-11-01
        </pubDate>
        <language>ENGLISH</language>
        <abstract>
            <para>The Missouri Botanical Garden’s Herbarium is one of the world’s outstanding research resources for specimens and information on bryophytes and vascular plants. The collection is limited to these two major groups of plants. As of 31 December 2020 the herbarium collection had 6.93 million mounted specimens (6.33 million vascular plants and 598,000 bryophytes). This specimen dataset includes over 4.7 million records (4.3 million vascular plants and 380,000 bryophytes).</para>
        </abstract>
        <keywordSet>
            <keyword>Occurrence</keyword>
            <keywordThesaurus>GBIF Dataset Type Vocabulary: http://rs.gbif.org/vocabulary/gbif/dataset_type.xml</keywordThesaurus>
        </keywordSet>
        <keywordSet>
            <keyword>Specimen</keyword>
            <keywordThesaurus>GBIF Dataset Subtype Vocabulary: http://rs.gbif.org/vocabulary/gbif/dataset_subtype.xml</keywordThesaurus>
        </keywordSet>
        <intellectualRights>
            <para>This work is licensed under a <ulink url="http://creativecommons.org/licenses/by/4.0/legalcode"><citetitle>Creative Commons Attribution (CC-BY) 4.0 License</citetitle></ulink>.</para>
        </intellectualRights>
        <licensed>
            <licenseName>Creative Commons Attribution 4.0 International</licenseName>
            <url>https://spdx.org/licenses/CC-BY-4.0.html</url>
            <identifier>CC-BY-4.0</identifier>
        </licensed>
        <distribution scope="document">
            <online>
                <url function="download">http://ipt.mobot.org:8080/ipt/archive.do?r=tropicosspecimensnonmo</url>
            </online>
        </distribution>
        <maintenance>
            <description>
                <para></para>
            </description>
            <maintenanceUpdateFrequency>unkown</maintenanceUpdateFrequency>
        </maintenance>
        <contact>
            <individualName>
                <givenName>Jordan</givenName>
                <surName>Teisher</surName>
            </individualName>
            <organizationName>Missouri Botanical Garden</organizationName>
            <positionName>Curator and Director of the Herbarium</positionName>
            <electronicMailAddress>jteisher@mobot.org</electronicMailAddress>
        </contact>

    </dataset>

    <additionalMetadata>
        <metadata>
            <gbif>
                <dateStamp>2024-11-04T13:58:32Z</dateStamp>
                <citation>Teisher J, Stimmel H (2024). Tropicos Specimens Non-MO. Version 1.73. Missouri Botanical Garden. Occurrence dataset https://doi.org/10.15468/rxbp4w accessed via GBIF.org on 2024-11-04.</citation>
            </gbif>
        </metadata>
    </additionalMetadata>
    </eml:eml>
