<?xml version="1.0" encoding="utf-8"?>
<eml:eml xmlns:eml="https://eml.ecoinformatics.org/eml-2.2.0" xmlns:xsi="http://www.w3.org/2001/XMLSchema-instance"
         xsi:schemaLocation="https://eml.ecoinformatics.org/eml-2.2.0 https://rs.gbif.org/schema/eml-gbif-profile/1.3/eml.xsd"
packageId="edc4ab0b-1ad7-4e53-a741-4423d0196a06"  system="http://gbif.org" scope="system"
xml:lang="en">
    <dataset>
        <alternateIdentifier>10.15468/wta4zv</alternateIdentifier>
        <alternateIdentifier>https://biorepo.neonscience.org/portal/collections/misc/collprofiles.php?collid=40</alternateIdentifier>
        <title>NEON Biorepository Terrestrial Plant Collection (Leaf Tissue)</title>
        <creator>
            <organizationName>NEON Biorepository Data Portal</organizationName>
            <electronicMailAddress>biorepo@asu.edu</electronicMailAddress>
            <onlineUrl>https://biorepo.neonscience.org/portal/index.php</onlineUrl>
        </creator>
        <metadataProvider>
            <organizationName>NEON Biorepository Data Portal</organizationName>
            <electronicMailAddress>biorepo@asu.edu</electronicMailAddress>
            <onlineUrl>https://biorepo.neonscience.org/portal/index.php</onlineUrl>
        </metadataProvider>
        <associatedParty>
            <individualName>
                <surName>NEON Biorepository</surName>
            </individualName>
            <electronicMailAddress>biorepo@asu.edu</electronicMailAddress>
            <role>CONTENT_PROVIDER</role>
        </associatedParty>
        <associatedParty>
            <individualName>
                <givenName>Azhar</givenName>
                <surName>Husain</surName>
            </individualName>
            <positionName>Collection Manager</positionName>
            <electronicMailAddress>azhar.husain@asu.edu</electronicMailAddress>
            <role>CONTENT_PROVIDER</role>
        </associatedParty>
        <pubDate>
                2024-10-22
        </pubDate>
        <language>ENGLISH</language>
        <abstract>
            <para>This collection contains plant tissue collected from select plant species during plant diversity sampling (NEON sample class: div_geneticarchive_in.geneticSampleID). Plant species diversity is measured once or twice annually in the field. The plot-based method yields plant species data at multiple scales that provide an understanding of changes in composition, distribution, and abundance of native and non-native plant species. A subset of observed plant species is collected and archived. Leaf tissue is also collected and curated for analysis of plant genetic diversity over space and time. Leaf tissue collected in the field is immediately placed in coin envelopes, then into resealable plastic bags filled with desiccant to begin the air-drying process. Once dry, leaf tissue is shipped to the NEON Biorepository where it is archived in its original coin envelope at -80 degrees Celsius or transferred to a cryo-safe vial for archival in liquid nitrogen. See related links below for protocols and NEON related data products.&amp;nbsp;
</para>
        </abstract>
        <intellectualRights>
            <para>To the extent possible under law, the publisher has waived all rights to these data and has dedicated them to the <ulink url="http://creativecommons.org/publicdomain/zero/1.0/legalcode"><citetitle>Public Domain (CC0 1.0)</citetitle></ulink>. Users may copy, modify, distribute and use the work, including for commercial purposes, without restriction.</para>
        </intellectualRights>
        <licensed>
            <licenseName>Creative Commons Zero v1.0 Universal</licenseName>
            <url>https://spdx.org/licenses/CC0-1.0.html</url>
            <identifier>CC0-1.0</identifier>
        </licensed>
        <distribution scope="document">
            <online>
                <url function="download">https://biorepo.neonscience.org/portal/content/dwca/NEON-TPLC-LT_DwC-A.zip</url>
            </online>
        </distribution>
        <contact>
            <organizationName>NEON Biorepository Terrestrial Plant Collection (Leaf Tissue)</organizationName>
            <electronicMailAddress>biorepo@asu.edu</electronicMailAddress>
            <onlineUrl>https://data.neonscience.org/data-products/DP1.10058.001</onlineUrl>
        </contact>

    </dataset>

    <additionalMetadata>
        <metadata>
            <gbif>
                <dateStamp>2024-11-04T13:58:28Z</dateStamp>
                <citation>National Ecological Observatory Network (2024). NEON Biorepository Terrestrial Plant Collection (Leaf Tissue). Occurrence dataset https://doi.org/10.15468/wta4zv accessed via GBIF.org on 2024-11-04.</citation>
            </gbif>
        </metadata>
    </additionalMetadata>
    </eml:eml>
